{"type":"FeatureCollection","features":[{"type":"Feature","id":"410505","properties":{"name":"殷都区","cp":[114.300098,36.108974],"childNum":1},"geometry":{"type":"Polygon","coordinates":["@@AIAE@GAC@C@GDU@CDMBG@@@@@@BEBE@G@M@E@W@GK@KACB@B@@@@@@BNAFIBE@@@@@IBMACA@@@@C@@EBQA@E@@@@@C@@PABE@M@EBABAFA@A@ACA@A@ODACCCEBBDC@A@@AAAE@C@E@@FABS@CA@EC@AA@EAEMDABDNED@DAX@@DDDB@@DN@BD@@N@BBBF@BFLAD@DB@FHABDF@BL@JLLBBNAHBD@D@@ABAD@FDADDD@DBDPEFAB@@@PA@@@@FA@D@NPAH@@BF@@C@@P@BA@EFB"],"encodeOffsets":[[117080,37041]]}},{"type":"Feature","id":"410506","properties":{"name":"龙安区","cp":[114.323522,36.095568],"childNum":1},"geometry":{"type":"Polygon","coordinates":["@@@E@A@A@CDO@G@C@I@W@E@ABCFIHMFMFK@A@A@GACAE@A@CAK@C@G@A@E@ECeAK@@@@@I@IEAEBIDIFADAFCDEBCAKAI@E@CDC@AACCA@A@A@ABABCBG@GBE@E@C@CAA@A@G@GCG@KAQDKDIHMLID@@@@A@GDKJCFAXADEDMDMDA@KDIDELERCHCFGHIDOBAB@@@@AB@@@@CBQHK@@@@@ABA@@BA@ABABAB@@EBCB@@@@@B@@AB@B@@AB@B@@BDBB@@@BHFC@AACAADBDA@A@@B@BADCAG@BBDBABC@@@BDMB@B@BJBBA@FDBHB@BABBB@DCF@DB@@AD@@@@BD@BEFEJBD@DBB@P@DBB@BBDABACA@AJGD@DC@BDFDDDEB@V@BABBBB@BB@DC@ABCB@DCFGHCF@DDD@BDB@@DB@AFDFD@BAB@HAB@FB@B@DBDD@BAHHNCBF@FBBD@@FDBT@BA@EF@D@F@BB@BB@D@ACFADDBDPCB@B@BDB@B@BEBAFAN@F@BA@OD@@@@@F@B@AR@FD@@@@@DBNBJA@@@@F@JABEAM@@@@@@@ADALBL@"],"encodeOffsets":[[117084,36961]]}},{"type":"Feature","id":"410503","properties":{"name":"北关区","cp":[114.352646,36.10978],"childNum":1},"geometry":{"type":"Polygon","coordinates":["@@EIA@CDFP@FABCBMB@A@@ES@@A@@@@@@@A@@@@A@U@@@C@@@ABG@@A@@@C@A@E@@@@@@@@@@@@@@M@@X@F@N@HAFAF@@@@@@AHCN@DCV@H@DBD@HBFBJ@FXA@A@GB@@D@BH@@@BAAKH@@DD@@B@@@@@B@@@@BBL@L@NAB@F@H@NBBBP@@B@FD@B@BCJ@FCF@CUEcB@BABBHFDBB@D@HGAMEG@C@ABABCBG@@B@BAJ@B@BA@CAA@E@AB@BA@@D@DBBA@AACACAECECG"],"encodeOffsets":[[117180,36965]]}},{"type":"Feature","id":"410502","properties":{"name":"文峰区","cp":[114.352562,36.098101],"childNum":1},"geometry":{"type":"Polygon","coordinates":["@@N@@@@@@@@@@@@@@@@F@B@D@@@BH@BA@@D@@@V@B@@@@@@B@@@@@@@BT@@FB@@NADABA@EEODCB@FJGSDK@A@EFAH@@@@@DAHAB@@@PCDABC@@BACECA@ANCEGLCHCLEPIFAPMHEFAFADAB@HAJ@BBBBB@F@B@DAFCHCBC@ABE@O@CBABQAGAEAA@ECAEGOAOAKDKBS@Q@M@SCKCIIEAI@GBI@KAIASIWCUDIB@@@@ODGAGAECUOIIE@@@@J@J@@@@BLDf@F@F@B@H@DBL@D@BBFBD@H@B@BELENGNEJAD@B@F@X@J@D@HCP@D@B@B@F@H"],"encodeOffsets":[[117084,36965]]}},{"type":"Feature","id":"410522","properties":{"name":"安阳县","cp":[114.130207,36.130585],"childNum":1},"geometry":{"type":"Polygon","coordinates":["@@BABABA@A@@BA@@DABAB@@@@@BA@@D@@@BBDB@@BB@BBDAD@D@@BBB@FB@BB@D@B@B@B@BADAB@BABABCBC@A@A@A@A@C@A@AACACCCAAAAAA@A@A@A@A@CB@@@B@@@@BB@@B@@F@J@DBD@@AD@BAB@B@BBDDDB@BB@D@D@BA@@BABA@CBC@E@AB@BA@@@@@@BA@@@@A@@A@@A@@@AA@AAA@@@@@@AA@@@@A@@@@B@@A@@@A@@@@@@@AA@@@@A@@A@@@@A@@@A@@@@AA@@@@@A@@A@@A@B@@A@@@@B@@@@AB@@A@@@AA@@@@A@@@@A@A@@@A@@@A@A@@@A@A@A@@@A@CA@@A@@@@@B@@A@@B@@@@A@@B@@@B@@@BB@@@@B@@@@A@@@@BA@@@A@@@@AA@@@A@@AA@@@@DA@A@@@@@A@@@@@BB@@AB@@@@@B@@BB@@@@A@@BABA@@@@HE@AB@@A@@DA@AB@@@@@@A@A@@@A@@@@@AB@@@@AB@@@A@@A@@@@@@B@@@@@@A@@@@@@@A@@@@@@@@@AB@@@@@@@NGHAB@@@D@B@B@B@B@B@@@BA@@B@AA@@@@BAB@@B@@B@@@B@B@@@@B@BBB@@@@B@@AB@B@@BB@@@@@@B@@@@@BBB@@A@@BB@@@@@B@@@@@@BBAD@B@@AB@@@@AD@B@@@B@B@B@D@@@BA@@B@B@@@@A@A@@@B@@@BB@B@B@DABBB@@@D@@@B@@@@BB@BABA@@@@B@@@B@@@@B@@@@B@B@@@@@@@AB@@@B@B@@BABAB@B@B@@@@@@BA@A@@@@B@@BA@@@B@@AB@@@B@@B@BA@@BB@@@@AB@@@@@@@BB@BA@@B@@@@@AD@@@@B@@@BA@CB@BA@@B@@@@@ABB@@@@@@@@@@@BB@@@A@@BB@@B@B@@A@@@BB@@A@@@@@AB@@@B@@A@AB@DAB@BA@@@A@@@@B@@@@@@@@A@@@A@@BB@@@BB@@AFA@@@@@@BA@@@@@A@@BA@@BB@@@@BAB@@@@@@@DAB@B@B@@@@@@@@A@A@@@@@@BDBFB@@A@@BB@@B@@@AC@A@@B@BBB@DAD@BADA@A@A@AAE@ACA@A@@A@@@@@@AA@@@@@B@@@@@@A@@@@B@@@@@AC@@BA@@AA@AB@@AAAAA@@@@A@@A@@@BA@@A@AAA@@B@@@@BB@@@@@@@AA@@B@@@B@@@@@@B@@@B@BB@B@@A@@A@@@@@@@BA@@@@@AB@@@@@@@B@B@BB@A@@AAD@@@@@@@BB@@@@B@@@@@B@B@@@@BBBBB@@@@@@@BB@@@@@@B@@B@B@@AB@@@B@D@D@B@@@B@BAB@B@@@@A@@B@BAB@@BB@B@@@@@@BB@@B@BBBBB@BBD@BA@@@@DAB@B@BDF@@@@B@@@DF@D@@ABDJ@@B@D@D@BCF@B@B@@@B@@@D@AABCBCJGDCFKBCDAD@B@DB@@DBFDFD@BBBBD@BBBDBB@DAD@HCFCDA@ABAHCTCNE@CBAF@JA@@BBB@D@H@F@@@@BA@@B@@@BB@@BB@BBB@B@BBFADAD@BABAB@H@@FBF@DL@TA@ED@@A@A@IB@BAFA@AD@@CB@@GB@@E@@@GFAHCBD@BHA@GB@NAB@DANANALDVBHMBMHI\\EXATBPCLEHIHKLKNIRETA\\@dGROFG@@DAFAAADA@@DABB@@@CB@@DH@LA@EH@@EHA@CF@@AF@@@JA@G@@@E@@@AB@@AF@@A@@@@B@@A@@@@@@@AC@@@A@@CA@A@CBAKAADAB@FCBBDBBABDJA@DB@@BF@@B@@BA@ADA@BB@@@B@@A@@BF@@@DDB@CBB@DH@@CJ@@EFABDHA@BF@@D@BLB@DB@@B@@@HFB@BB@@@N@@DLA@BB@@BR@\\A@CH@@DTABJBFJ@BFH@AEJ@JA@AD@AEPABB@FF@@FDB@BH@BB@@BBFJNA@CDA@@HAB@ACDA@AD@ACDACC@AD@AAB@AAJABA@ALAAEFAAKB@AKA@CIE@CECOAAIBC@AA@EGBAA@C@AD@AI@AFAHAD@@GAE@GAEI@A@@@KMKQISESCO@@@@ACCAA@CEA@BCB@BACGE@C@CI@AEYAABGBABAG@A@C@EBEBSF@@A@@BKBAAG@ABABA@ACAC@@A@@CA@BDA@ACGD@AGB@@D@BDBH@@CBBFQBAICCDAAACG@CA@KB@@AB@HDLC@CAG@AG@AA@CBA@BJG@BKAGCAKEMEEAGBCBIFE@IFC@O@I@G@GAEAIAG@G@U@KBK@AA@FBBBFBHARAB@D@PAF@BADGDEDCBA@E@A@AAAAI@GBA@CBEBEBGFONEBOJKFGDKDFHMD@BDBDFAB@@ADCBOD@@A@GBCB@@@@G@EB@F@BCLHTDHDFBFBDBD@BABCAC@@@ABA@@B@FBB@DABA@I@ABA@@@AHADAB@B@DFHBNGHC@A@CAGEAAABA@FdDVE@EDI@ADA@C@@E@AO@AAMAG@E@A@MBK@K@AA@@@@@A@@@@@AC@@CG@BLAB@@G@@A@CA@@H@BWB@EEA@FABO@@@@DE@@AG@OB@M@CEB@@@@OB@@A@EBOFAC@CCCBCECC@AB@BC@C@GAMBAAKK@IAKE@ACGB@ECAC@KBAEE@AA@A@MC@@ACM@@CACC@@BW@CFCCMBAGGABC@AC@C@AEAA@GBA@ABC@CEBEA@@CA@ACC@CCE@GDEHCDA@AD@BCDA@@AAAAAABU@A@CFCCCE@ACDC@IH@BDBABCBAAA@CAO@A@CAC@IAEFAFC@@A@@C@@BA@@CDE@CAABA@AGACA@EABIA@A@ANAAC@@D@BACAAAH@DBBC@A@AB@B@ACBCDBBBD@GE@A@@AAAC@@@ABA@@@ABA@@@A@@@@DAFA@@BABABAB@@AB@BA@@@@L@RGDA@@@@BA@@@@BAUMMIMG[ICAIIGG@E@EAGMW@EBCBAFEBC@CAAGAGAEBE@C@AACECCCAC@ABABEBGACCACCIAEA@C@CBYJMDE@K@I@ONEDAB@@GFCBCBIFABAAA@@D@F@F@BCB@B@@AB@BHDB@@BB@B@B@BDABDBD@BFGLCFA@@B@DBB@@@B@@ADABEHC@@BB@BF@BC@KEI@@BFBBJDHFDH@@B@BE@A@@DDF@FEB@@EDAHCJ@DD@FDFBFHBDBBB@B@@B@@B@JBLHABIDBHFLVN@DCFADAFEBBAE@MFCDADAFA@A@CAEBOFOHOPKNDJHNPRHJFVHV@VBNCR@XERCLELKNGP@DBBBDGHEL@H@BJGDEF@@@AD@F@B@B@BBB@@@B@BB@@BNINBJL@H@DGPGD]BIH@BCBABCBCBA@EBEBA@EDA@ABCBEBCBC@C@A@C@A@A@AB@B@@EH@@@BA@@B@B@@@BB@HDB@D@B@FAFA@@B@@@B@D@BAB@D@@@BB@BBB@B@B@B@@B@@BBB@@@B@@@BC@CBC@C@A@A@A@A@A@@BA@AB@BAB@BBD@BBBBBD@BBBBB@@@B@@@D@B@@@B@BAFCDABABCBCBCBABC@A@@@A@CA@@A@@BA@@DCDA@@DCBABCBABC@ABA@A@EBCBA@ABAB@DAFAD@DAB@@BB@@B@B@BA@AB@BAB@BAB@DBDBDBBDBD@D@B@@@B@@BB@@B@B@BAB@@ABE@A@A@A@@BA@@B@B@B@BBD@@@B@@CBABA@A@A@AA@@@AAAA@A@@@C@A@A@A@@BAB@BADAD@DAD@B@DBB@@BBB@D@D@FAJEFADADCDA"],"encodeOffsets":[[116736,37223]]}},{"type":"Feature","id":"410526","properties":{"name":"滑县","cp":[114.524,35.574628],"childNum":1},"geometry":{"type":"Polygon","coordinates":["@@AEAECEKKCEAC@EBAFCHGBAAE@E@EBGBCBADAFCLGPIJCIFCFABEFGDQBK@SBEBGBEBS@K@GAKAIACCAGAMCKEGECCACAC@@@@@AAG@E@ADADAJAH@HDL@JBF@D@@AB@@A@@@AAACEAKAE@G@IEKEIBEBCLELAHAFCBG@EDKBMGEKKIGGEEKIGGGGIMFIB@@@@@@MBM@UDMBKDIBOAOCEAG@E@G@E@GBG@A@CCA@EAAAECCAACEEAAAAAA@@AAGCCCICAAA@AA@@AACAECAAAA@@A@AAA@CA@AA@@A@A@A@@@C@A@@@A@@AC@@CACA@@E@CAC@C@E@A@A@CAC@C@C@E@E@C@A@CBA@CBA@A@A@C@G@@@CAECAAA@E@EBA@EBA@GBE@I@A@C@A@C@A@@AM@A@@@C@CAA@AAG@CAG@C@AA@AA@@AAA@ABA@A@@BABAB@BC@A@C@A@A@AAC@CA@@C@AAA@G@A@A@EAA@A@@CCAEA@CCCCAA@@AACAEACAA@Q@@@E@C@A@C@C@EBG@AB@@ABC@CBA@EBA@ABG@E@E@ABC@A@C@A@CAA@CAGCE@A@A@CAEAAAA@CAAAA@AAAAA@A@AA@AOCA@AAA@EACAC@EAA@CAE@EAA@EACA@@AAEEAA@@ACCCCA@AAAACA@AC@C@@@CAAAC@C@AAA@AAA@@AC@ACCECEAKEA@AAA@CAC@AAA@A@C@A@A@EACCCAC@AACAA@@AAA@@CAAAAA@@AAA@AA@@AACEAA@A@AAEAC@A@@@AAAA@A@@BABC@ABCBABABCBEBA@ABC@EBC@ABG@KCC@A@AAA@AACACEAAAAAABAC@AAC@A@ABA@CBAD@@@B@DBDBB@B@D@@AB@B@BADA@G@@BA@C@A@A@ABA@@BABAB@BA@C@C@GAC@EAE@AAA@EC@@@AACA@@A@@ABCBAB@F@@BB@BDBB@FBDABDBBBB@DDBDB@@BB@DABA@ADC@A@K@A@@B@BB@AD@B@BAB@BA@@BAB@@@F@@AD@DBB@BDDBD@@DBB@BBB@BBB@B@DBB@DD@@@B@B@D@@AB@B@@CD@BABAFABCB@@CBCB@@ABAB@DBBBD@@D@DBD@B@DABAB@B@@@DDBBBBBDB@BFDD@@BB@B@F@BAB@BABCBABC@ABC@CBA@AB@D@@@BBB@BABA@AB@BBBBBD@DABAB@DBBDBBB@@BH@B@HBBBB@BBBB@@BB@B@BAD@B@@DHABCDCFGFGDGDCD@D@DBHBFBDFBFFFFBF@J@DCDAFCN@HAD@BA@A@@B@B@B@D@FABA@CBGFABAHAB@DBBBDDFFHPLLHBB@@@@FFBF@R@DAD@BAFABABOJGJIJAFENOREJ@B@DBBBHDHFJHDFBHDHFFFDFBDHFJDHBNH\\NjNLFDDDF@DADEH@BBF@@DBD@FAP@D@@BB@@B@D@F@DCDEFADBD@DDHFBD@ZCPCFAFAJBJ@FCB@BBLXBBD@D@DADAB@B@BBH@LDB@D@F@DBDFJHLJ^FNDFDBHBJBDDDDBXDVFF@D@DALCFAH@F@DBDBDBBHDF@DBL@FBBDFBDBBDBDBBD@BBBDDFBFBJ@F@@@BBBBBFBBFBHBH@F@BBFBD@FIJKFGFCXKBAFBFADBHBDBH@DBD@D@DBD@@BF@D@B@BAB@@ABAB@D@H@B@B@B@D@D@B@B@J@B@B@JBD@J@B@BABA@A@@@A@AAC@A@AAC@E@ABCBABAD@B@J@DBD@D@D@DABAFCDADABAJ@R@PBDABALIFC"],"encodeOffsets":[[117645,36502]]}},{"type":"Feature","id":"410527","properties":{"name":"内黄县","cp":[114.904582,35.953702],"childNum":1},"geometry":{"type":"Polygon","coordinates":["@@B@FCJCDANEJCNCJAJ@JAJCBAVGBA@AD@@CAIE@@CEG@AE@AEB@AGDAAG@A@@D@D@BBBFBACC@A@@B@@BDDB@ACBCHE@C@ACGCE@C@ADCFKBE@I@ECCCECICEAC@C@A@A@A@AEOEICI@EBCBCFKBE@E@EEIEKAGAE@G@CCCCEEGAG@GACEEGCGEEAG@EAA@E@CCAAAC@E@ABE@EAQ@ABAB@J@FAFADEBA@CAKCKCQQQ[UAAAGACAAGBA@AGACCAGAM@GAGGCG@EBU@GFEFGPGJKHMFKBA@C@ACCCCAA@EBCHIFE@A@QBQ@IAAAAAAE@EACCACAA@G@A@AA@AAGAC@EAE@E@CAA@EDKJABCBOAQ@I@ABCBCBEDABCBC@C@C@CAI@A@C@ABABAD@B@FBD@B@BBD@B@B@@@BABABA@I@C@IAA@A@I@A@A@C@C@A@A@A@G@C@A@AB@BA@ABA@C@E@@AC@CAC@C@CAG@CAGACAEBEAABWLEDEHILEJHHJNL^LRHLBHBX@F@HCF@@@@@@CBCB@@@@E@CD@@@@GDKH@@@@@@IFKBCDGDIJCDC@G@O@MCSEGAC@EBCDIHIFEBI@MBOBQFKHGFEFABAHCF@BBBBD@BAD@@ABGBOBC@AB@DADCJKL@BBDBBFBNBPDDBB@@B@@ABC@C@OEA@A@@B@B@BBDD@D@F@B@@@BB@D@B@BB@L@B@@@HBD@F@B@BD@@@B@D@B@@@F@BBBB@@BDB@BBB@H@BBB@BBBBBB@BBD@FBB@B@BBBB@BBD@@@D@BAB@B@B@B@BBBDDBBFBBBDBB@DBBB@@BB@BB@@BBFBF@B@B@F@B@D@BBBD@BBHBBBB@@B@FBD@D@D@BBBBFB@H@BBB@BB@B@F@B@BBBDBB@DD@@BB@B@F@B@F@B@@BB@BBBBFBBBBDD@@DBDBBBB@BBBDB@BB@BDB@BFDDF@@@BBB@BA@@B@BABCBABABAHBBFZ@BDJD@F@DHABA@ADB@DFB@DBBD@@@@DPFTJTLRLN@@B@J@BF@HBF@HC@GBEB@BBJC@@B@DBBHA@FBBD@JABBDPDFF@DJB@BLLABHL@BJH@@@J@@AH@ACJA@DL@@DB@@BBA@CFAAAF@B@@CB@@@J@JC@AJABDDA@FF@BFD@DABDFA@AB@B@@DH@@AB@@A@AH@@@@@@AP@BRC@BBA@BJB@@DF@B@F@ABF@BDNA@@B@BFBA@@B@@IF@BB@BNA@BBA@@B@BBB@@CB@@@@@@@A@AEJAHBL@@BJA@@DA@@C@AICK@@EQB@A@B@AEB@DC@AB@BEDEJEHCDGDK@GI]G]EO@A@AB@@@DABAD@@@"],"encodeOffsets":[[117679,36914]]}},{"type":"Feature","id":"410523","properties":{"name":"汤阴县","cp":[114.362357,35.922349],"childNum":1},"geometry":{"type":"Polygon","coordinates":["@@DABA@A@AB@@AAA@A@@CEEC@ACA@AAAA@ACAAA@AACACA@@CCAAAAAEAA@AAA@@@A@E@A@E@AAA@@CCA@CAAA@A@A@E@AAAA@AAG@A@AEAA@A@C@CAC@E@AA@AAGAAAC@AA@A@C@A@E@A@AAEAE@AA@@AAA@@AACAA@CAAAEAAACCAA@A@A@A@ABA@A@C@@AC@AAAAAA@A@EAC@AAA@AAAA@AAA@A@GAA@ACA@AA@AA@A@E@@@A@C@A@@ACA@E@C@GA@@A@K@A@@A@A@CAA@@A@E@C@C@AC@A@A@AB@B@PFD@D@BA@@@AA@CAOCMAEAAAAC@AC@CAKECAC@EBA@@B@BDBBD@BABABE@AAEAGGGOCAAACAEBE@IDgHIBMBKBAAMAC@C@I@I@E@AACEAACCCAE@G@MBGBCACACGAGAAE@IAE@ABC@E@CBC@IAG@GBCBC@@@IAECGAU@WBG@EBE@KAQCGACCKIKGICQEG@EAMCG@GAC@CCEEKMMSGKCIACACACAA@@A@@BABAB@DCLCD@BABADMXELEXQdEJCFG\\@DBF@DJPFHFDDBBDBDAFBDBFDBFBZDNDJDHFDDBD@@@@@@@DABOJCDAD@B@BBH@DBDBBDD@BDHAFBD@BBBDBB@D@DBJBBBDBBDBD@B@D@BA@@B@BB@B@BBDBDBB@BDHHFH@F@BGDC@I@AAAAECC@AAA@AAAAACACAAA@C@A@AB@B@F@DBL@N@HAFDBD@F@F@HAH@DABABAB@B@B@DDBBD@DCF@J@LBDBFADCBEBCJEJCFAFB@@F@JJVPFDHBHBPC@@@@JAVCXDTJJBLBJ@HAJ@FBJJLDTDN@R@T@LALCPBPBFHDBBBL@LAV@H@H@JBFBHBH@J@P@D@JEF@JEDAHAFBNFLFDBBHALH@AIB@DAB@@BBHH@DBD@CK@GBA@@LAB@@DDHBBCBDDBJRAAEDA@@AGACC@@@HA@BHCBDB@ACB@@DB@@@BDBDB@BABAH@BBLA@AB@@@TEFAFAD@B@H@"],"encodeOffsets":[[117461,36859]]}},{"type":"Feature","id":"410581","properties":{"name":"林州市","cp":[113.823767,36.063403],"childNum":1},"geometry":{"type":"Polygon","coordinates":["@@FG@@@ABAB@B@D@B@D@D@DAFADABAB@FCB@FAFAB@DADABADA@AJG^AHCHO@C@GIKMAMJ@AA@@A@A@@AA@A@A@A@EBC@@E@CFIH@A@GFKHGACAA@CHOLMFKDKFQ@WDQAM@UGUEUGIOQGMCILMPOPGPEFADBB@B@BEBCDCNEF@ABFABEBCDE@CUMEKAGJCBAKGIAA@@@@AA@A@AAACEGEAECC@@CDIBGFC@@FA@ECE@CB@F@@A@AG@ECCGAIEA@AJ@LFD@@AAEA@@AD@FGBABC@@@A@@AA@C@AB@DEHKAEC@CABAACA@A@A@@AA@GC@ABA@@@ADA@A@E@E@CB@BBBAJEDADAHE@@BAFCPMCA@EBG@G@CAE@A@C@CBABCF@HCBA@A@ABK@AB@FCHADA@@B@BAB@@@BABABAFABCB@D@JCJCTKBCB@@AAAEEGGA@@C@Q@I@@@@@@@G@CAECKCAAAGBEAICGEIGGCKCaAC@ECEGAE@CDEDCHGDEFMBAFCHADABA@EACGIECEEEIAE@EBAD@FBLFHDB@D@DCHEDAF@HDLHJBFBF@FAHA@C@CEGCI@CAIAGCCEA@A@ABCDI@EAGCCGGMMAAC@K@CBC@AACCGIGGEAGCCAEGGECAY@AACAAEE_ICKCKGCCGEGCAACBC@EBE@A@ABADEFGHEBKDIBC@AACECK@CBACKCECAEAS@C@KEAAC@CBOJGBW@IAMEICOAgGYA]DUJETFTP^BZ@ZIVGF@@@@KFMR[`ILGNEJIRGJ@@@BABBDADADA@ABA@C@CA@@A@E@A@A@AB@@@BABCBABAAA@A@CC@@AAC@A@AAE@@@A@@AA@ABCB@BAB@B@BAB@@@BABBB@BBBBBBD@@@BABA@ABABC@EBC@IAE@@@C@U@S@W@MZKLABEHETFTFPFVFVLRA\\ATCLANENBNODCHAF@NBLJHLBXCPCVGNBPLBFBHINIHIJ\\FHHGJKBS@QDSJBPNNNF@BB@D@DBB@JDDF@D@DCBA@CBADBBDD@@@HAJIN@F@F@F@DABABCDC@C@CF@B@@D@F@@DAL@@ABAFA@CACBAFABABABGDED@BBBDBB@H@JBD@@C@AFAB@BBBB@BD@@@@A@CBAB@NBD@FAB@JBDBB@DD@BB@BEB@FFH@BD@D@@C@C@@@CB@BA@AAA@@BBDADADAB@BFFBBADMBABADA@CBG@IACAAAA@ADADAD@BBB@BABG@A@@B[FGFADEFA@@B@BDBB@BAH@FAD@BB@@@B@B@BB@HADAB@DBdHHBDBBB@BAB@BIHKJAB@B@@FBBBDF@@BADCBBB@BDB@HADAB@@BCBAH@FCDCHA@CBGBEBI@CACACCCCAAA@CB@BBBBD@FBDDDJBB@DBHBFDFDHFFDBDBD@JABADAD@D@FDHBB@@B@D@D@BB@B@DB@B@FBD@@BBD@FADCF@DCF@D@F@HANCFAB@BBBFHDBFBL@DBBJLNJNCNKTBN@N@BBHBH@@B@B@@@B@@A@AA@@A@@AA@@AA@@@A@@BA@@B@B@D@@AB@@@BAB@@@BB@@B@B@@BB@@BA@AD@B@B@B@BBB@@B@BBD@B@BBD@B@D@BAB@@@BA@ABA@@@AB@BC@ABABAB@@@BAB@B@BAB@D@B@@@B@B@@@B@BBBD@@BBBB@@B@@@B@@@BABA@A@@@@AC@@AAAA@@AA@A@@@A@@B@@@B@BAB@BBF@D@B@B@@@BAB@BAB@D@B@B@@AB@BABA@ABA@CB@@A@@@C@@@AB@@@B@B@@BB@B@@@B@@@@@B@@@BA@ABABABA@@BA@@DAB@D@D@D@DBB@D@B@BBB@B@B@B@BBB@B@B@FAB@FAF@DAHADAD@B@B@BBB@@@@B@BCBABA@ABC@@@ABA@@@@B@@AB@BA@@BBB@@@BAB@B@B@DBBBBBBD@B@DBF@DBD@D@B@D@BBB@B@B@D@D@B@B@@@FB@@B@@AD@DAB@B@@ABABE@ABC@@BAB@@ABAD@BA@@@@HEJSFQ@EFANBNDLDDD@N@@BBBB@D"],"encodeOffsets":[[116670,37205]]}}],"UTF8Encoding":true}