{"type":"FeatureCollection","features":[{"type":"Feature","id":"410402","properties":{"name":"新华区","cp":[113.229061,33.767579],"childNum":1},"geometry":{"type":"Polygon","coordinates":["@@@GBC@EFKBE@C@ABCHCBCBCBAB@F@R@B@BAAC@AAAAAAE@CAC@YE@@@@@A@@@@@Q@S@MHC@A@EAC@EDABBB@DABEJCDCDCFABBDADA@A@AAC@EBCAEAIECACBSLCBC@CAACBATMDABE@OBCDCBC@I@CDAF@B@FZBBB@FABC@CCCAI@ABCBCAEISCCC@CAC@EA@@C@C@@@A@@@A@A@@BABA@@BA@@@A@A@C@A@@BC@A@A@A@C@A@A@@BA@A@A@@@ABA@@@A@A@@@@@ABA@@@A@@@A@@@A@A@ABA@A@@@A@@@ABA@C@C@@BA@C@A@@@CBA@A@A@ABA@A@A@A@A@@@A@A@CBA@C@C@A@@@A@@@@@@@@B@B@B@B@B@@@@AB@@@@@@@@AA@@@@@A@@@@@A@@@@@@@@@A@@ABA@@@@@@@@A@@@@B@@@@@B@@@@AA@@@@@AB@@@@@@@@@@@@@@@@@A@@B@@@@@@@B@@A@@@@@@A@@@A@@@@@@@@@@@BA@@@@@@@@B@A@@@A@@@AAA@A@@BA@A@@@A@C@A@A@A@@@@@@@@@@@@@@@A@EAEAA@@@C@@@C@@FGJEFMDUAKDYXWXEPET@L@REDEBALBLLLHLFNPFJFFPFFP@LCJENIHQFKHCB@PLPDXALBJBJFDBNCZKVGRCZCRCbOREVELC"],"encodeOffsets":[[116006,34597]]}},{"type":"Feature","id":"410404","properties":{"name":"石龙区","cp":[112.889885,33.901538],"childNum":1},"geometry":{"type":"Polygon","coordinates":["@@IAI@OHMAO@MEIIKAKFEHMJAHAPEN@JBPFLHFLHNDJAVGJ@BFBJDFD@NCNIHKAGCCEEGICK@IBEHEFARCDABECG@E"],"encodeOffsets":[[115636,34675]]}},{"type":"Feature","id":"410411","properties":{"name":"湛河区","cp":[113.300873,33.695681],"childNum":2},"geometry":{"type":"MultiPolygon","coordinates":[["@@MKEGGMCEIIUKWG@AAEBCA@@A@C@AAA@A@@@CA@A@E@E@E@EC@CEIGEAAC@C@C@A@CBABABED@BAB@@@B@BA@A@A@A@IHODKAQIWGQAHN@@BDABC@MDA@qDiFA@eBMLWfM^ABD@@@D@@@B@FBFBB@@@@@@@@@@@@@@@B@B@B@D@B@@@B@B@@AB@B@BB@@B@@@B@A@@@@@@@@@AB@@@@@@@@@@B@@@B@@@@@@@@BA@@@@@@@A@@@@B@@@@@@@@@@@@@@@@BA@@@@B@@B@@A@@@@@A@@@@@@B@@@@@@B@BA@@@B@@@@@@@@@B@@@@@B@@@@BB@@@@@@@@BA@@@@@A@A@A@A@A@@@@@@B@@@B@D@D@B@DAB@B@@@B@B@B@B@B@BAB@B@B@DA@@B@D@B@@AD@D@B@BA@@B@@@B@B@BAB@B@@@B@@@B@@@B@BA@@@@B@B@@@B@BA@@B@B@B@@AB@B@D@B@B@B@D@@AB@D@B@B@@@B@@AB@BA@AB@B@@@B@@@D@D@@@FBD@DBD@DDJTBFADAD@BBJDD@DADEBA@AAEYA@E@CB@D@JADCDAD@PAFCBSNABBDDBD@DATKDADBJFFBDBFAD@BBB@B@BCACBADEDCDCFIBA@CAABAFCD@FBB@D@NGT@R@@@@@B@@@@@F@n@^@RA@G@@@O@@DEB@RA@A@@B@AA"],["@@@AA@@@E@@@@D@@A@@B@@B@@AB@B@BAB@@@"]],"encodeOffsets":[[[116088,34522]],[[115951,34473]]]}},{"type":"Feature","id":"410422","properties":{"name":"叶县","cp":[113.358298,33.621252],"childNum":1},"geometry":{"type":"Polygon","coordinates":["@@DBLB\\DRHLDH@FCFBH@NDHDJ@FBHBDDDADGFEDAH@J@FBFBFDD@DABOFQFEF@HCBGGKCEAEBIBANIAGEIAWBWLYLOPKFAXMJCFEBGEKGGEA[KICSMUMCAAA@EAB@@CACEC@@DGA@EA@AFWGBCBB@AA@@ACA@@D@BE@@C@BAB@@AA@@AA@@C@@@@@@B@@A@A@AB@@AB@B@B@D@H@@AB@@CA@@A@A@CE@@CA@@@C@@A@@@AB@BEG@@DE@B@B@@BC@@AC@@B@@@A@AA@@@D@ACF@@AD@@AD@@AA@@@CA@AA@@BA@@AG@@AA@@CC@@AB@@CCECEACAWB@@EC@@CAA@CA@@CC@@AC@@IFO@BBIC@GAGHEHA@C@ECCB@@KBAFE@@EE@AC@EO@@AC@ABC@E@I@A@ABAB@@AD@@AA@ABE@ABEBGBAFA@AAC@E@AAAAEAAAAACCCAECEAA@CA@@ABg@CAAIEAA@WBCDAHA@S@CACAIA@ACCAII@@@@ECCEGCGAMAECEEECEEMAE@G@GDCBA@AAAC@EBIDKBE@CEEEEICEACC@C@GBGEBGACBCBEBMD[BOFQHOFG@ICWKMEE@CDCFEFKDMBCAIAG@C@ADCHCDABC@G@C@ABADCFABIDA@GCE@A@ABAJADABA@AACCC@EBADAF@HBH@F@BCDGDEBGDCFAFADABCBC@EJQT@FADGJGDGDGBIBGAIAIAEBG@ECOIEAGAC@ODADAB@F@HAFA@CBKDMFEBC@E@GACBSBCBS@KAUGOGI@CDCJCR@N@FDRHJJHFF@B@B@BCBABAB@JAP@HABEHAHFPBD@F@DCFCBC@EBADAB@D@F@FABA@CAE@C@C@@B@DBJEHADDHDB@@B@B@BG@ABBD@LFPHRFTDJBBBDDLND@F@D@BALMFEBAB@@A@C@A@ADAF@D@BBDB@@BBBAB@@C@AB@@@DDBD@@B@@@FEB@BA@CBAB@XBB@BDBFBBBBD@BBBB@@B@@ABC@AB@B@BBFDBDBDBBDB@@BAFEBAB@FBHBD@D@BABA@AAAEAGEACAA@A@AFCFAD@JBDBD@@BA@@@CD@BBDBFDHB@BBD@B@DCDCBABAB@BB@B@BCJ@@@BBBBAD@D@B@DDHJDL@BA@CBCBABADCDGPAJCJCFCFAD@BBDDFB@@@BC@A@@B@BBBBBFBBBBFBDBD@DAFEFAD@B@D@FFFDFJFHBD@DAB@DBBJHRBXHRJLBPCJGB@B@B@B@@A@A@@BA@AFCBABADAB@D@D@D@BBHFFJ@DFDF@F@F@B@B@@D@@@BBB@B@D@BB@ADBF@BXHVLJJDFHNFHNLBBBB@@D@@@B@@BF@@@B@@@BB@@D@@BB@@BB@@@@D@@@DD@@BC@@D@@\\@L@J@F@H@J@D@FADAB@FAD@B@LANALBDBLBLANA@D@L@F@F@FAH"],"encodeOffsets":[[116192,34552]]}},{"type":"Feature","id":"410421","properties":{"name":"宝丰县","cp":[113.066812,33.866359],"childNum":1},"geometry":{"type":"Polygon","coordinates":["@@VGpYtKq`SASNOzFZqPMKF@FADADCDA@AIIACACAE@ABAD@F@N@JAJ@H@F@BA@A@KAGCGAAC@KCIGCCCCEIAC@A@A@@DAB@BBD@DCDAF@F@B@\\@RCTKHIHMJKFK@UDSDQJCA_OCK@GDKDUFQFaPQDYDQDUHYLMDCAIEIAKAWBOCOKA@GDELGRMJIFKDO@EEEOIEOEEMGKKKAKBKCBMDMHOHKFOLSXKNOLGDKAOISIMEGBGDELINORMLUNSN@FDHAFCBQDEBGFAF@JDLHJFFDDBHGLMJMDC@CEAIAEI@UHIBMCKGGEEKAO@IFMBOBGKHGNCRGPGHIVEDOHSRUHUF[B@@KFGBCBE@G@ABCACAAA@@@ABABCAEKQCA@@A@AD@DAFAD@F@JADABCDABGBA@C@AAA@KDEHDBBD@JEHCHDNHBH@FAHAJDBDAHABIFKHBHDDRDNBDBNFTDVJPDJAHEFCFCJBDBTDXHJBVHN@LENEPALDX@NGRIHCRAPDNFVHVDXB@@@@@@`H\\H@@@@@@THVT@J"],"encodeOffsets":[[115728,34848]]}},{"type":"Feature","id":"410403","properties":{"name":"卫东区","cp":[113.340327,33.779285],"childNum":1},"geometry":{"type":"Polygon","coordinates":["@@AAAGBAAC@C@E@CBC@ABCBCBC@CBADED@B@DA@@@AACAAEAA@I@A@AACAEGCAAA@A@@BAHADAHADADADADCFAF@FABADADADAD@BAB@B@BADABADCD@DAJAB@BBBBFBB@D@F@HCHCBABCDIBQ@G@AJ@H@FBHBD@BG@E@E@E@K@CMBKBKACAKAMBKBA@C@EBA@CBEBC@I@G@E@I@K@[@@@@CD@@AC@@C@@@C@@A@@AA@@AC@@@AA@@A@@@E@@AA@@@C@@@AAA@@@@BQBA@CF@@@P@@@HQB]@m@@ZBD@DBFBBBB@BBDABA@Q@E@A@ABADADGDAD@B@DAFEL@FAD@HHCL@PDB`FB@@DDBDBDB@D@HDDBD@D@FCBC@ABCBCDCFAFAD@P@FB@D@B@B@BGFBNH@BH@FA@BLL@FCRB@@@BB@PBHB"],"encodeOffsets":[[116105,34641]]}},{"type":"Feature","id":"410425","properties":{"name":"郏县","cp":[113.220451,33.971993],"childNum":1},"geometry":{"type":"Polygon","coordinates":["@@@BCHCPATCdAT@@@@AJ@VV^ZZbRVLZRPRTRBB@@PRJRDKRYD@BAFMDCHEDCFEBABC@CCGAAAC@AB@BABABC@C@C@C@@BADBFADABCDCB@D@D@BA@A@ADIBEDADCDADATCV@PDrJXKJSP@LFBNCNB@DDFDNDDAD@BAJUBEBAH@FBH@FBB@BA@EBMBABCF@F@DCLAJAFCBCFADADAFEDAHAF@FABAHKIEKIAIBGHCFGFIBEBEDED@F@F@BBDBBL@JFFLBXERBVCLEHIDKFYBUJMNQ@QAKBUASCQMGOESOCOEQGKKOKOISDSNSNQDG@@FCDABCBCBC@A@C@CACCG@@GAOAA@@A@@QAEDK@AKB@@EAGG@AMHE@A@A@A@CEAO@C@EBEBCDADAD@BADEDC@C@CAGCC@A@ACACCC@@EAIDCRCT@VELILGNGJSLQD[@A@E@E@CBCDC@AAA@CB@@@B@BBDFJDDDDJHLDD@BBDHBH@L@BABE@G@I@IBM@E@C@AB@BBFBDBDJJ@BCBCDCBEBE@LONYryEMPBT_TrsLoZUH"],"encodeOffsets":[[115728,34848]]}},{"type":"Feature","id":"410423","properties":{"name":"鲁山县","cp":[112.906703,33.740325],"childNum":2},"geometry":{"type":"MultiPolygon","coordinates":[["@@HABADCBABC@I@EBCBE@CBCB@@@DBLRBFADAB@B@@BBDBDBBAH@F@DAHALE@@\\AVEVGTQPGFCJUHGHODQHMLGNIFGLELBJJNFP@NBPGJ@JBTMVMNKPQJMFKHCHANFTJPJLBHCPKLMTWPKLEPGNGNCDAFAFC@Q@KFSFOXWZWLCVBNCFEHI@EBAN]XeNKfAB@jErC@A@@@AB@@@@C@@F@@@B@@BJCGMIGAA@CBA@CACEGEIECEEC@A@C@EBEFCBC@CAEAAAAAAEAAAAA@@@@BAD@@A@CEAC@ABCDEDEDIBIHODCBCBADADAB@@ACKGICCA@C@C@ABAA@A@@DI@A@AAAA@ABABCDCDA@C@AAA@CGAEAC@ADC@@B@@AC@CAIAC@EBED@B@BBBBDHFFBBB@BABABC@C@GAEAA@ABEFAB@@CAAAACACECAAA@A@@BAD@BA@@@AAAAC@AAAAAEACA@WAA@AB@DABA@EF@@A@@@ACCC@@A@@B@DA@ABAA@@CAAAC@E@CB@B@B@D@BA@ABEFKNABC@E@C@KMCCAAIASCQEOGKEC@AA@BAHA@A@@@CACGGDCBE@EBCDSFC@AA@@@C@AA@A@GDCDABAD@FCBEBEBCD@@@@EFABA@EAE@E@CBEDGFC@EDADADAFAHED@HA@A@A@IAYAI@IBEBEDGFGDCBG@@@@CAEACEAG@I@GBEDEBA@@AACCCGAIACAAIAG@EBGAGOMEAW@KAIACBCBCB@DABA@CAMEKGEAE@GCGCGEGEEAC@C@EDCDAD@FABCBSACBCD@BCHA@]LGDABC@E@C@EBC@AAACC@E@EBKBE@I@A@CFCBGDWFGDEDAH@BGBICKAECGEEAACA@WBIBGDCFAF@F@HABCDGDGBKBC@GCGIIKGGKGECECGGECE@E@ABADAD@BAACCGCICG@EBCBADADC@AB@B@DDF@HABABGDEDCDEJOLCDCFELELCBC@IAOCGBKBKBEBIHMRGHIDQRGDILABE@G@ICUKECCA_BAAQIE@E@CBEJABCDC@G@MCG@G@EBCDGJEFIFCBCDAPAFCDCDCBODMHKHEDE@_AE@IHCDCDAH@H@FBBTNFF@FFhBL@BCBEDEF@D@@@@@@@B@@@@@BBDDDDBLDHBFFBBADCFCD@BBDDDHBFFFDD@L@PDRLLNPJNDTBVFZLJ@HCVSTSTMNKN@N@VJZ\\TXLTZTVH\\A\\@NPNLNPPX@NIFQFYDYLKRBJRH^HTHPTAJBX@HBBBDFJDDBDFJ@D@D@BBAFADADBFGDO@AH@DADCNC@DCF@L@JBB@BBBB@DAHAD@D@B@HEBCD@BAJAH@BADEFC@AB@BBFDB@F@D@H@F@D@B@BBDBDBF@D@D@@A@A@C@CBABEBADCDCDEBEDABA@AB@BBDDDDDBFBPBB@B@B@@C@ABAFEBABAFADB@A@CB@BAHC@@@A@CBABAD@FAJ@NDLDHAFGLCB@BBD@B@"],["@@B@NCD@BAAC@@ID@@A@ABA@A@@BA@@B"]],"encodeOffsets":[[[115442,34756]],[[115946,34476]]]}},{"type":"Feature","id":"410482","properties":{"name":"汝州市","cp":[112.845336,34.167408],"childNum":1},"geometry":{"type":"Polygon","coordinates":["@@IQOQ@@AASQOQYQUKaQYYU]@UBI@@@@BSDcBSDODG@A@IUSSG@@@@@@[G_G@@@@@@WAUCUGMEOCQBGDQJMHW@KCOBMFKFM@UGIAWGSCCAIAEDEDGFIBOCUISCMECAMAQCCCAGLGJEBABGACICGBEBG@GACMDGFG@IACCAGBKCMCI@EBC@ABAB@D@B@@GDABA@@D@BCAEBABABEFAB@B@DA@A@A@OAEACACCCCAAA@@BABCBAFCFCDCDABAFAB@D@D@B@BC@C@E@CACAAAA@C@E@G@C@E@A@ECAAA@@BEDCFABG@IBABC@ADGFA@C@C@GBCBA@AA@AAA@I@KDE@CMDCDCBG@@BCPEHCACBEBABEBCFBD@BBBBBB@BBD@DBFBB@HAF@D@BBB@DB@BIDCDABCDCBCB@@CDIDS@KDAHLJVL\\LTJFJ@RDJPHRDNHDNATDPHdLTDLDLFPELCBEFMDSFEFCJ@REVGL[fMLGTLNPRHL@D@@@@AD@@@@AHSLOHGNAJPJRHDPBLTRVNTNDFFNJFVHTBLDVBTOESBEXHR@TDZRR@HADAH@FCFAF@F@DBDBDBD@F@F@FAFADAF@D@BBB@FFFDDDDDFDDBFDF@D@D@D@BA@A@C@E@C@CBCBAFAFBHDFDFFDBFBF@DADAFCDCFAF@F@D@D@B@@CDCDAHGFCDCDADAD@BABAAAGAEAEAAAA@AC@C@EAAAAACBABCBAB@FDFBHBFBD@D@DAFAF@FADAD@DBDBHBF@F@F@D@BABCDAHAD@F@FAFADAD@FBDBDBD@JAD@F@F@HBFDFBHBDBB@BBDAFCDAFAF@J@H@H@H@H@F@FAFBFBDBFBF@D@F@D@DABABCBCDCBCBABAFBD@BAFEDEDADADAD@F@H@H@JBD@BBD@BBBDBBB@DCBC@A@AC@AA@ABAD@J@D@BCDEBCDC@ABACACAACACAC@AACCCACACAC@E@AAA@AAKAYDGNGTCRCTKDOCKCGAI"],"encodeOffsets":[[115816,35004]]}},{"type":"Feature","id":"410481","properties":{"name":"舞钢市","cp":[113.52625,33.302082],"childNum":1},"geometry":{"type":"Polygon","coordinates":["@@COCMACACAA@@@A@AAAAECGAACAECG@EAKCG@AACCGECCAGAACACCAA@A@ADCBC@E@EAAAC@K@M@E@ACEECOMAAACAICGGQEaEYAKI[@E@CBIBCBCDSDOFGDEDEBEDEFOBCB@BAFDB@D@FAD@D@FBDADA@A@CGIIMCG@@@@EKMOCCECEACAC@ABGFKNGHCDA@@@AAAC@ACACAC@IAO@I@EBKDGDA@AAAA@G@EAECCCGEGAAA@CBIFIJEHABC@ABE@E@A@CBILADA@CBCAMGCCCAA@C@CBG@E@EAEAKBMBKAEBCBEBEBEBG@IAICGAIBG@I@IAICQGCACECEAKGSIDGJAD@D@@HHDD@B@DADADAB@D@BBDBDDHBBAF@DWTCDCDABAB@@B@BAD@D@D@B@DDBFFHBH@D@F@D@FBDDNDJDLHFHDFDBD@LAFCRBHAJEPITMXAD@D@DBBFDRDJBDBDB@B@B@DCDCBAD@DDDFDBDBD@HAD@BGHCDEBAH@H@DDDFBJDFFFF@DAFCLAJ@FBDBBB@DAHCH@F@NBFFFDFFFDNBHBHDDFFD@@@@JJDBBDB@BJBD@D@TV@BAJALEF@BAFAH@B@@BDBB@B@@A@ABA@ABCBABADCB@BBB@BBBF@B@B@DBDDBDBB@H@D@D@D@D@BADCBADABA@A@A@A@A@@@ABCBAB@B@DBBBB@D@B@F@B@B@D@F@L@D@FAHADAB@F@D@B@BBBBBBBBDD@BBB@@F@N@H@FADAF@D@FDDFB@F@FBDBDDDBB@BBD@D@@@B@B@B@DAFC@@B@@@B@@@@B@@DHB@@BB@@@B@B@B@HCFADAB@@@B@B@BBB@B@@@BA@@B@BA@@@@B@B@BBB@@@BA@@@AB@@A@G@A@A@ABABA@AB@B@"],"encodeOffsets":[[116417,34210]]}}],"UTF8Encoding":true}