{"type":"FeatureCollection","features":[{"type":"Feature","id":"410902","properties":{"name":"华龙区","cp":[115.03184,35.760473],"childNum":1},"geometry":{"type":"Polygon","coordinates":["@@IE@@@@EEOEKGCAOOGCYO_GGAG@G@GBEFEDKHSFWLABKIACIKOMIEMAECIIEKCIC@£HyDUBAAAAKg@@@@CMCOCKACC@GAK@QDGBMDEBGBAAOAECGASAEAEFGJAD@FBBDDDD@B@DABELGNILOHEHEF@HAV@FDHHHHBN@HBDBBDBHB@HABBBDBHBB\\VRRDRDLBL@DABCFEBEBI@A@AB@BBR@FAF@B@FBDBBDDF@B@B@JAHEJCHCJAL@PBNDLBLDHBHBL@rAJ@@CASAGBEBEF@D@DABCDG@CBCR@XAHA@@@@lEFBDBBDBBDBFAPA@@@@H@PALKFGHGHCLAL@P@HBLD^F@@@@D@H@F@HFD@D@D@LGJMDIBAF@\\BLBDADAB@BG@A@CCC"],"encodeOffsets":[[118013,36643]]}},{"type":"Feature","id":"410923","properties":{"name":"南乐县","cp":[115.204336,36.075204],"childNum":1},"geometry":{"type":"Polygon","coordinates":["@@BQ@KAQ@@ACAAAC@A@A@@@A@CACAA@AAA@@AC@EACACAC@CAAEEAC@A@C@@ACB@AGA@C@@ABA@EG@@BEBACACAEAEB@@CF@@C@A@EGB@ECBAAA@BBC@AEC@@AC@@EGBAGD@@EB@@CD@@D@@@@BB@ED@@A@A@C@C@A@A@A@C@C@CBA@AAA@CAA@C@C@A@A@C@C@A@C@C@@CCEAOCMAQC[OGCKEQVoDODYBU@C@EDCDCFEBCBG@EAECCIIUACEAEAQBK@@@@@O@MBABGLEF@@KDCBC@G@KCK@S@GAAABM@AB@FADABAACCMECEAI@KBGFAFAJFd@D@BCBA@@AECKECB@CA@AEAAE@E@C@ACC@ADBH@BEDEBIAABDFABABKBAFHNCBB@DF@DADA@CCOHAAABCACA@AACCAA@GBCBAAKCCAMUA@C@EB@DFLE@BDKB@@@@BHEBEB@BD@BBGB@FADA@@DE@GAI@KCKAICADCBBFI@@BK@EBC@EBAEK@OCC@ACD@@AI@CDHP@FADEDBFADCDCHEB@DIRGHBBLJJJHHHHDBFFDDDBFDB@@B@B@BBFABCJ@HBHHZ@F@FADAH@FBFRXFDFFFBH@ZEbIH@DBBDBTBNFRDHFFHDJD^AH@NCHCFG@CAC@CBAFCNAHAJDF@H@BDBABB@@B@D@@BB@BFD@@DFA@FD@@FB@@@@@@BB@@BC@@FB@BBFB@C@A@@@B@@@AB@@@LB@AK@@AFB@AE@@@@@@A@@@A@@@AB@ACB@@BDA@@JBFAJEJEPCVIPIV]FSBEDGNQHKFCJETCHAFCBE@IESCG@C@ELQJIJCLAJALFHBB@HCFAD@LFVJLHHHFLDXBJBDDBR@H@DBDFBFD@@@ADBB@@BDB@BDA@@BBBGFB@AB@@B@@@D@BH@@BDB@DJ@B@@D@@@A@@CA@@CDA@CB@@A@@@A@@ACFAA@CCAAAA@CDB@CB@@CF@@@DAFAJBFDLNDDFBJ@JAF@FBBD@F@RBLBBDBHBLABABWBCFGFCLAJA"],"encodeOffsets":[[118256,37017]]}},{"type":"Feature","id":"410927","properties":{"name":"台前县","cp":[115.855681,35.996474],"childNum":1},"geometry":{"type":"Polygon","coordinates":["@@@ICMAAAAA@@@A@AAA@C@I@wLOBQ@M@GAKCcEMKABC@@CA@GC@@K@ECBFSBC@EACAAAACCA@CAE@CAG@C@G@CAC@EAEAE@CACCAEB@B@@IZA@GHMGCCA@I@UEB@ECB@IA@@DA@@I@GAOGABT@JE@@GI@@IA@AOEC@HeA@MQ@UFCME@@CK@ABC@@FM@UDABQBODOUAIW@BKPGDMFJL^`ADCJQPELBFJHDF@D@BAFMHEBE@G@E@EBEFW`G@I@KBEDFDLDFDFBPBDBDDBBHFB@@DBH@FBDDFDD@@ABB@B@DDBBDBB@BBB@FBF@BBB@DBB@BBF@HBB@JAFAD@BABAB@B@H@D@B@@@@@@@DBZDD@B@F@HBH@FDHB@PXTG@A@@@ADA@BBBBDDDBDBBBBBBBB@B@@BB@BBBB@@BBBBFBHBPDBB@@B@B@DBFAB@D@@@FAL@H@D@JGHCHCH@L@HDDFDFBFBBFDpRF@JATIH@D@HDZTZJ`JfFNBHDLHbTZXtzFHLD\\DnFBACA@A@@BC@@BCAAE@@ADAAABAAM@AA@A@ACC@@AA@BE@IIABG@@@@C@BIB@BGB@@CI@AGC@@AA@@CA@@AR@D@CCGCE@GB@BEB@CB@@C@@@CDCB@@GAEB@AEA@@A@AAA@A@A@C@A@@AA@AACA@@A@AODEBAAMeESCc"],"encodeOffsets":[[118836,36846]]}},{"type":"Feature","id":"410926","properties":{"name":"范县","cp":[115.504212,35.851977],"childNum":2},"geometry":{"type":"MultiPolygon","coordinates":[["@@B@NR`TNFHFFDLHDDPZV`Z\\XR\\NXLRFFD`RTBhHTDLDLH|hLDPBB@LBFBHAPATAH@BABADAB@F@D@H@DDBBFH@DBBFCLAJ@H@X_FEFAF@H@F@FANGBE@A@CCEIGAEFKRODIBC]_IKNEHC Oe@AKCBGWOBCKD@EOUFCS@OQ@@KFA@[E@@GC@@SeCIAI@QCQGICOASAAAC@@AC@AAQBkAAGAEAACAABWJGBKDA@AAEKCACAQFUBI@CCAICAKBM@[OWQW[GIGIIKQiSYGIMGCEMIUFADBDWHGFEHAHCDGBYUKKC@ADCVANDF@BCPEH@@@@A@EJ@FDDJBTCXADBDD@FCDyhEJABALDNFTBNATK`@DNHHH"],["@@GECAA@A@CBEDCDADAD@B@DBBBBFBB@DBFDDBFBB@DA@@@ABABCBABA@AAAAAAACCAE"]],"encodeOffsets":[[[118132,36639]],[[118278,36761]]]}},{"type":"Feature","id":"410922","properties":{"name":"清丰县","cp":[115.107287,35.902413],"childNum":1},"geometry":{"type":"Polygon","coordinates":["@@HGJQ@CFADGDCBCAEFCBC@EGODCJ@@BC@BDD@PDL@BFFAD@FAL@@AJ@AEDABCJDLBLDJ@HBF@@CB@BC@EHAAAC@@AFAFAAG@@@@LAACF@EK@CFAD@B@NVDBLDBBDAHAB@DBBD@BDBDBBABBPGDDB@BC@CCEA@DAGMBELABABACEBAJBFAFC@AAGBCD@BDD@F@F@BBBFB@@DDALFFD@BB@DA@A@CEcBIBEHELAJ@FBFDDNBDABCBEBA@@BANBBHBT@L@LDH@D@DALC@@FEHKBANAP@@@@@L@RAFBFBBDJVDJFDFBH@DAFADEDCFCD@V@ZAPCpCRUEECCAI@GACAACAUBI@GACACAAIIYEQAK@ABADEHCHGFGBIAOAGAU@GEGCUCAAOC@@AWF@CG@AKHA@AB@AANACYC@A@B@AIE@@@DEBC@AAAEMCKES@WAG@@BCKKQMWIKAGBEBAB@FATA@EAMCIEAAAE@IACA@G@G@GCGAS@GBAB@FDJDD@D@BAHA@CBCBKA[AE@ABCJINKHC@C@C@GEE@G@C@@@@@]EKCGAO@K@KBGDGHEHKLOBG@@@@@OBEBCAAAACCAEAkF@@@@GBWBQ@AD@DCHADCBC@E@AFAFBHBT@DI@qBK@GAGAKCKAMCOAK@IBGDIDGFIBA@FBH@FBHFHDFFBD@HBHFHDFDD@D@HBFBHFLFJ@F@FAFELADAD@FDJFJFP@B@B@B@B@DBDDFDJDFDD@F@JAFELCD@B@DDFDH@B@DGFADBDA@CC@AA@@@@BDDABAEAAC@C@@@@BBHCBBHA@BFF@@BFH@DF@BJ@DC@@BABUHABIDIBI@IBMDIDMFCBIDEDA@B@DBB@D@F@D@BBBB@B@B@DBBBBB@DBB@BBBBBDBBD@B@D@B@B@B@BDBDBBB@B@D@B@HBB@BBB@B@BBB@@@BAB@BA@@BAB@DAD@B@B@B@FAH@F@B@BBB@DBDBDBHHDDDDJJFD"],"encodeOffsets":[[117775,36951]]}},{"type":"Feature","id":"410928","properties":{"name":"濮阳县","cp":[115.023844,35.710349],"childNum":1},"geometry":{"type":"Polygon","coordinates":["@@NGhWDAA@GGMG@CL_BSAMESCMBKBAFIzgDC@ECCCAWBSDIACC@EFIB@@@@@FGDO@ACEBMDUBCD@LLZVHADCBGFGHEXGACBCVEIGCGCQEUCEMIQSGQM@@QYDAUE@@FOFAUE@EEMBBK^GCIIDGUJaDIBCBEAIACCAOCOEEA@@OEA@YGOEUMSQ@@I@ECGGCACA@ABEBC@C_YQKUMKCM@SDK@MAICCBKHOBS@I@OAKASCMAMCGA@SEAAOI@BbADA@CA@C@WI@G@GDGFCF@DCDEBACACAAC@CCBEDGBI@IOSCECEACCAG@{BM@MCEAEKCWA]AE\\@@@@@@GBIBGB@B@@@@CBCHCNCFGJILHJHHJHFLHFJHLLHFANCL@FAHEDGBKBKFADAFFJFL@J@HBFBLDFBB@B@@@BA@@BC@E@IAK@GCG@IBCBCB@B@FBH@B@@@@BDBDDDHFLFNDHBDBBDBJBL@H@LATAFAHAF@TALCREHAFEBEDJIDOJKHEDCBABADAH@F@FBFABGHEDAB@FBDDFLLDFBFBFB@DBF@F@FBD@HBBBB@@B@B@HBBBDDDFBF@BBBBBB@JAR@R@BFBTBHBFDPBBBHAFANCHARCL@HBD@BDDLDPDN@@@@LhBBBBVAzC¤GD@DJFLJJFDNBJFPNJLBDLJBAXKTELGFCFEHAH@H@HB`HZPHDPPDBLHPFFF@@@@JFCI@EBAHAT@HBHDH@H@B@BD@JBFBBJFNDFBB@BS@EBAFAHALBXJRNLL"],"encodeOffsets":[[118104,36656]]}}],"UTF8Encoding":true}