{"type":"FeatureCollection","features":[{"type":"Feature","id":"350402","properties":{"name":"梅列区","cp":[117.63687,26.319208],"childNum":1},"geometry":{"type":"Polygon","coordinates":["@@CBCDABA@ABAB@BC@ABC@@@@@@C@AA@CB@@CH@BA@@@@A@A@C@ACAAA@@AB@B@DBB@BBB@@A@@@A@A@A@AB@DBDA@@B@AA@AAC@ABA@A@@@@@@ALQDCBABAAAACAAA@C@C@ABA@A@ABA@@@A@IOECCAAC@A@A@ABANEBABCDC@A@@A@C@EAE@A@AAE@A@A@A@AB@B@BBDBF@BABABA@A@A@C@@@ABAFABCDABA@A@AACAC@E@KBQFABCB@B@B@B@DGJA@C@C@AB@BBB@D@BAB@@A@@@A@A@A@A@@@@@@@@@AB@@A@A@@@AB@@A@@@AA@@AAAA@@AAA@AC@@@AA@A@@B@B@@ABA@A@CDABCBABEBE@E@AAA@@A@A@AA@E@GAA@ABA@@B@DBD@BABC@C@A@CBC@A@C@AAC@E@C@A@A@@AA@@CBAF@BA@@@AA@CAAA@CA@CACAABABA@@@AACI@@@@AA@A@@DA@@B@DB@@@A@AEI@A@A@CDAB@D@BA@AACEEAAACACEAAACCCCCAE@C@EBKF@BBBBD@DABABC@G@E@G@G@EB@@@BBD@@@BC@A@ABAF@@BBBBB@B@B@AD@@A@C@ABABBBBBD@BB@@A@@@@B@BA@A@@@A@A@ADA@EFAD@D@BB@@@B@BABEBCB@@@B@D@@ADAD@D@DBB@@BADKNABAD@B@BBBFBBBD@@B@B@BAB@@C@E@ABAB@@@@@BBF@B@@@@ABA@C@CAABA@@BA@C@@BAB@@@B@DA@A@@BA@CB@B@@BDFBB@B@DBBDBBBF@B@BD@H@HDFDFFBB@BA@ABABCBCHABABAB@@@@@D@BBD@BBD@@BB@BFDBDB@BB@B@H@BB@BB@B@B@D@B@BB@B@D@B@@@B@@@@A@CAA@@BADBB@@BBD@B@D@NBD@@@DAD@DABABA@A@C@C@GEA@CAA@@@@@@BB@DDBH@@@B@B@B@@F@D@B@@@@@ABCBAB@@A@AAA@@@ABAB@B@BDB@BDB@@@B@@@B@@@BB@HBDAB@BBDBBBBBD@B@@@BDBDDBB@F@HAD@BBDBB@DBD@DBDBD@BBDB@BBBDD@D@DB@B@BABABA@AB@BD@FBFDDBB@BB@BADABA@A@@CCAA@ABAB@B@BA@@@C@AAAA@@A@@@@BABBD@FFB@FCFABC@B@ABA@@@@BC@A@AB@DBBB@@BA@@BA@CAEACAC@CBC@AD@B@D@D@BBBDBDDDDBFFDDDBD@F@FAFCFABABABABADA@ABABC@C@CBABABA@C@ABCDABABCD@B@D@D@B@BADABC@CAA@C@AB@DABCBC@EBABABAB@B@@@B@@BDP@DB@B@B@@A@A@CAG@@@@BAF@BABA@CDG@@B@DBDBBBBABABEDI@C@A@CAAACAAACBC@AB@BA@@BBBBFFFHBBBDDBB@B@B@DCDADCB@B@B@@BB@DDBHDHDDF@HBDDDBF@D@F@D@FDFFFJ@@B@@A@@ACACAA@@DAB@DABA@AAAA@CAA@A@@CAAA@@A@C@ABCDCDCLEB@B@B@BBBD@BBB@@BAB@B@BBBB@@B@@A@C@GA@AA@CDAFCHCB@D@FABABABCBAD@BBBB@B@DAJBB@@@@B@BABABA@ABABA@A@EBG@A@@CCCAAABABAFABABA@CAAAACAAAC@C@ECCACCCG@A@A@ABABC@A@ACCA@C@CBCDABAF@DCFADAB@BABAB@@A@C@EG@A@C@CAAAAEKAC@CA@@CAC@AAAGECCCAIB@A@@IC@@ACA@@@ACA@AAAE"],"encodeOffsets":[[120558,26874]]}},{"type":"Feature","id":"350403","properties":{"name":"三元区","cp":[117.607418,26.134191],"childNum":1},"geometry":{"type":"Polygon","coordinates":["@@@C@@@@BABABADGDABABAB@@AAAEEECGCG@C@@A@AAEAAACCAA@A@EAAC@@@ADAB@@AB@B@@C@A@@BA@AD@B@@AB@BADBD@B@BA@@@@@AAE@A@@@@BABAF@D@@@BA@A@A@AC@AAEAAA@A@ABCBALMBC@AA@CAC@C@CB@BC@A@@@A@ADAFABA@@@A@@A@CBCFEB@BCB@B@@@B@B@@A@A@@B@@@AAC@AAAABABAD@B@@@BCA@A@A@AAAA@@BEBAB@D@@A@@AC@A@@FAH@H@F@H@D@BABA@CACAA@ALEFAD@F@DBDDDDBBFBBDBDBBFFBD@BABC@A@CB@D@B@BFJ@B@B@@CAA@@@CB@@@BBB@@@@DJBB@@B@BABADBDBB@@DBBDBB@@B@@ABE@AB@DB@@BB@B@D@F@D@BBD@B@D@DAB@D@D@BA@AAC@C@AB@BAB@HBF@B@@B@B@BB@BBF@F@FABADABADCB@B@BA@@@A@AB@B@@B@@BDB@BB@@BBBB@@BB@@B@@@BA@@B@B@@@BA@@@@@@@@B@B@B@B@@@B@@@BA@A@CAA@ABAD@D@B@HI@C@A@A@ADABARELAF@D@DBBBB@B@BADCBABEBA@@D@B@B@B@BABA@AAEAC@A@ABAB@B@B@F@BBB@F@FBD@B@@@@BCDADABMFAB@B@B@BBDDBFDJPB@@@B@BAB@B@BAD@D@B@BBBDBBABABCDKR@B@@@@B@B@BAD@BBB@@B@AB@AC@CBAB@B@B@@@B@@@AA@AAA@C@ABA@@BBDB@B@D@B@B@@B@@ADG@@DAB@@B@D@@@@D@BAD@@ABABAB@BADCDA@@CECEACDCBABA@CBC@EBA@ADADCDAB@D@D@D@F@DCDABCDCDA@AAACAA@AAB@DA@ADO@CACAC@CBA@A@AAA@AB@B@BA@@DE@G@E@CACA@ABABAA@@@ABCAE@AAA@@A@A@@@AB@BA@C@A@AAAAAC@EBEBC@K@A@ABA@@B@BCBA@AAACAA@AA@C@A@AAAC@C@@@@@@CBADA@@@CCAAACBCDA@AAAABA@CAEAAAA@@CCC@AAAECFCBE@C@CAECG@AAC@CA@@AACACACAAACAAAICA@AAC@@AAACCC@@AAAAA@AAAAAAAAACAA@CAA@C@C@AAAA@@@A@A@AB@BA@ABA@@@ABA@C@C@ABCA@@A@A@ABA@A@A@AAAAA@@EEEC@ADABC@EBCC@ABABAD@BAD@@@BC@A@A@A@AA@CAA@@A@@@@BAB@BC@A@ADBBBDBB@@A@A@A@CIACA@@@@D@DDH@DABC@C@GCECCCAQ@ECACAA@EBE@C@AA@A@C@CA@CCA@CAACEEIOKKCEAAA@ADEBCDAFCLAFC@@@@A@@@A@@A@@@A@@A@@AB@@@@A@@@@@@@@A@@EE@@A@A@@@@@I@G@GDAFAB@@@@@B@@@@@@@@@B@@@@BB@@@@@@B@@@@B@@@@@@@@@B@@@@BB@@@@@@@@@@@B@B@B@@@@@BB@@@@B@@@@A@@BADA@CBC@OBGBA@DDDB@BB@AFAFMF@@@B@BBB@B@B@@@B@B@B@B@@@B@BB@@BBB@B@@BB@B@BB@@BBB@@@B@B@B@@@BA@A@A@A@ABA@A@A@A@@@A@ABA@ABA@@@ABA@A@A@A@A@A@A@A@A@@@A@A@ABA@@B@BAB@@@B@BAB@@AB@BA@@BA@@BABA@@BABA@ABA@@@@H@FEBIHKAGCGBABDFBDCBA@A@CBA@A@ABABEBA@CB@@ABA@ABA@@@A@@@A@AA@@AA@@AAA@A@A@A@@BA@A@A@@@ABCBIHA@ECEAEBABCCAA@@AB@@ABAB@@AB@@ABA@@@ABA@@@ABA@ABA@@@ABA@A@A@@BA@A@A@A@@@A@@@A@A@E@GBEBEAADADAD@D@@CD@@@@AD@F@BBBBBABC@ICAICCACAC@@CACCCEACEAG@EDAFAD@BB@B@BCBCB@@@BBBBABEDED@@@B@@BB@@@BBB@B@B@B@@@@GDAD@D@DC@ED@BBBBHBFADEHAFABCBCBCBA@@@@B@DFFFFBFCBGFIFOFCAACBEDEBG@GAE@@CBAHA@@@C@A@ABCDA@G@CCEEGCG@EFEFABBD@DA@A@@@A@A@C@CBABC@@@@@@@@@BBD@DAB@BD@BABC@CAA@AB@@FF@@DB@DBBABCBCDAB@DADA@A@A@@@@B@B@@B@BB@@DB@@@BA@A@CAAA@B@BBBDBDB@B@BABABAD@BBBDDPPFFFFDD@@B@B@BAD@B@BDBHDDDBB@@@@CBAB@BAD@B@B@B@B@B@BA@AAAAABABABAB@BBBDBDBB@@B@BA@AB@F@DDBBA@@B@DBBDDFFBFBF@F@HAHABCDAB@BDDFDDDB@FAF@F@FDHDBBB@BADCDA@EA@B@DDDBDAHANGBCB@BBBBBBABCDKFABBDDBJJDBBBFAHAJ@HBHBL@JBTHBBDDDHDJDDDBH@H@DAB@BC@AD@FAJ@`CF@H@DBDBH@H@@@H@DB"],"encodeOffsets":[[120328,26951]]}},{"type":"Feature","id":"350423","properties":{"name":"清流县","cp":[116.815821,26.17761],"childNum":1},"geometry":{"type":"Polygon","coordinates":["@@KCGEKIGCOIOGKFGFGBGBQ@KAOEQIMEKKGGEOCKEIEM@C@IBE@ECECCGCEEACDADCBC@ACAGBE@A@CCEM@ADCF@NBLAD@BC@ACCECI@IACABADAH@D@B@@AACCCEEEC@AAA@@@A@@BA@A@A@@@A@A@A@A@A@@@AB@@AB@BAB@@A@@BA@@@A@AB@BABABA@@@C@AAA@CBAF@FBF@H@HA@A@AA@EC@A@C@CAAE@CBGFGFCB@@ACDEFCBC@AAAEBCBC@GAEC@A@C@@ICKEIGCIAGKCO@YNQDK@UFMCGAEODMBOB_MeEMCUGYEKOaKJQBOAWIOOGIGMGMCCOGGKEMGQIGGBGBMEOGQCQCUNMPg\\INBHDTFPJRLNAFIDSAMGMGQGOLCTCV@RANCJIJOHQFQNGFMDKBI@EHCHCFEDKACDKLU@GBCF@LANDLCJGF@F@PFRDF@@AD@BBB@BBBB@@BB@@BBB@B@BAB@BDB@@BAB@@@BA@A@@@AAAA@@@@A@AD@DAD@B@@@BD@BDB@@BBABA@@B@DAD@B@B@BBFADCD@B@B@@BB@B@B@B@B@B@@@B@B@B@BNLNDTANBHDTDLFPHLJNAJGN@VEL@PJHFNJNFRFJ@BDBLHLNHCJ_DKNBVNhJPJP@FKAQAM@KDGHKTCRCLGJANANFRDN@PGRCPBLDLDLLLPHPBRBJ@DFFJJPBNBLLVJHTHbCN@H@@A@AB@B@BB@AB@@AAABA@@D@D@B@@BBB@BBBBB@@B@@@@@FDJFFB@FAB@D@B@BBB@@DBB@DABADCDADABANBDB@@ABABAB@B@B@BDB@AB@BB@@BDB@BBADADAB@B@@BBFDD@B@BBB@@B@@FAJGHEJ@DFAP@JDD@@B@@@B@B@B@BA@@BAB@@ABA@AB@@ABA@ABA@@@A@A@AAA@@@A@A@AAA@A@@BA@A@A@@@ABA@A@ABA@@@A@A@A@AB@BAB@BAB@B@B@B@BBB@B@B@@@BBB@BBB@B@@@BBB@B@B@B@BBB@@@BBB@BB@@BBB@BB@@BB@@BBBB@@BBB@B@B@BC@A@CAC@A@ABAD@DBBBFDB@B@F@DADAHG@ABAB@@B@DAD@BAD@B@D@@D@B@FABB@@DBBDDABGBCB@B@BBBBBBDBBB@@@@@BBBA@@B@B@@CDA@@BB@@@@B@BBBBBBBBB@BJBRJJJRENCJQLCLLBTBJPXL@HEBYDSFKLWLUPKNWJYJMFSIKIODONGHSLMNAR@LAJM@ODMDQ@MGKEM@Q@OBQBOBE"],"encodeOffsets":[[119989,26764]]}},{"type":"Feature","id":"350421","properties":{"name":"明溪县","cp":[117.201845,26.357375],"childNum":1},"geometry":{"type":"Polygon","coordinates":["@@JEN@RCLARELENAJANARBPBJALETGHCLGLGLCJ@HCFGAECGAGAGCYEOAQBGHYBKDKHKFQHOPAH@RBL@LATDH\\FNJDF@BBF@DBD@D@@ABBHAFADA@C@I@GDGBAFEFCFGFEJEHAF@DBBB@BCFAD@DD@F@J@H@F@FDJHFBD@HEFEDEDE@@@AFEBC@A@@D@BBB@BB@BBBBBBBBBDBBBB@DBB@BBBB@@BBBBDBBBBBF@BBBD@BB@@DBB@B@B@B@D@DAD@D@@ABAB@@DD@B@B@BA@C@EB@@ABADABADAB@B@BAB@D@@@DBDB@BBBBD@D@F@B@B@HBB@D@HAH@D@DABAB@BAAA@C@CDEDABAF@LDPFFJFDDDFFBBFLBDHDBFDHB@BBB@JAB@B@BDBBBBB@BB@B@B@B@B@BBBBB@@BF@@BB@DADAD@DBBDB@@D@HFHJ@FABABE@GDIHCD@FBDDDFDHRBFB@DAJILMJEFAF@HBDB@FBD@DADCDQL@BBBFDHBD@DADCDABBDBD@JCJCDAD@BBDFDDFB@@D@H@DBHAH@DABA@CBAFC@CCEICEGAA@@@AACAACEAECAAC@A@@DE@E@ACACAA@CAEICE@@AE@C@ABEBC@A@AB@BABAD@@AD@D@BA@C@A@C@CBABABADBBBBBDBD@FAHBDDDFF@DBBAAC@A@CBABC@ABABA@@DKBCBADE@A@CMWACACBCBAB@DA@AAAAE@@CECCAAAAA@@A@@@ABA@@BABABC@C@E@@BE@A@@A@AACAAAAAA@AAKCEGAIEIIKEGAABA@@BADAB@@@BADB@@@C@CCCAA@ACAAAC@CACAC@CAA@CAAAC@GBE@A@CAACAC@@A@C@AAAACAAAA@CBGAA@@A@@@A@@@A@@CA@ACA@A@ABABA@@B@BBB@@@BADABA@@@@A@C@E@@@@A@A@A@@AGCCA@@A@@@@B@DBB@HFD@D@B@B@BABA@CBC@C@@AC@M@C@AAC@AA@CAAB@@BB@D@B@@A@@@A@C@A@A@@A@A@C@A@AAAA@@A@G@AAAA@ACEC@AAA@@AC@AAC@ACAG@@@G@G@CACAG@E@_DI@EBC@@BADA@CBG@G@CACCCICGCCAASGIAK@GAGAI@GBEBAACAIICAACBALEDCBAAAAAAAA@ADMHGBCBCACCA@B@@FCBCDABA@AAGCECE@E@EBA@CCECCC@ABADCBABG@G@EAEAEEECCAA@C@AB@AACCE@A@@BABA@@@AAACACAAA@ABABABBBBB@BABA@A@A@A@A@C@ABA@AB@D@@A@CACCAGACA@C@ABA@A@@@CCEEEEOOCCAA@ABCBABA@A@ACACAAA@A@ABBDBB@B@@A@@CA@@AAA@@@@A@A@@B@B@B@BC@CBADCDABAAA@CCA@@EE@@BAB@DBD@BA@AACA@CBC@AA@@@@A@@C@ABA@ADAB@B@D@DABABABABABABABABABABAB@B@BBBBBBD@B@B@B@@@BA@ABCBE@CBAAC@ICKEEIEIACCACCAAAACAIAGCCAAAFCFCFBNDJAFEDG@OASCMAEA@@@@A@A@A@@@C@EA@@C@ABC@C@A@C@CBA@C@A@CAA@AA@AAA@A@CAC@ACACAA@CACACAEEECEE@@CA@BA@@@C@ECCASEIFEDADAFAPAR@P@RFNHL@NCRCN@PINKBQ@MBKNGTMHCPJPJLETINIZMXOLKVKXELCTAZGFK@OWAIASKKKDIRMDQFILEHQRALBNFFBCDAH@JFBDADA@EAEBAD@D@L@J@FABI@IBEDADBBBBBBB@BB@@B@B@BBB@BD@BBBAH@B@@B@@@BBB@@B@D@BADABAB@B@B@BCDADABABCBA@CACA@A@@AAA@C@CB@B@DBBBDBB@BB@@BCBGBIH@@@A@B@@A@@@@@@@@@A@@@@@@@@@@@A@@@@@@@@@@@A@@A@@@@@@@@@@@A@@@@@@@@@@@A@@@@@@A@@@@@@A@@@@A@@@@@@@@@@@A@@B@@@@@@@@@@@B@@@@@@@@@@AB@@@@@@@@@B@@@@@@@@@@@B@@@@@@@@@B@@@@@@@@@@@B@@@@@@@@@@@B@@@@B@@@@B@@@@@@@@@@@B@@@@B@@@@@@@@B@@@@B@@@@@@@@@@@B@@B@@@@@@B@@@@@@@@@@@@@@@B@@B@@@@@@@@@@@BB@@@@@@@@@@@@B@@B@@@@@@@@@XFNNDJAFEFE@GEEE@AA@AAAAAF@BCDA@@@AAAABEACC@C@ECC@OHKFEEDGDEEC[CYBA@A@EBADBBAFABC@EA@EBAAAC@@@CDE@CAG@@C@CFICCCAG@C@AFEFDDBB@DAFADC@CACC@CAGCCCACCC@A@AD@FADC@AAAE@A@AB@BC@C@ACACECEACC@CBA@C@OEQ@SFSXEZaRE@EBCFCHAHAJ@DBD@FB@HBFDCNCJEFIBK@A@ABABABAB@BAD@B@@ABABC@@@ABC@@B@BABA@ABABA@BD@B@BBBAB@B@D@B@B@BB@@B@BC@@B@BB@LBFB@FBJ@FB@HFHBJFFFDJDDFABEBGDGBEFEFCDAFBVPTBT@BEBGLELFHFANDHH@NDLHDLITAPDNZDLHIPIH@JPLBBBBBF@FADAD@B@BB@BBHCD@DA@GAIBGJEHAHCFGFAHANE@ADAJ@JAHAB@DAFCJAFBBBLCLMT]DOHILUHGTDTBJ@HGJKDKDIHCJ@LDNFDL"],"encodeOffsets":[[119900,27204]]}},{"type":"Feature","id":"350424","properties":{"name":"宁化县","cp":[116.659725,26.259932],"childNum":1},"geometry":{"type":"Polygon","coordinates":["@@FEBDBJJFHFJFLFJBDBFBDBDAB@@@@AA@AABAFBFBDDBBBBB@BA@@BAB@D@JDF@D@BC@AB@D@B@@@JBD@B@B@D@@@BA@A@AB@@@DAJAJ@@BB@BBBDD@B@B@@AB@BABBB@DB@@BCDABC@AAAAABABCBAB@@AB@@@BB@BB@BCDCBADC@ADBB@B@DAB@JAB@BA@@D@B@B@@ABAB@BAB@BDDB@B@FBF@DBBBDFBDBBB@@BA@A@ACCAAAA@AA@ACB@@@BBFBBFBBB@B@DA@@@A@AA@@@AAC@@AA@AAA@A@@ABAB@@A@@HGDGFCH@BGECE@GAEACGCECACACCAC@EAA@AEAG@AABCFCHAFADADCBCDCB@D@BDDJDDFDF@FCJEFCFCDCBCACAGAEBADC@AA@EECCCAG@GAECCAEACCACBCFEFELDF@F@FBJ@DBDA@ABCDCHAHCDAH@DAB@@ABA@EBEBCFB@@D@BAHCJBHAD@BA@@D@BABA@@@ABC@ABABABABAB@L@JAFEDIDMECGAA@@EAC@CBIBGDGDEFAF@bQFYTWTER@PFD@B@DAD@BDDFDFDB@B@DADA@@B@BBFBBD@BC@EBCB@D@DDDBDDBH@DDDDBD@BCBE@CAACCFEBED@H@DBDDEJ@D@DH@DBF@DC@@D@BBAB@FFBD@BABEAABCFAB@B@ZA\\DFDCFCHFFLEPGD@FDD@D@BDAFBBBB@@B@DC@ABEBBBBB@@BFFHFF@FEBECIMMWE@@@@@@@@A@@@@A@@@@@@@@@@A@@A@@@@@@@@@@@AA@@@@@@@@@@@@@@@A@@@@@@@@AA@@@@@@@@@@@A@@@@@@A@@@@@@A@@@@@@A@@@@@@@@@@@A@@A@@@@@@A@@@@@@@@@@@A@@@@@@@@@@@A@@@@@@@@@A@@@@@@@@@@@A@@@@@@@@BA@@@@@@@@@@@A@@@@@@@@@@@AB@@@@@@@@@@@B@@@@@@B@@@@B@@@@@@@@B@@@@@@@@@@@B@@@@@@@@@@@BB@@@@@@@@@@@B@@@@@@@@@@@B@@@@@@@@@B@@@@A@B@@JGHADA@AA@@AAAACAA@C@ADAD@B@BB@@@BDBDBB@DABABABCDC@A@A@ABABABC@A@C@AA@AA@@A@@@@ABGAA@AACA@AAA@A@@@AAA@AAAAAABCFCJAJ@BA@E@I@K@CBCFAFBB@BCACIEG@CBADEEAMBKRQFGJKIIQIIA@AAAAAAAAA@A@A@@A@@AB@DC@@@A@AB@AA@A@@@@AACAAAAAAAA@A@ADAHCBACCA@@AAEBA@C@@@@C@ABC@ABC@C@AA@AB@BGHCBCBE@A@A@ECAACAC@AB@B@BBD@D@BADA@A@A@AA@@AAAA@@AA@@AAA@AA@@AAA@AA@@A@AAA@A@A@A@AA@@A@A@AAA@AA@@A@A@A@AAA@A@A@A@ABA@ABA@@B@B@B@B@@AB@B@BAB@B@@@B@BAB@@@BBB@B@B@B@@BB@B@B@B@@AB@BAB@BA@@BAB@BA@AB@@ABA@A@A@@@A@@@CC@IBOCEI@GFIHEB@@@AA@AAA@C@ECAA@@@ABABCBCAAA@AC@@AAA@@BCA@A@A@ABABABA@@CAMAABCBCBCDABCBA@CA@@AA@A@A@CBA@EEAIEEC@@@@A@@@AAAA@AAA@AA@C@C@@@ABBB@BA@@BAAA@A@@B@BG@M@aDSGIGKUAKAMIOEICEI@QAOAOGKKCKCKAKDOHQ@OCMEQBMBMHIDKDQLSHGLCN@RBLB@EIOIOMgAULM`CDIMGGKAKACI@QEMEMIGEOIK@UFM@IHMBKIOGKESCGCMASBMCMK@A@A@A@A@@@A@A@A@A@AAA@@@A@ADCBCAE@A@A@ABC@C@AB@BAAA@@CA@AAC@@A@C@CBC@@B@B@@B@BB@B@@@BAB@@A@AB@@CA@ABA@A@AAA@BE@GACBABBBBD@BCDOJKDAICMASIKGCKAGDGFKDGBEGGGIEQHUFQDQHKFG@IEMMOIKGOMKIK@GFGLCP@TBLCLIJOHeDQBWFODOJMFA@@@AB@@ABAB@BA@DFBFAHAHDBDBHBHDFBFDDF@HBJDDFBJFJHPFHFHHDBHHBDD@DBD@DFFDJFFDHDHHDDFF@FBJAF@HCHADEDCD@D@FBDBDADCBAD@FBFBB@B@@@BABBB@@A@@@@B@@@BA@@@@@AB@@A@@@@@@@@@@@@B@@@@A@@B@@@@AB@@@@@BA@@@@@@@@B@@@@BB@@A@@@@B@@@@B@@@@@@@@@@@@BA@@@A@@@ABCBA@C@E@@@A@A@@@@@AA@@@@@A@@A@@@@A@@@@@AA@@@A@@@@@AA@AA@@AA@@B@@A@@@@@A@@@@AA@@@A@@@@A@@@A@@B@@AA@C@@AA@@@@@@@A@@B@@A@CASIO@AAA@ABC@AA@AA@AB@BBDDBBBBBABABABABA@AAACCGAA@AC@A@C@AB@BADABI@CBCBC@ABABED@B@BBD@@BB@BD@BBBBAB@B@B@BBDBBA@BB@HB@BBB@@B@BA@A@AA@B@BADBBB@@BAB@@A@@AA@A@A@AB@B@DB@D@DBB@@BABABA@@BA@BB@D@@A@CBAAAAA@@AB@D@@A@@AAA@C@A@CBABABA@BBBBD@@@B@B@B@@B@BBFBDCNGNCNDDHFB@DBDB@D@FAFABABAB@BBFBDDDDD@FADDFFDJBDBB@FBFBF@DDBDBH@@@JKHGFPBNBBBHDFFBBBBBLBPJHFB@@DDFBDDBFDDFRLHPFN@DFHDHFD@H@HDBDCFGDBDDF@B@D@LBJFBLAHHBJ@LFNHD^CBE@IVGJBFDDE@GHO@MGOAE@CDANFPFL@FA@CDAFADDFBDDFBH@FBBJFFDDDD@DBHBHCFEJCHBH@HADBD@@B@BBAD@FBD@DBFFFFFFFHBFBFDDF@DBF@JBHFFFDBD@DAFBFBF@DG@EAEBE@I@IAIACDA@CHCBAAA@E@CB@BDDBDBD@BA@ABA@A@KDCD@BBBLHDFBD@FCDABCAC@A@AB@BED@HGBIB@DBF@JCFEBGDEFIHIFCBEBGDIFGDAFADBFBHDDF@B@NLFTBLDJFrFN@PHN"],"encodeOffsets":[[119367,27282]]}},{"type":"Feature","id":"350425","properties":{"name":"大田县","cp":[117.849355,25.690803],"childNum":1},"geometry":{"type":"Polygon","coordinates":["@@@AD@BCFADCBC@A@C@A@@@AB@@@BADAAI@KBITCTALCDCC[DKNBJLDFLFJGHOPEHDTTJMJMFU@QAI@QG[GUKSIYCMCICIFETAL@JMRWHKJELIP@LNDNJLLJJHJFRDNCHIJMHETIDJBN@PHRFRPQAS@ILQFMBKBABABCBEBE@@@@CBE@GBEACAECAC@ECMAQA@ECAA@C@E@C@CAC@C@C@C@A@GIKIKCI@M@MAKCS@O@K@MDGDCJ@N@VIJCDCBC@E@I@@A@AD@F@B@BAB@@@@AAEGCAA@CCCMIE@ABCACACAEAEAC@CDADA@CAEAC@A@CBE@CAACE@C@CAC@ACACAEAA@E@GBGFC@AAAEAI@EAAEDE@@A@GBCDAFA@IDGFEDE@GBCF@HBFA@AACECBCDCDABEBCBABBBFDFDDD@F@@A@C@EAG@@K[@C@CAIEGECI@MAKGC@E@G@I@MCEC@ABA@AACEAEBEDC@C@@@ACBADABA@AECE@EECCAGAE@CBAD@D@DB@@@@JFB@@@B@B@B@B@BC@AAAAA@A@@BC@ABABC@@@ABAA@BA@@@ABBDD@@B@BAB@BBB@DBB@B@@@@A@@BAB@@AB@@@@A@A@AAA@@B@B@B@B@@@DC@@BA@AB@@A@AA@AA@@@AB@DAD@BABA@AB@B@@@B@@@AC@A@ABABAD@@@BAAA@@A@A@@ABAB@BA@A@ABB@BBB@B@DB@@BBB@ABABAB@D@B@DAD@@@B@BBFBBBDBF@F@DBDBDB@BB@DH@BD@HCHBD@DABABGBEBG@GAG@ABCCOCICCGCAEBEBC@AACEAAAACBIACCCICA@@ACAEEECAA@AAACACAEAA@@@AAAA@AAAEIEGGCEAKACE@E@EAC@CBAD@DA@@ACCACBEDEHKFIFE@E@CACAAAA@CACAE@C@AA@AACACE@CA@AAC@CAACCC@CAEACAC@A@CBCAAAAAAAAAE@CAE@C@E@A@@C@ACAC@C@C@CBC@E@A@CACACAEAC@G@CBA@IEKGIAEBIFIPKTCBIHEFG@C@GGGECACACBEBG@G@CA@A@CBC@C@GBINM@@BABC@CBCAA@AC@A@C@ABCBCBCBCDCBADCDEDCDADCDCF@@C@CCAAEBAHAFEFI@GAKCGDA@C@CBABAB@BDBB@@D@@ABC@E@CAC@EBC@AAAA@@ABC@AACAC@CBGDADABC@CAECCAACAAGR@XBHBDDFBF@DBFBDBHBDBBD@D@BB@BFD@@BABALEBADAHIHAD@BDHLDDNLDFFHBHFZBJAH@BE@A@ACAAAB@@@@K@cGKLK\\KNINYVMHGNGTKTQJOBAACAG@GCOIOKOIKAI@GBGJGPCFBFHFDDAHOPCHEHCBKBI@ODOHEFCPKTEFE@CCCCG@EAEAECKIEIEIGCA@@D@DADC@CD@F@HCHCFBFLHDDBB@B@DAB@@BBDD@@BF@HCHGJBD@@@BAD@B@BFLNJFLAPINGRBJJNLHPANDFFHFFBDFBD@BAB@F@DBBBD@D@BABABCBAB@D@DBBDDDB@@B@DBD@F@BABCBAB@BBBBDBBBF@DDBD@B@D@D@B@BBDBBBHDFFDN@TAN@FABA@GCGGQ@ABC@CDAB@BC@AAC@CAC@@DCJGNEDBDBFAD@FBFBF@DDDBDDDDBDDBDDDDDDFDDBFDFDDBBBLPDBB@HGDCBAB@DADAD@B@BBBD@BDDBBBBBD@DBDBDDDFBFDDDDDDBBDDBDDBBDDBD@B@FBBBD@DBFAF@FAB@DBDBBFFDDFDFD@BCHEDABDFFLX\\FBH@JBDDDDDFBDDB@@F@BADAH@DBD@BD@BBBFBD@BBBDBD@F@FADAF@F@BBDBD@@BB@B@B@BADEDEBG@EBEBA@A@AA@CAAC@A@A@@BABAB@@@@@BCBCBA@A@AAA@A@A@CBABABABAB@@@BD@D@@@B@BAB@@@@B@BB@BB@B@BA@@BCF@D@B@@BB@@AF@B@@BBD@@@BB@DBD@D@BBFBD@B@DCDA@C@E@AB@ACBA@AB@@A@E@ABABCBCDC@@@AA@A@@HCBA@@@AA@A@GAAAAA@A@A@A@A@A@C@A@@AAA@EBC@C@A@CBCBC@A@AAAAAAAAAA@A@@@@ABCBAB@@A@AAA@@@C@AB@@@@A@ABA@A@@BA@ABA@A@@@AB@@A@AB@@ABA@@BAB@@AB@@@B@BAB@@@BCBE@GCECI@AD@FADCB@BFDFF@@BBBB@B@B@BAB@B@B@BB@AD@B@D@DAB@B@@AB@BABA@@B@B@B@@BBBBD@D@B@DBB@DBBBBBBBBB@BBBBB@BD@DDBB@BD@BBB@JDBBDBBBDBDBDBBB@@DBD@BBH@FDDBD@F@DADEFAF@B@J@FCHCDABCBEAACAAC@@@AB@HAFCFCDABADBBBDBDDD@D@@@FFFHDDFBFFBB@DBB@DHD@B@BABAB@B@BB@D@B@@D@F@BB@BBB@D@DBBB@DCV@DBDBBBBAD@D@D@@AD@B@@@@@@D@FAB@@BD@@@BDBB"],"encodeOffsets":[[120635,26789]]}},{"type":"Feature","id":"350426","properties":{"name":"尤溪县","cp":[118.188577,26.169261],"childNum":1},"geometry":{"type":"Polygon","coordinates":["@@A@@DCBCBCDCDGDABGBQAGECCEAC@EDAJ@NAJADEBED@FARCHIFEBIAEIEQEKIEK@O@GHGNAJEDCAGEGIEAGFCFCHI@IAIIGIAGFGFKBECEECIAIDMAEEACAECAGAAAECCCCACBABCDEB@BABGHIHM@EEEKKGQCOBGF@JFF@HCBODOJIBA@CCCCAAACCACAC@C@A@E@C@CBC@E@A@CAAACAEAEAEACCACE@A@CBCBEEIEKCQBGA@CAC@GDABAB@HCBCBEAEICKGKMIGE@EDEHGHC@GAEAA@E@CDABCFABABC@CAAC@CC@EAC@A@GAAA@E@@B@BABABEBAACB@B@BAD@DCBA@ABADCDAB@BAB@@A@CBCAAACCC@A@AA@@J@FADCDIDUJM@I@CDCH@N@L@PDTBL@N@NDJJLJL@H@B@D@D@DBD@D@D@F@DBBFDB@BRDN@FBDFDDBFBHAF@DA@@@@AFAFADABABALENKR@JBTOREQGQ@OAMCISJGFINGJMDQCIEIGKIIKCMKMO@KJIFGLQXINK@SBEFDJDJDNJZLTHVH\\@RBJ@REVININSSGCOFGPIHKECEIKMACLD\\CDKDSBSDAJ@LBJCBAB@@A@@B@@@B@D@BADCDEBADC@@BCBA@@BDDB@B@B@B@B@@B@@ABABCF@B@@@@@@BAB@@B@B@BBDDBFDDDDFBHBBDFDBHBNHBBBDDFBV@B@BABA@C@A@@B@B@F@F@DC@CBCAAAAAA@AB@BBDFBJJDD@BB@D@DCHIFEFCJCF@DBDFDDD@BAHCD@DBFBNJBBBBBBFAHCBABA@@D@BBDDDBDBDADADBBB@A@A@CBAB@BBBBBDDFJPBFDFJHJLFDBD@B@DABABCB@B@D@BDBH@BBFDFFBB@B@DCJCDAB@D@BBD@@HCDCHCDCB@@B@B@DBDBBHD@D@DBDB@F@DAFBDDFD@FBD@@BBBADCFCB@BDBBBBBABCDABADBDD@DAD@F@DDDBDDAB@D@BB@D@B@DA@@B@B@BD@FFDDBDF@LAFCFEFEJGBCBEBAF@DBJBVDH@BBFDHFDJ@JAD@DBFBDBBHAFAFCFEBCDADBJFNJFFFH@H@DFPEL@B@BDDJ@DABAB@J@F@B@B@BABC@C@G@C@@BAB@BBDD\\TBBD@B@FCB@BBBBB@DABBBB@D@F@DBBDBD@BB@@B@D@BA@@BABBB@B@DCDADA@@@CDA@AB@B@FBBB@@BBDBD@D@B@@BB@BBB@BB@BBBBBB@D@BBB@BBDD@DAD@F@F@B@BB@BBJDB@@@D@BABC@@FC@@D@@@B@B@D@DAB@D@B@B@B@@AAACE@C@AF@JAH@DAD@DBDDDBBD@D@@@D@BABCB@B@BABBDHLHH@BD@H@L@DADAHIBAB@@@FBHFHBBF@FABCDAD@B@BBBRJB@BABE@CBAF@HAH@D@BBLJDBBBB@B@@@@CESAAC@CAECCE@E@EDGBADAFAFBBBBBB@D@D@D@@@@B@B@BBFDBB@BCBEDM@ADADAFBDBB@B@@@@EB@B@BBLH@BBDBBBALEHABA@CDEDCFCFAJ@L@J@DBBDD@H@DBD@B@F@H@H@D@D@B@BABADAD@B@BBBD@F@B@@BBB@BBB@B@B@B@@A@A@@@AA@@AAABA@ABABA@A@ABCAA@A@A@CAAAA@@AAAA@@A@A@AB@@A@@BABA@ABAB@BA@@BABABABA@ABAA@@A@AACCAAAAAA@AAAAA@C@A@E@C@GBCBADA@ABCDEDCBC@CBCDAHA@@B@B@DAB@BABA@ABA@@@E@@@@BGDCHDNH@@@@B@BBB@BBBD@@DBB@BBB@@BBB@BB@DBDBD@BBDB@@BBDBBBBBBBBBBBB@DBDBB@BAB@@ABABA@AB@BALAFEHGBGFIBCDEDCD@BBDAH@FBBBBFDBNBNAHEHEBECEAE@CBCFADAFDJBL@B@BAB@B@B@L@B@BCCCCEDGFCBEDEBAD@DCBBDBD@DAFEBE@CBA@A@A@ABC@A@@@AFBDBHCD@DBD@B@@A@EDI@C@@@CBGDCFEDEB@H@HBHADCDEBA@CFEDGFEDEDCAC@ACCAAAC@@@CACAA@A@@CBCBC@GCEEKBMHGFEDU@QBCB@AA@AA@@@AAAAAA@AAAAAAAAA@AAFELSJGEKABCBEDGDUAC@A@AA@@@@AA@@BA@@@@@AA@@@@@A@@A@@A@@AA@@@C@AB@A@@@@@A@@@@@AA@@@@AB@@@@AA@@A@@@A@AB@@@@@BA@@A@@A@@B@AA@@@AAA@@AA@AA@@A@@AA@A@CBADGDG@ACCCAEBIFC@BAAC@C@A@AAA@ABABA@A@A@A@C@A@@@@EK@KBSHMHEH@@BLBDBDBDA@E@@ACA@BA@A@ACE@AAA@AAAAAAC@ABA@A@@@KBMFEDADOBMBEHAHDDAAAAE@CAAIGAGJGFEGCIA@@ABCB@BC@ADABABABAB@@CBA@A@A@@@C@GAOAIAKAI@eASDG@AABGBGFGDGAK@K@AEECCAEBGDI@AA@A@C@@A@KFABC@E@EDKAGCGAACG@A@@@A@@B@@AB@B@@@@A@CBA@@B@@ABAAA@AAAAA@@@AAA@@@AAA@@BA@@BABABADA@A@AAAAA@A@ABA@AAAAC@AAAAA@A@A@C@@@CAC@@ACBA@A@A@@D@D@@@BA@C@ECCCCEIAAAA@A@@AC@A@CBEAAAACA@@@A@@B@@@B@BA@ABEBABCBCDADC@A@A@@CAC@C@@BB@@B@BAFCDADABA@C@E@C@CBABE@E@GBEBABCDCBC@CACACCAAACBEB@B@BE@A@CBA@ABABA@CAQ@CACCCA@E@A@E@AAEEA@@@AB@BHpBJADEDEBEHAB@@ADABGFEDGFEFCBCBCCACEEEGCEGGCE@@BCBEACE@G@AAAC"],"encodeOffsets":[[121252,26511]]}},{"type":"Feature","id":"350427","properties":{"name":"沙县","cp":[117.789095,26.397361],"childNum":1},"geometry":{"type":"Polygon","coordinates":["@@ACC@AAA@@AB@BCAACC@@@A@A@AA@AAAA@@A@AA@ABAD@DCDAHC@B@@@BCD@BB@D@BABC@CAECEEC@@AG@CDAHC@GB@@@BAH@HADABAACCECCC@A@@@A@C@C@@@CCCAC@ABA@AAAE@@DAB@BCBE@E@GBEDAF@DADCBE@C@A@@GQ@AFAF@HBBCDGBG@@AA@AAAAC@@BA@ABA@ABC@A@ABABA@@@@DDDHDBNFJDB@DDB@@@@@@A@C@CBCB@BBBBBBDBDA@C@EBABAD@HAH@D@FBDDDBDBLRBBB@B@FAFCBCBCBCBAB@BBDBDBHADAD@B@FDDBB@DCFCDADBDDBDBD@FEFAB@B@BBBD@DCB@D@BBD@F@DADABCDCHAD@FBDABA@ACCGEEGKOCC@A@E@C@@A@@@AA@@@A@@@@@A@CHEPKDC@C@K@C@AACCE@C@A@@B@@@B@@A@@BABA@@@@D@DBDBFBF@BA@ABAD@FBNFF@D@FADCDC@A@CAAAA@BABA@A@CCCIA@A@@ABA@CBCDCBA@AAAC@C@EC@@AC@C@EBEFK@CDCDA@BBBDFDFFBFBFAJEDA@AAC@EBEFEFCDC@ACACAAA@C@C@AAA@@A@AABA@CBADADADA@A@C@EBEDCB@DBDBD@B@FEB@D@F@@A@A@ADCBCBCBC@CCEAC@CBCBADA@A@A@C@AD@F@D@DBBBBABADCFAD@DBB@B@@@@C@CDCB@@A@AAACC@A@A@A@ACC@A@AFKEO@C@GEGEEMIIECACBADEFEDEBGBAAACAE@CBC@ICIGEECAAG@UCIACAE@ABAFADIHEFEFEDKBE@ACCCEEC@@A@A@AB@@C@A@CAAC@A@CBACCC@C@EBC@CCCCAABCBADABAAAAACA@EDCDABAA@@AC@EECCCEACBE@A@AC@C@CGCAAAC@C@A@AA@CDGDCDGD@@AC@A@CBADCDI@C@AAAEEECAAG@CA@A@C@ADABABA@C@AACECIKIGCEAEIOCEACAAAAA@AB@D@B@BAACACBCBCACACCAAC@@@ABABGDEBAAAAAAMIEACAC@GDABC@CCCECAE@IDEDEFGJCDC@A@@ACCIIEAAC@ABAB@BBBBDBDAD@@C@E@E@A@AB@D@B@BA@A@AAUCEACAAMGGACACEAAAGCECCECCAAC@A@A@AA@AB@@@@@@@ADEBABA@@@AA@A@A@A@A@CC@AB@DAAAAC@@C@@AA@EBC@@@@@@@@ABC@@@C@CBCAAAAAC@CDU@CAACAC@A@AAA@@A@E@CA@C@A@@A@ABABA@A@AGC@CAA@CAAEEEACCEGEE@@C@C@CCCAAACAABCBEDEDGBA@@B@@BDDBBBAFADCBGDEDI@A@E@EBBFBBD@DD@@BBBBBF@DABBBBBB@DCDABBDB@D@@CBAB@D@@@@D@D@BB@B@B@DBBB@DBBB@BABADA@@@AB@B@B@LADAF@FBDBBBBB@D@B@@ABA@@B@B@@@BB@BBFAD@B@@BBBABAB@BD@D@F@HCF@@ABA@A@@BBB@B@BAB@DBDBD@DCP@BCBA@BBB@DBBB@BCBCDADCBCDE@C@C@C@A@CBCDCB@BAB@FAD@DABABCDBDDFDF@@BFBBB@BD@@B@BD@@JD@@@BJADBDDHFBB@BBD@DB@@DBDFLBBBB@D@D@BFHD@B@@@BABA@ABABCDE@CBEBADCDAD@B@DD@B@BADAB@B@B@BDHDDDBFDD@D@BBDBBBBB@DABABEBABABBBDBDD@@@BAH@F@BABAB@BABABABA@@@@@AABI@C@AAAAAC@ABADABABEBC@A@GDEDCB@DBBB@@H@D@BA@@@AAAAA@A@AB@@AA@AACAAA@A@A@KFCDCDAD@B@D@BB@BB@DB@B@DBB@BB@BABCBA@CB@@BBBDBD@@@BA@@@EIEEECC@E@C@E@CACCGAE@CCCGAGCCA@@AA@A@A@CDCBCDA@A@A@CAACAAEGEEAAAA@@ABA@@BADBDBBBDBB@D@B@DCJAFABABAACACAA@@@CH@DABABE@AB@@@@BH@D@B@BA@A@A@@CCO@AA@@@A@A@ABABAB@FADADCBA@@B@DBB@DADCBABA@C@C@A@C@ADABCBAD@B@DABABAB@D@DADAB@BCBABABABABEBEDEBE@C@CACCEECACCACACAAC@C@A@C@@BAD@DBDBDBF@DAB@@AB@@AACAA@@B@BAD@@@@AB@B@AADEBEDA@EEC@AAAB@@@@@BB@BB@B@D@@ABA@A@AB@BBBDD@@@BABCBABA@@AAACCAE@EACA@@BABABABA@A@@@CAAB@@A@CBAB@@ABBBFHJLFJBJFHLDBBB@BBBBDBBBB@@@@BAF@@@F@DADABAB@@AB@B@@@BB@BBBBDDDF@@BFBB@BCBA@ABADBDBDNX@D@BCFABADCL@@ABAB@BADAB@D@BBDABCAE@CECCGAEBC@CAAAAACAABABAB@D@D@B@DABC@C@@BC@ABABA@@B@BADAF@B@DBF@@DFFJDBB@DBDB@B@FCF@@@BBDDBBFDFBBBD@B@@BBFHJDDF@DEDAB@DABCBG@GB@BDBBDBDBB@BEFGBGCIBILHBDFBHBBB@B@DBBBD@BBDBB@BBBBBBBBBBB@BBBB@@RHFBF@DEBEHCDDDLFJ@P@B@@@@LPBHVLLDRHFF@@DBD@B@BB@CBA@AB@BAB@BBF@D@DAB@@@H@LBH@DA@EAEGCECBGHOD@FBH@FD@FDFDBDAJAJAB@@@@DBDBB@BBDBBBDBBBBFDBBFBD@DBDBB@DBDAHDFDD@FABABABAB@BB@@AHBBBBB@BADABEBCBAD@DBDBLBF@FCJEDADDDJLHFB@@DA@@D@F@B@D@@@LFLDPADCBAD@BFDBDAJEB@@@HBBBD@B@BBB@BDBB@DBBB@HBHDDBB@B@DADA@ABCD@"],"encodeOffsets":[[120688,27316]]}},{"type":"Feature","id":"350428","properties":{"name":"将乐县","cp":[117.473558,26.728667],"childNum":1},"geometry":{"type":"Polygon","coordinates":["@@AA@@AAACAEAAKCA@AG@KAEAC@A@C@A@A@A@C@@AA@AAAC@EACAE@C@CAE@A@EAAACEAAAC@CAA@C@A@C@C@ABC@A@C@A@CBCFCDEHCD@BBBBFDHDFBD@F@@@BADAB@DAB@BAB@B@D@BDBD@BBBBB@@BBD@D@DBB@B@BA@@BCBABA@ABA@ABAD@B@D@DBB@BBBB@BB@HADCF[FQDE@CBEB@HC@A@ABAD@B@BADADA@@BABABCDABCBABA@ABAB@@ABAB@@AB@@@B@DBB@@@B@BA@ABABABC@AB@@ABADABABA@@BA@A@A@AA@@A@A@A@A@AB@BABA@A@@BA@A@C@C@AB@@ADAFEFABCBABABCBABABA@ABA@ABCBCBABABABABCBAPIHEBA@A@AACC@AA@C@A@C@C@@@A@A@ABABABABA@A@AB@@A@A@@AACECCAAAAC@AAEEAAAAAAAG@E@A@A@AAC@CAAAA@ACC@@ACACCGECEAGAGACAEEAEAAAA@A@@@AA@A@C@CBC@ABA@C@@@AACA@AAAAA@C@AAC@AAAAAEIACAAE@C@ACAEBABCFCF@F@D@DADA@C@CCAEEAA@ABADAFAHAD@DABCDC@@BDBB@@NENA@@D@DABA@@@A@C@CDCBABAAACAC@A@ABA@@A@ABAHAAAA@C@CA@@EEQGKCUKAGKO@@@@@A@OEICKCCGDAFCFE@EAQG@@AAAAA@AAAAAAAAAAA@CAAAC@AACAA@A@AAAGCEGAJKJAHDHAFE@AAAACACCA@ACAG@C@@@EACCCEAAC@CBIDIDC@CAAACBCDCBC@GAECAA@ARKDCBC@CAC@ECAGAE@EBIFKNIJCBA@AEGQECCCAC@EDCJGHCF@BABA@EGIGEC@@@CAAA@CBCBC@CAA@@AE@@AAAA@A@A@A@A@AAAA@AAAAACA@A@IBA@AAA@CGAEGCACEKAAEECCECEIOEKCE@ABCBCF@D@DBBABA@ABCBC@G@GBC@A@GAA@A@E@C@C@AAAAA@AC@C@@@CBA@A@ABABCBABCBA@@FAD@B@@A@A@ACC@@BABA@@@CBC@C@C@A@A@AAA@CA@@AACAAE@AAAACAAAAA@@AAAAA@CAA@AACAAAAAAAAA@AAAA@AAC@@@@BADEF@B@@CFCFEFGFC@EAIGECE@G@I@E@C@@CBCDE@AAACAE@GBIFEFEHEDEFABCH@H@J@DCBEBGBAA@BC@C@CAE@AAE@ICEMG[SCKBK@QAG@OBGPERGLCLALGZAHBRFPDZBHBHDHBFEHGDI@KDKHKHGDSHKFIBOAQAMBIBMBKFQFKBQDM@IFDHBHJLDJ@ZHLFZFJJJLC`CPIJEDBDDDHBLBLFTDVDRFTLJNJHJDDCDAFANBFDDFDDBBAB@BCBCDAD@@@@B@BDB@B@BBBD@@@@B@D@@@B@BBAFADAF@BBD@BBDBHFDDDFBBBB@DAB@DAD@FAFAF@D@F@D@B@DBDBBBBDDBB@BB@BBD@F@FAD@B@DBF@HBB@DABBB@BB@DBBBB@B@BBBB@BBDB@@ABABABABADA@CBCDEBCBC@CBCBA@CBCBCBA@C@C@C@AB@BAD@B@DBDBDBB@BBB@BBF@D@F@D@FADAD@DADADEH@BCDAB@D@D@BBB@D@B@BABABADNLTJ\\DPJJN@L@@@@@@A@@BADAD@@GAICADAJBPFBCJIJCJ@PCHFHD@@BBB@B@DAD@BAF@BAB@B@BB@DBBBD@@BBBBBD@B@B@BAD@@FLFFJH@FGFGNG@@FDNLZJTPXHTDTHDHIPGFKLCX@VPNLFTLHFPJTDRDRJNN@BBBB@BBB@@@D@@@D@B@BAFDHJHBH@DDHFHBF@DA@CEGQQEE@CBCDCD@B@DHDDFBHCDC@A@A@@BC@A@ABA@C@A@A@ABA@A@@CECE@ADCHABA@@@AAC@@@CAA@A@CBA@ABCBA@@BAB@DA@@B@D@BBBBBBB@BD@@BBBBB@DB@@D@B@DB@@BBD@DBBBBFFFDDFABA@CCICG@AJ@R@HAFBBFJDB@BAAE@ADAD@DADEBAFCDBFBB@DA@ABAAC@CB@@AB@@@B@B@B@DBF@BAFCBA"],"encodeOffsets":[[120368,27641]]}},{"type":"Feature","id":"350429","properties":{"name":"泰宁县","cp":[117.177522,26.897995],"childNum":1},"geometry":{"type":"Polygon","coordinates":["@@A@AAA@AA@AMMQIQCSCOIGESKKEOM@UDWLKHEJOCGSGSCWGSOYIMKEC@@MHEHEHG@EIKE@EC@ABA@A@C@AAAA@AC@AACAA@@A@ABA@ABE@ABC@C@AAA@AC@EGDG@ODIJIDIEAAOBIBCJDHB@@BCBC@AB@@@@@@@@KIMOI[CSIMKBCBABA@A@A@CAA@A@C@CBADC@AFGBCBC@CBCBC@E@C@E@CAE@AAA@AAAACAC@C@ABC@ABAD@D@D@B@DADADAB@DADAD@DAFADCDAB@BCBABABABA@@CAAAA@AA@A@AAAAA@CAAA@AACBA@GAE@CAA@C@EBE@C@AAA@@AAACCAAAAAC@C@A@C@E@CBEBE@EBC@CBA@CAAAACECCGECAAAC@AAE@CBEBAB@A@A@@@C@A@@C@AA@A@ACA@A@A@@C@CBADADA@ABCAECCCAEBMBEDCCCGIMIKIESCQCUESAKAKCGCCCAIFOJ_DKDIIEIEYGK@YCIIKAGCGCKMEKCI@GDCJCLILGHI@SASCGHKVGJCPS^KNKDAAEAIBEDCBA@GBIBI@CB@BMFGBEBEHGDGBIFAHBJ@HCBC@GDAF@D@DADCB@@ALCJEPGPILOPIRFLLNPHZPLHXBNFTFLR@NARDHDH@BEFQJGJBLDFHEJQH@ALBLJCNDVNAJYLFWK@OFCL@LAHUHUHEJMlDTGbBHFNJLHNJLLJRPJLRHZNZDHCTJNHPRL@RDTLNHLHBN@XBT@REVKHOD@NJ\\DPBV@V@B@@AN@BABABBDBBBBDDDBDBBBD@B@B@BC@CAE@ABABAFC@@FAJAFADA@@B@B@DBDBDFBDBD@BBD@BDBD@DAFADCFCDADADCBCDCDAD@D@DBBBBBB@DBF@FBDBDDBBBBDDDBFDH@F@@@BBBB@BB@B@@ABCBADCDADADADABADCFCDEBEBE@CBCDEDCDEBEBCDCBABEBCFCBCFCDAD@D@B@D@BABCFARCHCDCFAFADAD@BABA@C@CBC@CDCF@FBDBDBDDBFBFBFBDBBDBFBFBDDBBDDDDB@D@D@BB@D@F@F@BBFBDBFAJ@FAFCDAB@BBFBDBBDBDBBBBD@F@DAH@DADABC@C@C@AAEEC@C@@F@DBH@@@BBFBFDBBBFBB@F@B@NGRKNEHA@@FAD@D@D@D@BADABCDGBAFAHCFAHADABCBCDBFBDDD@D@D@B@FBB@D@D@FAB@DADAFBD@B@B@BCBABE@C@ACACG@K@@AAACBI@A@ADAB@BBJCH@FC@@@CBGDCBCB@BCBABA"],"encodeOffsets":[[120224,27702]]}},{"type":"Feature","id":"350430","properties":{"name":"建宁县","cp":[116.845832,26.831398],"childNum":1},"geometry":{"type":"Polygon","coordinates":["@@HFPHLL``NFJLXdJNFLJJNTNPFDLLHJNPRNJJLHNFRLTHLDLBPATBXGHEPEFLJVRLRFRDPBTFRFJARAPGXETDNJPJJL\\LTBLBRARCRYHFJRDNFJRVRRNHNFLH\\PHBPHPBZFNJJFB@B@DBFBDB@BB@BABA@ABM@@@A@UAUCOI[@MPCLGFU@QAS@WAMKGMGSKQCK@OQMGSIGDYCYMQGIKQOKIIKGMIKEMAGHaCSNkFIVGVGBG@KDKPEL@EXZKBIUMMCIDAKBKG@IRGFCEAKHIRIFE@ACGCGBQ@MKQSEMEWAKGYOOGKMEKJQPOJKHOFODIBK@@DABC@C@CBEAAA@@A@ABCBC@EAEAAAAOK@IJGJOKGYCCMBOJSCKKGMCG@CGBMGEKEKFAHAFS@SAUOEACBEDEFAFCHAHAFEBCCCIEEIEGAGEA@@EAI@EEAKAA@@A@AD@@A@AA@@A@A@A@C@ABAAA@A@AACB@BABAB@BA@A@AGBIAGDABC@@@EAADAF@FAB@BA@CBG@CBGDGBCDAD@BCBCAI@EAE@E@KCEFEFADBDDDFBDBFDHBH@DBDDFFB@@BCDABBFBHBDADCDEDEDIFEDE@ECCCCIACC@A@CDADCDCBEBGBEDADBBH@FB@BBB@FBDDDDBDBDFDHFBHBF@FDAHG@EDCHGH@@@BA@AB@BB@B@BBB@@BD@BB@@B@@B@B@@CBA@A@AAAEEAAA@@A@BDB@@BBBBBDD@B@BAB@@AACAEAACAA@CAE@E@ACAACA@ABA@AB@BA@A@C@@@ABA@IBA@CBA@A@CA@BCDABCDADA@@AAA@@A@@BA@ABADABBBBB@BADCBAD@@CAA@AAABA@@BA@A@C@ACAAA@@AI@IBCB@@A@@B@BAB@@C@A@A@C@IA@@A@C@A@@BADC@E@ICC@A@AB@@ABA@AAAACCEAEAABBBB@@B@@A@CBCAEACAIAKEIEGEIEAIACEFEPIBU@IRIFGJMNSVGLCRCRFZNNRHNJBHXVLRFNANINKVGZBN@TBLF\\RX"],"encodeOffsets":[[119355,27497]]}},{"type":"Feature","id":"350481","properties":{"name":"永安市","cp":[117.364447,25.974075],"childNum":1},"geometry":{"type":"Polygon","coordinates":["@@@@@@D@BADAD@B@B@@@B@B@@CACBAFEFEH@HDFFDDH@B@DCBAB@D@@@B@BGDA@@BF@HAHCFAFBDDBPEJEHEDAAEEEEE@C@A@@B@DADADABABEFGBCAEAGAA@AFCD@@C@CBCHC@@@@@A@A@AAA@A@@AA@@@A@@FCFCBAAAAA@@A@ADADA@A@@ABCBEFCH@FBBDDFDDDB@@BDBDDDBJJDD@BAAAAA@A@EBC@@@@DC@@@CBCBCBCFBFAHAF@B@B@@@B@@@B@B@B@B@@AB@B@B@BA@@B@BAB@BA@@B@BA@@B@BA@@BA@@BABA@@BA@@BBDDBAFAFBFDB@JGDABA@@B@B@B@@AB@B@B@B@BB@@BB@@BBB@@@B@@@B@BAB@BA@@DAB@FABABAB@B@DAB@B@DAACCEBAHAHDLBJGFA@E@G@@B@BAB@BA@AB@BA@AB@@AB@@ABA@@BA@A@A@@BA@A@AB@BAB@B@@@B@B@B@B@B@B@B@B@B@BA@@B@BAB@BAB@@@B@B@B@B@BAB@B@B@B@@A@@@A@A@A@@AA@AA@@A@AAA@@@AAA@AA@@A@A@@@A@A@A@A@@@A@AAA@A@A@@NEBEBEA@@ACACCB@HAPAD@DAB@BC@AB@@@@@@A@@A@@A@@@@@A@A@A@@@@@@@@@@AA@@@@@A@@@@@@@@@A@@A@@@@@@@AA@@@@@A@@@@@@@@@A@@@@BABEHCH@J@@@@@B@B@@@FF@@@B@@@@@@B@@@@@BA@@@BB@@@B@@@@B@@@B@@D@BEDKBEDCFABCB@BBDFLLJPFFBDDBB@DDB@@D@D@BBBD@F@FAB@DBDB@FBRDDFDHDD@D@BA@CCG@C@C@@B@BDDJB@B@B@@@AAACAABCB@D@@ABA@A@@B@@@BB@DBBB@B@B@D@@A@@BC@ABCBABAD@J@FDHDF@DA@A@@BA@A@A@@BA@@BA@AB@BA@@BAB@@@BA@@B@B@BAB@@AB@B@BAB@@@@@BAD@@@B@BBB@@@BADABA@@@@@BBBBBBBBBBBB@D@DADAB@D@D@FAB@BB@@@B@D@B@B@B@B@BBBBBHBB@B@@B@@ABGD@@@BBB@@D@DCDABABAF@B@@@BAB@DA@BBAF@D@B@DC@C@AACAE@A@CAC@CAA@@C@AA@@@ABE@@AA@@@A@CDE@AB@@A@AAAA@@A@A@@A@ABA@@@C@C@@A@@BABABABADAB@B@B@BBB@B@DADA@A@@@@BABA@AB@B@D@BB@DBBB@B@FAFAH@FAFCBC@A@A@AAA@@ACAC@A@EBEBC@E@EACACAAC@EAAA@AACC@CAG@CBABE@@@CAACCECCCCIAG@EAW[EKCEBAFCDG@AECECCCEEAAAC@CBA@EBEAE@CACAA@E@AACCCAACCCAACCACCCCECEACCACAC@CACAAAACC@AACAAA@C@CBCBA@ABCDGHA@CAKOAACAECECCAECCCCCCCCAACCCCCCACCE@EAEAC@EBCACAMFIHCD@@BD@DBD@BADA@CB@DAD@BHRDH@HABEBM@SBM@ECCEAGAAAC@A@A@C@C@AACCCE@AACAAAAAA@ABADABE@C@CAA@@@CACCAA@C@CBADABABA@A@CACAA@C@EBA@AACCEEAGEEEMCOBKGIMAIHQJMBOEKMIEK@A@ABC@A@@ACHIDG@GAE@@CCAA@@IEGAGBAFAHEBG@GEOCO@CC@CFCBAFDB@FCFC@CAECCKEA@MIGWKWAII]IGSCgIO@M@EHBJJPJTDJANCN@TCTAVEHAC@GBKAGAAABOJAB@DAD@DAJAFCFADBBDBDBBBBBBBAF@F@HCBABCPCVKBQDM@KIAGAIBMAQOCIAICME]OQCM@MAWKKM@GAKECAKMOMYLGLBNDPBJALQBIEMMKKEMISQOGQICMAI@GCECEEIMIGQAEA@GCCACC@E@A@AECAECCCCAC@A\\@AC@@CAA@A@CACACEIECBEDEHELEHEBC@CAACAACC@@A@A@@AA@C@CB@FBLDN@TGPKRKLMLGL@JCNOPQDeJO@AAAAGAKAG@C@ADALAFIJ@B@BD@D@DCD@B@BJ@B@@A@A@A@A@@BAB@B@D@@AB@@C@A@A@@@ABBD@BA@C@KCCBEB@DDDJDFFBZ@D@BCDGNCHCBA@A@BEBE@CAAA@CDIJCD@BAB@BBBLDDBBDBBBBDBHA@B@B@@@DCFIP@D@D@BDDFBBD@DADCDCBADABBF@FBD@B@HENGHIJKPKPETETC^GPOHOBWCUCQGKGSCQCGJSFPbFLHZDVFNNfA`APCNFPHBNDVEL@RCZMP@LDBHDJJHLFJD@@@D@BFDHBD@DAFABB@BADEDCFBD@@DAHEHEDAF@BB@D@D@BFDB@@B@BGBG@E@EAE@AB@DBB@B@D@@ABABABA@@B@B@@AB@@@BA@ABA@@BA@@B@@@B@B@B@B@B@@@B@BAB@@@B@@BB@BFDFFDDBD@BA@C@G@CBABDBJBJ@FDDD@BADC@KBMAE@CD@BFNDDB@F@HADB@BADCDCBBDFFHDDDDF@FAF@J@DFNFJDLFPHHLLNFRJPFLBR@HAHAHELEPHPJHDLJHFLDBCFCJETFDBFDD@@@B@@ADB@@FFFDFFDBDBDBB@DBDB@BBD@D@BBB@BBBB@DBB@D@B@DAD@B@D@D@BAD@@@FBD@@@B@B@B@@@@@FBNBTDPBH@FCBECIAMDEDEBEBBDDBHBJBDBBDBBDDDJBJFFFDL@JBDAB@DAFAD@BAB@@A@A@A@C@AAAAAAA@A@ABABABABABABABABABABCBC@A@A@CB@BAB@B@DB@"],"encodeOffsets":[[120102,26828]]}}],"UTF8Encoding":true}