{"type":"FeatureCollection","features":[{"type":"Feature","id":"350303","properties":{"name":"涵江区","cp":[119.119102,25.459273],"childNum":1},"geometry":{"type":"Polygon","coordinates":["@@@A@C@ABABA@@DADAD@D@DDBFDBDBB@BA@EBCDABBDBHFFBH@JAL@L@BABABCBABBFBDDB@B@BCDCDAB@FAB@F@FADABA@CACAACGCEIE@AA@AA@@@@CAA@@@AAMKGEAE@ABA@@@@@@@B@@@B@@B@@AB@@@@@@@@ABBB@BB@@@@@@AB@@@@@@@@@BB@@@@@B@B@@@@@B@@@BB@@B@@@@A@@@@@C@A@@B@B@B@@@@@@@B@@@@@@@B@@@B@DA@@@A@@B@@@@A@A@@@A@A@A@@B@@@@@@@B@B@DBBCBCBCACCAMAACDIBIFEDCD@FADC@AAAI@GBEA@ABE@EAECCAECIEICI@IBE@A@A@C@A@@FEDEDEHEFC@@B@@@B@B@@A@@B@@A@@@A@ABC@AB@BA@@DA@AA@@A@@@@@A@@AA@@@@@A@@@@@@@A@A@@@AB@B@FA@@FABC@CCK@AB@@@B@B@B@BB@@@B@B@BA@B@@@B@B@BA@ABA@CBGAGA@EDCFABC@EAAAAABCHEFCDE@@@ABG@ABEDAD@FABCDEBCDCDAFAB@HDB@BABAFAF@DAB@@C@C@CB@@@B@BDFFDBDDFFFBBD@@DBDBFFDB@@@ABC@C@EBCDABABA@C@G@A@ABCBABADCBCBCDCBC@ABC@C@AAEACAA@C@ABC@AAAAAA@AAAA@AA@E@EBCBA@@@BCBCBEAECECICEC@EBGBGBC@CA@A@A@@@@BCB@@@@@@AB@BCBE@CACACAABCBAB@B@DBB@B@FIMIuSGCYMECICEGOUCQGYAWMJYPCDAFAHAF@FABADCBC@A@C@GICAAAEB@@@@A@C@MAC@C@C@ABAB@D@B@FDJ@B@DEBC@GBG@@@GH@@A@CDA@A@A@@@@DBD@DBF@P@B@BB@BBD@@BAFCFCB@@CBA@AB@D@@@BBBB@FBDBD@@BBJEL@P@JCDABABABABEB@BABBBIHIN@PFVBLAP@BABCD@BGBS@QAGKIOIKG@GJIFQAKEEKGIEDI@OAC@ADAH@JBL@FDPHHHFDFBBF@@@BB@B@@ABC@A@@BA@@JCDE@IAE@CDADA@CCACA@ABAB@@@BAB@B@D@@E@ICECC@GB@BBDABEDABBD@DFJ@BADAHBH@F@FABA@GBEAECIEEAG@KBEDAF@DDFDDBF@BMFEBE@G@MBM@CBEBAB@@@B@DDDBD@B@@OFABCDADADAHABADCDAF@DBD@D@D@BAD@DBBDBBD@FBBBBDB@B@BADAD@B@D@DABABAB@@@DD@DDHBDBF@D@F@BBBBF@BABAACEGAC@@@@@AB@@@@AB@BB@@@@B@@BBBBBD@BBFDDF@@BBDBBB@@@@B@@BB@@BBBBBBBBBBB@@@B@BBB@@BAB@DB@@BBBBD@B@BBB@DB@@D@@@@@BBB@@@BB@AB@FBBF@FJJDD@@BB@B@@BB@@BDB@@B@BBBBBB@B@B@BBD@B@B@@@DDBBBB@B@B@B@BDBBB@@HDD@DABC@CCAA@C@CC@G@CDCBABC@GBCAEACACACAG@G@G@ABCBBFBHDBF@BDDNDDF@B@@BBBB@BB@BB@@@@B@BBB@@@H@JABADDFDP@P@NBBDHDFBFDF@H@RAHFFFHBJ@FBHBF@BB@@@D@BB@BBBB"],"encodeOffsets":[[121929,26375]]}},{"type":"Feature","id":"350304","properties":{"name":"荔城区","cp":[119.020047,25.430047],"childNum":4},"geometry":{"type":"MultiPolygon","coordinates":[["@@@B@@@@@@@AB@A@@@@@@@@@@@"],["@@B@@@@B@@B@@@@@@AAA@@@@@@AB"],["@@@B@BB@B@@@B@@A@@CA@@A@@@@@"],["@@NI@IBELCF@DBFBFDB@B@B@B@BABABA@E@GDCpMFAJ@D@@BBBBBB@BAD@LAFADEDEBC@C@EFCBCAE@EBGFGFGDC@OFCDC@C@AISAA@C@CKMGCgAWCGBEDC@EEECA@AB@F@F@FGFIHCHGHKFEDCHIHKHIBOBIACBAFAHOJOJEFABA@CAE@CBEBEAICI@GJEBG@SCAE@E@ECECIEGKACA@AFGFC@C@AAAI@GCA@@ACCBA@E@E@BEJCDFR@FEDE@IAUFIHENBD@DG@OCOAA@ANMTADBDRNFFBDAN@DJRDDBFBDBBFBBCB@BAD@@BB@DDBDB@DBBBDD@D@F@BBBB@BCBA@C@C@C@@D@BBDD@B@DBBBBDADAB@B@@BABADA@ABA@@@@B@@B@ADIFABA@CD@@@@EDCB@HBH@B@@@@JV@D@@@@@B@@@@AB@@@@@@CDADBBHDHDFD@HAHCDEJAJAFIBGBGFAHCFABKBMDKFEBADBBDDFH@DEFEFADBFDF@BEBHJFLLFRBJEHIH@JLJPHLRBT@HA@ADCBA@ABOAKEU@OJMJGAABA@AFABABABABADC@I@OFKAI@AC@CAEAA@AA@A@@@CBAB@DA@@DADEBE@AC@AAA@@A@A@OAE@CAC@C@@B@B@B@DCB@@@HG@@H@HAD@FA@C@ACI@E@A@CBABAD@D@D@NBD@B@@@@@FABBDBHJD@B@D@DABCBA@EBEBGBEDCZO"]],"encodeOffsets":[[[122027,26000]],[[122033,25986]],[[122061,25979]],[[121998,26008]]]}},{"type":"Feature","id":"350302","properties":{"name":"城厢区","cp":[119.001028,25.433737],"childNum":1},"geometry":{"type":"Polygon","coordinates":["@@FA@ACEAEBCFEFE@CEGCCAABCFALENCLABADEBGHEHAJABEBIFIDCBG@GECGCGCAABCDC@@@@@@BA@@@@@A@@@@@CIU@@@@@AAG@GDAFC@@@@DCB@BAJEBCA@@@@A@@B@BAB@BCBA@AA@A@CBCBAAAA@C@ACCAAC@@@@D@D@DABADA@AA@A@E@CCCAACAA@ACCCA@@AC@ABA@ADEAAAACAECCIQ@CBMACEEQMACBCNSBMB@PBPDH@@CACFMJGVEJBF@FC@EEQDCFI@A@CD@JENEDADEAIKcFCEGGBEIJCC@EB_JABADABCBG@C@A@AAC@A@C@KFCBE@CACAAACCCCC@GAIBEBC@G@C@A@ABABA@C@A@A@AAAAAA@CAACAAAGCYKEACAC@ABEBC@C@C@QVKPGPDRCLCHCD@BA@CAE@C@AD@BCAEAE@GBA@@HCDBDFBB@@BADCDGBGFBDA@AC@AA@ABBBDBDDAB@B@F@BAB@@@A@GACAAAA@@AB@BBBBD@D@DA@A@CAGAGBEB@BBBNPDDF@J@BBADEFED@B@DADABAB@BCTBXENAT@LDRDLHPGD@@AD@BABACC@ABADABCBAACCEEA@A@C@C@EACBADCBAB@BB@B@FBBBBBAB@@@DABAB@BABEFABAB@B@@JAJDFBBB@B@JAD@D@H@DBB@JBDBFDDBBBABA@@B@@@BB@D@B@BBD@BB@@D@@@@@B@@@B@BBB@B@@BF@BA@@B@BA@B@@B@B@@@B@@DDB@TJBLCLMHODEL@PHDNFJFFJDHJHPBLBN@PSBABCDI@CCC@ABAB@B@HBJBHBHBH@DBBBB@BB@BDADCBCDBBBBDDBDD@D@DCHCB@BBD@DCFIPADAD@DBBB@BBB@HAD@FDJDF@@@@C@ABA@A@@BABAB@BDDDB@BCDCF@JBF@DC@IB@@AB@D@BA@@@AAA@@E@AACEGEGGCO@EAK@IBGBCD@PBJ@FC"],"encodeOffsets":[[121835,26145]]}},{"type":"Feature","id":"350322","properties":{"name":"仙游县","cp":[118.694331,25.356529],"childNum":1},"geometry":{"type":"Polygon","coordinates":["@@@C@@BABABA@C@C@ABCBC@A@ACAAAAA@EACCAAA@CBC@A@C@CAC@CBEDCBCBABGBCBCDCBAPE@@@AACCC@C@A@@BAFADAN@NAH@F@FANE@AAECCCE@CBEFCLAH@FBJFFDFBHAB@BA@E@EAGBGBC@AEI@CACBAFCBAAC@AA@AAA@AA@CBCBCJODE@CAC@ADADG@C@CCCCAACAACAADCDCB@AAAA@AACAG@GAGAIAGAA@A@AB@BDD@DCJADABOTM@KAOAIGCGEIIEMEGC@OFKPCNGDKAKSIA@CC@@@A@@@A@AA@B@@A@AB@@AAE@@@AAA@A@A@@@A@@@@@CA@@AAC@A@A@CAA@@A@@@ABABAACCAEAC@IAA@C@G@CBC@I@AAAEAICIB@@@ABABAFEBA@ABABA@C@@BAAAAAEAA@A@@ABADABCDAFBD@D@B@B@FFDDBBDABABCBAD@BDBA@ABC@@HCGOCKCQ@KBSFMAWDS@ABABABC@C@AFCFEBCAAI@E@CCMOAA@AFAHAHBDBB@B@@C@CACAA@ABA@@BBBBBD@H@B@@BA@A@E@ABACCCAAABAB@@BBDB@ACHEHADCBC@AA@EAACDC@GB@HAF@FBDB@ABCD@F@DBB@@ADCDGDKCQHOLORUA@MIGMIE[CE@E@C@C@AB@A@AA@AACAC@@A@@@C@@BEAGGGCAG@E@ECCECCC@AB@BBDBD@D@BIBE@E@@ABC@ACACAEAC@AAC@C@C@C@A@EBCAA@CAA@A@ABA@C@CACAA@ABA@@BBB@D@@A@AACAC@AAC@CCEAGACAAAAACE@@@AAC@CBIBC@AAAC@C@EAC@CBC@EACCCA@@CAGAEAEACAA@A@CB@@ACACACEACG@AECACCAAC@@@@CBE@G@CAEGCCACCACA@A@@A@C@@@C@CAE@A@AA@A@AA@A@@B@BBB@B@@AB@AA@@DBBBD@BABABBD@D@BCBGBCBAB@BCDEBABADBDAD@FBDBDABCBCDAB@B@DBBFBD@D@D@B@BFDBDBBFBBDD@B@B@@CA@AA@@@@B@B@BA@A@A@A@A@@C@AAA@@AB@B@FBH@FABBBB@D@@B@DABCDBBDBDDBD@BABA@AD@DAD@DBDBFDDBDBBFBBBB@@BEDEDEDGFCDABC@CCCCCCCACAGBAB@@AB@@@@@@@@A@@AAA@C@A@@@@@AAEA@@AABABADEDCBAF@B@@@@CB@@A@A@BB@B@DB@BBBB@BF@DBD@FBFF@D@FB@BB@BBB@@B@@B@BADCDCDABBBBB@D@@C@A@ABEBIAICG@EDEBA@EACCIKCAA@A@ABE@C@EBCBCFABA@A@AA@CAAA@ABCFADCBA@GCGAI@EBCBA@AC@A@A@AABC@A@@C@A@AA@@D@@AA@A@ABA@ABA@AAA@A@@A@A@@B@@@BABC@EBC@C@G@C@E@C@@@ACAAA@CBAD@B@@CBC@EAC@A@@@ABBBBB@FADCFAD@BAD@B@BB@DFDDBH@FAD@@@B@@ABAB@B@@AB@@A@ECCECICGCCA@E@A@@BABAH@BBDFD@BBDBFDDF@D@D@AB@@EBCD@BBD@F@H@FBDHFDD@F@BABEBGDABADBB@DAFCBGDCBABA@CBADCB@B@@ADAB@BEBG@C@AD@FFJDHADEBIBCBADCL@B@D@D@F@B@DADCBA@EAAACBE@C@A@AF@DEFCF@DCHAFADDHBDDFBDB@BDBBBFDHBBF@B@BDDF@J@HADC@EAEAC@CB@BDBFBDDBFADCBGBCB@DBD@B@B@@ABABAB@B@B@@@@@FFDDD@DABC@A@@BDFFFJFDDDFBFLNHH@@DDBBCD@DFFJDHDHFB@B@BBB@BB@B@B@BBB@B@B@@@F@B@B@BA@@@@DBFHJLNLLJLBH@DFDD@BBBD@DFDFBADAB@BDBBDFLBDABCDEDKBIFCBABBDHHHFJF@D@BABAB@@ABAB@@@@DDBB@@CD@BBDBDPNJEVLJMD@DBDDIJ@DBDFBFADGDGDBDH@NDBHBBAFKBCHBFBBH@HAH@DDB@@FCDB@@@DCJ@FDBB@B@BA@A@A@ABCBAB@FADCFCFA@BD@D@BB@D@D@D@BBBBDBBDBF@D@@@FBP@NAPCBABABAB@@A@@BA@@DABA@@@@CCCAAA@AFCNAJBD@F@@@@C@CBA@@DAFCBBBB@@B@@@@A@@@A@A@@@AB@BAB@BAB@BAB@BB@BBB@@BBBBB@B@B@B@B@B@DFLHDBDA@C@IIYAEBCHAF@FFFHDFB@D@HBJHDHAHAF@DDBDAFEHGJCNAJD@@DBFBHDFBFDDBDDHDDFDFBBBBBB@BABCBC@@BBDJDDBBBBDBBFAL@L@BCBCDCFCLG@@H@FABCNC"],"encodeOffsets":[[121707,26321]]}},{"type":"Feature","id":"350305","properties":{"name":"秀屿区","cp":[119.092607,25.316141],"childNum":27},"geometry":{"type":"MultiPolygon","coordinates":[["@@ABA@C@A@@BBDB@ABABBBBBFB@B@@BBBD@B@BD@B@@A@AD@BBB@@ABAAADADA@AAA@C@ABAB@@C@@C@A@A@CBA@AAA@@@ABCA@AA@A@"],["@@@@@@BB@@B@@@@A@@AA@@A@@@@B"],["@@@@@@DBFADABA@@AAAAE@CBAB@B@B"],["@@@B@D@@AA@@A@@BA@A@A@@B@B@@BBA@@B@BBB@@@B@B@@BD@BB@BBBA@@@AAABAB@@A@C@ABAB@@@BBB@B@BAA@AC@AA@A@BAA@A@@@AA@AA@"],["@@@@@@B@@@@@B@B@@@@A@@@@@@@A@@@@A@@@A@@@AB@@@@@B"],["@@EBGFEFCF@B@DDBD@FAFCDEDG@CAAAA"],["@@A@@@A@@BA@C@ABAB@BBBB@@@B@@AB@@@@BBBB@B@BADABA@C@@AAA@C@"],["@@D@B@B@@@D@B@D@B@B@@A@@@A@AA@@@@@AAA@C@@@ABA@CBA@ABA@A@A@A@@B@BB@B@B@BA"],["@@@B@@@@@B@@B@@@@B@@BB@@@A@@@@BA@BDB@@@@BA@@B@@@BA@A@A@AA@A@ABA@A@@@A@C@"],["@@@B@@BBDBBA@@BA@@B@@@B@B@@@B@BA@@@AA@@@@A@@B@@A@@@AA@@A@@A@@AABAAA@@@C@A@EBABAB@BBBB@B@@B"],["@@@BB@BB@@B@@B@@@@@BB@BA@@@@@A@@@@@A@@@@B@@AAA@@@@A@@@A@@@C@A@A@@@@BB@"],["@@@B@DBBD@D@BA@A@A@A@A@AB@B@B@@@@A@C@@BA@@@AA@A@ABAB@@AA@@ABAB@@A@@AA@A@@BAD@BBB"],["@@@AA@@CA@ABA@@@@@AAAAA@@@A@@AA@A@@D@BB@@B@B@@BB@B@@A@@@A@@BABBB@@B@DAB@@@B@@@B@B@@@@B@@@BB@@AB@BA@@@@@ABA@@@@AA@@BAA@"],["@@ABAB@BBBBABB@BBD@BB@F@B@@A@@AA@@@AB@B@D@B@@@AAAA@@@@BA@@@A@@@AA@A@@A@@A@AB@@AB@@A@C@AAA@"],["@@@@@@DBB@B@B@@A@@@AA@@@A@A@A@A@@B@@"],["@@@B@@B@@@B@@BB@@@B@@@B@@A@@@@@A@@@AA@@@A@@@A@@@A@@@AB@@@@"],["@@@@BBBB@@@BB@@B@B@@ABBB@@B@@ABC@@BA@@@A@A@@AA@@@A@@@AAAA@@@A@ABAD"],["@@IBOBI@IBIDAJCJDJFFBFCFKL@D@HDDD@JED@DADDBHDHDDD@D@FAB@BB@HBJFHFBFADCDEBIAECA@CBAFCFBBBABBDDBD@FAHCDEAQ@KBGDIJEH@FBDA@ABEDENCTGL@BDDHDFB@BABEBAB@DBB@BABCD@FBFHHDJ@FAFABC@CECA@AABABCBAAACCEAIAIBADCBCAACAABCDKAA@AG@EDCC@CDEHIBC@A@AA@AA@ABCB@@@@AEACAGAE@C@EBGACAEACCC@A@AB@DBB@BADCDGFIBEBAB@B@B@BA@AB@B@DBDBB@BA@KDC@C@CBCBIDCAC@ABCDABCBGDGD"],["@@KFCD@D@BB@D@DAFCHCHADA@A@CAAC@MF"],["@@@B@@ABA@A@AB@B@B@@BBB@JL@@B@@A@AAA@A@A@@B@B@BBBA@@@A@A@ACAAA@A@AAA@A@C@AA@ABA@A@@B@BBD"],["@@AD@DBBFDB@B@@AB@B@BA@CAAAAACACA@C@A@@B@@BBAB"],["@@@DBDBBB@@@B@BB@@B@B@BA@A@@@@@A@@@@AA@A@@@AA@A@A@AAB@@AB@@A@A@@A@@@A@AB@@@BA@@B@@A@@@@B"],["@@AD@@@@A@@@AB@@BBB@B@BA@AB@AA@AA@@@"],["@@@@@@@@@AB@@@@@@A@A@@A@@@@@A@@@@@@B@@@B@@@@@@BB"],["@@@BBB@B@BAB@BDBBBB@B@@B@B@@B@BABAHCBA@C@CGEA@C@AAA@ABED"],["@@B@B@BBB@B@B@FBB@BA@@@A@AA@AAA@@@AA@AA@@ACA@BA@@AAA@@@@ABBB@@@B@@@@@BA@@BA@EDA@@@@B@@@@B@D@BA"],["@@@@DAFAB@DB@DBFAJ@FAH@BBDD@F@HALEHCHAJ@JBJBDBB@B@F@HADABABA@CBA@ALOBABEDEFEZWNMDCDCDAJADAD@DABBB@B@B@B@BABABABA@ANEHAB@F@DBHDDBB@D@@@B@@A@AACCCAE@CAG@CBG@E@AAACCYIIEIAK@KBE@GACE@IEAGBC@EBEDABEBGBKEC@EFE@C@C@AAAC@ABCDE@CAC@EDEBEBKDKJMNEBCBA@A@AA@AAA@EAAACCEICCAAA@C@@@AB@BA@CAIEGEGECCAC@AACC@CAAAEAC@AB@B@B@D@BA@CB@B@B@BBBBD@BABEBkTIFEBWCKGKGICIAK@E@EBE@CBABABCBABEBGDEDEJQNQLGJCHBLAHEDMCEGACAAACA@AAA@C@AAA@@AAAAA@C@A@AAA@@AAAAA@@A@C@AAA@@AAA@CB@C@CJUDEFEBCB@B@B@FBB@DADADCDCB@BAD@BBB@D@BABABABC@AAE@A@EEC@@AAA@ABAA@@@ABCFCDCDAB@D@B@BBBBBDD@@@N@FCDG@GAG@E@EAIBG@EK_@K@GACAAC@A@A@AA@CAAAAA@AACACACACAAE@C@E@EBCBCBABC@@AAAAAAAC@ABA@AD@D@DB@AB@@C@G@@AA@@C@AAA@@A@@AA@A@AAAA@@@A@AA@@@A@AACCCCE@CCM@CA@AAA@A@AA@ABABCBC@AAC@@C@CACBA@A@@D@D@DBFAB@B@D@B@BC@CB@BABCDCBC@C@ABAB@@@BBB@BD@B@BB@@@BADADCBODCDKHAB@@@BBBDBF@D@BAJAJCDAD@DBDDDD@B@B@BADAFGHAD@BAB@@@BABABAB@BBB@@BBBBB@D@B@B@@BFHBFBBDBD@BBBBDFDBBBD@F@F@HBDB@D@BADCBEDG@uDsBMQSFSNGNMFEBA@ABIHIRCJ@LAJBL@DAD@FBDBLDDBDDBB@D@BADCJCRCJBHJPXBJBH@LAJBDDHFFFB@DBDMRGJIAMAGAE@C@CAC@CCEEEAE@G@EBE@CAACAE@CAEAEEEIEECCAC@C@CBABC@A@CAEAA@C@@BAD@DBH@BQREF@BADBFDHHJFDBH@LBJHHBF@@BD@DDBFABADCDCBC@CBABAD@DALDBBBDBBDDDH@B@DAB`IFAD@IDFJHAFHEDLdBJCFCBMFIFC@@D@F@FABDD@BB@HDJ@BB@B@DEDEH@BDBLBFHDJDF@F@FBFTDH@FAHIJ@JDFBFADAF@DBB@BAFEPIPIBGBEDAJBPAJALGJGDGFCLEHGDGJGHE@E@E@EBAB@FDFFD@FCHAXDhBHDLN@D@DBBJT"]],"encodeOffsets":[[[122386,25872]],[[122434,25772]],[[122266,25758]],[[122237,25718]],[[121933,25635]],[[122329,25582]],[[122516,25833]],[[122474,25841]],[[122480,25849]],[[122461,25848]],[[122461,25821]],[[122449,25855]],[[122450,25871]],[[122463,25792]],[[122423,25772]],[[122389,25759]],[[122350,25860]],[[122339,25802]],[[122233,25935]],[[122207,25920]],[[122120,25960]],[[122130,25957]],[[122231,25718]],[[122143,25765]],[[121875,25778]],[[121906,25704]],[[122103,25925]]]}}],"UTF8Encoding":true}