{"type":"FeatureCollection","features":[{"type":"Feature","id":"820001","properties":{"name":"花地玛堂区","cp":[113.552965,22.207882],"childNum":2},"geometry":{"type":"MultiPolygon","coordinates":[["@@LADA@ABA\\siV@@@B@@ABA@@@@@B@@@@B@B@@A@@B@@A@@@@@@@@@CD@@A@AB@@EFA@@@A@@@AA@@GAIA@BBBA@AH@D@@@@BB@@B@D@B@B@B@@@B@@@@@BBBD@@@@BB@@B@FA@@D@B@FA"],["@@B@N@LC@@BAA@EMA@@A@K@AECMB@@AB@JBF@DABA@@B@D@BDD@B"]],"encodeOffsets":[[[116285,22746]],[[116303,22746]]]}},{"type":"Feature","id":"820006","properties":{"name":"嘉模堂区","cp":[113.558783,22.154124],"childNum":1},"geometry":{"type":"Polygon","coordinates":["@@JB@@@@@@`HvPNWRqYL[L@BA@@@@BA@@@@@@@@AC@@AA@@@@@BA@@@@@@@@A@@@AAA@@@@@@@@@@@@@@@@@@@@@@@@B@@@@@@AB@@@@A@@@@B@@@@@@@@AB@@@@CA@@@@@@@A@@@A@@A@@@@@AA@@@@A@@@@@@@@@A@@@@@A@@@@@@@CBA@@@@@@@C@E@G@@BILEL"],"encodeOffsets":[[116265,22694]]}},{"type":"Feature","id":"820003","properties":{"name":"望德堂区","cp":[113.550252,22.193791],"childNum":1},"geometry":{"type":"Polygon","coordinates":["@@@A@@CC@@AAA@AB@@@@@@A@@@A@@@@@A@@@A@@@@@@@@@@@A@@@@@A@@@@@@B@@@@@@@@@@@@@B@@@@@@@@@@@BDB@@B@@B@@DBBB@@@@BBB@@@DC@@@@@@@@B@@@@AB@@@@A@A@@A@@@"],"encodeOffsets":[[116285,22729]]}},{"type":"Feature","id":"820002","properties":{"name":"花王堂区","cp":[113.549052,22.199175],"childNum":1},"geometry":{"type":"Polygon","coordinates":["@@AA@@@@AACA@@@AA@@@CA@A@@@@@@@@@@@A@@@@@@@@@@@@@A@@@B@@AA@@@@A@@AA@@@@B@@@@@@@@@@@@@@ABA@A@@@@@@@@@CBA@@@@F@F@BJBHB@@BB@@B@@@B@FE@@BA"],"encodeOffsets":[[116281,22734]]}},{"type":"Feature","id":"820005","properties":{"name":"风顺堂区","cp":[113.54167,22.187778],"childNum":1},"geometry":{"type":"Polygon","coordinates":["@@FGB@@@@@@@@@BA@@@@@A@@@@@@@@AA@@@@@@@AA@@A@@@AA@@A@@@A@@@@@@@@@@@@AAA@@@@@@A@@A@@AA@@@@A@@@A@@A@@@@@CB@A@@@@A@EDBFFJDHDFB@"],"encodeOffsets":[[116266,22728]]}},{"type":"Feature","id":"820004","properties":{"name":"大堂区","cp":[113.55374,22.188119],"childNum":1},"geometry":{"type":"Polygon","coordinates":["@@uO_G@@@@@@IA@@CHEHCFAF@H@BFCB@@@@@@BDA@@@@B@@@@B@@@B@@B@@BB@@@@B@@@@B@BB@@@@@@@@@@@@@B@@@BB@@B@@@BB@@B@@@@@@BB@@@@@@@@@B@@@@AB@@@@@@@@A@EHDA@@@@@@@@B@B@BA@@@@@@@@@@@@@@@A@@B@@BB@@@@@BB@@@A@@B@@@@@B@@@@@@@@@@@B@@@B@@@@@B@@@B@@@@@@@BAB@BB@@DD@@@B@@B@BA@@@A@@jUJQ"],"encodeOffsets":[[116313,22707]]}},{"type":"Feature","id":"820007","properties":{"name":"路凼填海区","cp":[113.56925,22.136546],"childNum":1},"geometry":{"type":"Polygon","coordinates":["@@IKACA@AAA@A@C@@@AAA@AAAAA@A@@@E@A@@@@@@G@@@@@@@@A@C@@@@@@@@@@@A@@A@@@@@@UCBV@B@@@H@DCFIFH@F@D@@@@@@@B@DA@@@@@@B@@@@@B@@@@@@@@@B@@@@@BB@@@@B@@@@B@@@B@@@@@@DB@@@@BA@@@@@@@@@A@@B@@@@@BA@@@@@@@A@@@@@@@@@@@@@@@@@@@@@@B@BB@@B@@@@@@@@@AB@@@@B@@BD@@B@@@@@@B@@A@@B@@A\\K"],"encodeOffsets":[[116316,22676]]}},{"type":"Feature","id":"820008","properties":{"name":"圣方济各堂区","cp":[113.559954,22.124049],"childNum":1},"geometry":{"type":"Polygon","coordinates":["@@DI@AMMa_CACA_CA@MD@F@L@H@JVD@@@@@@@BB@@@@@@@@@@@D@B@@@@@@@@@@H@@@@B@F@@@B@B@BBBBB@BB@@D@B@B@BBB@BDJLZK"],"encodeOffsets":[[116329,22670]]}}],"UTF8Encoding":true}