{"type":"FeatureCollection","features":[{"type":"Feature","id":"810002","properties":{"name":"湾仔区","cp":[114.18299,22.276345],"childNum":1},"geometry":{"type":"Polygon","coordinates":["@@BK@A@@@@B@@A@@BB@@@@@@B@BB@@@@@@@ABC@A@@B@@@@@@@B@@@@@@@BA@@@@@@@@B@@@@@@@@@@@DBB@@@B@B@@@BA@@BEDCBCBAB@B@B@BBBBBDBCBADECCCACACAE@AI@GA@GAIAC@A@E@A@ABCAA@CBE@MBBD@JBJAP@`REHD"],"encodeOffsets":[[116927,22822]]}},{"type":"Feature","id":"810005","properties":{"name":"油尖旺区","cp":[114.173347,22.311632],"childNum":1},"geometry":{"type":"Polygon","coordinates":["@@@AA@@A@C@A@@@A@A@ABCBCBADCBCDCBABAB@@@@@DCB@@A@@@@B@@ABCFOUEGCQFaLC@@dARD@BBB@@@@@BBDD@@@@@@@@DC@@@@@@B@@@@@@@@@@@@@@B@@B@B@@@B@B@BB@@@@D@D@@@B@@@D@F@B@@@@@@@"],"encodeOffsets":[[116920,22860]]}},{"type":"Feature","id":"810003","properties":{"name":"东区","cp":[114.225965,22.279779],"childNum":1},"geometry":{"type":"Polygon","coordinates":["@@rW@AAA@C@ABCDEFEBCLGDC@A@@AA@@A@@A@ABA@A@A@A@AAC@A@AAAA@AAA@@AAAA@@A@A@@ADGJAB@@A@@@CBC@CBA@A@AAC@@@AAABCBA@A@K@CBIDA@A@A@AAA@A@A@CBA@A@A@EA@HBJF@DBDBDBDDCFABADACAAAAA@A@A@ABADCDAF@@AB@@A@A@@@A@CA@@@@@@@@@@A@@@@@@@@@AB@@@@@@A@@@@@@@A@@@@BAD@B@@@@@@AAA@@@@@@@AA@@@BA@@@@@@BALVFfNTI"],"encodeOffsets":[[116967,22827]]}},{"type":"Feature","id":"810004","properties":{"name":"南区","cp":[114.160023,22.245811],"childNum":6},"geometry":{"type":"MultiPolygon","coordinates":[["@@FBB@B@B@DAB@B@B@BBB@B@B@JCDAL@B@B@DABABB@@D@BBB@B@DAD@DA@@B@@@BAHIBC@@@@BA@AB@@CBABABA@A@A@AAABA@@BAB@BBB@@@BA@@@A@@@AA@C@@@A@@A@@@@A@A@A@@@@AA@BABABC@ABC@E@A@A@A@A@@BA@@B@BA@@B@@A@@@AB@@@BA@@AAAA@@@AB@@@@A@AA@@@@@AB@@@@A@@@@BA@@BA@@@AA@@A@M@EBE@ABADGNC@G@IECCA@AAAC@ABCDEDG@AAA@ACAA@EAG@C@ABADE`@@A@C@CCCAA@C@AB@@AD@BBBBBBD@BABABEBCDAB@B@@B@B@@BBAB@@@B@@B@B@B@B@@@B@@@BBB@BAB@@@B@@AB@@A@C@A@A@@@AB@@GJA@CBA@A@AACIAG@CAA@AA@A@A@A@CBEBA@@@ECA@@@A@ABCF@BA@GDCBCBCDCBABADABABA@EDCBCBAD@@MTCHIJABL@@@@@B@B@@@DBB@DBD@D@BADADCDCJIFG@A@ABA@C@@B@@@B@@@D@D@DBB@BB@@@@B@BAB@FBB@B@@@NAF@DAB@DBBAB@F@B@D@JBHBB@"],["@@@@BA@@A@@@A@@@@AA@@@AB@@@@@@@@@@B@@@BB@@B@"],["@@@BB@@@BA@@@A@@@@@@CC@@A@@B@@A@@A@@@AC@@@A@@B@BA@@B@@@B@BB@@@B@BAB@@@B@@@@@B@"],["@@B@@A@@@AA@A@C@@B@@@B@@B@B@B@"],["@@B@B@@AB@@AA@AAAAA@AB@BAD@@@BB@B@BA"],["@@B@@A@@@@@@A@@@A@AB@@@@@@B@@@B@@@"]],"encodeOffsets":[[[116946,22787]],[[116886,22776]],[[116934,22767]],[[117006,22758]],[[116932,22748]],[[116970,22738]]]}},{"type":"Feature","id":"810006","properties":{"name":"深水埗区","cp":[114.163349,22.333775],"childNum":1},"geometry":{"type":"Polygon","coordinates":["@@BC@A@@@@@@@@@A@@@@@A@@BIBA@AB@@A@A@A@A@AAA@ACC@@@@@@A@E@C@@@A@@@C@C@@@@@AAA@A@@@A@A@@@@A@@@@@@@@@@@@A@@@@@@@CD@@@@@@@@CCAA@@@@A@AAC@BQg@A@@@@BAD@BADAB@@@@@@@B@@BBLFPH@B@@@B@@A@KDA@ABABAB@B@B@B@@BB@@B@@@@@@@B@@@B@@@BBB@@@BB@@B@FA@@D@@@@@@@B@@@@@@@@@@@BAB@@@@@@@BB@@@D@@@@@BB@BBHBD@D@J@D@DBB@D@D@B@B@B@"],"encodeOffsets":[[116919,22881]]}},{"type":"Feature","id":"810001","properties":{"name":"中西区","cp":[114.154334,22.281931],"childNum":3},"geometry":{"type":"MultiPolygon","coordinates":[["@@D@bK@_BOAI@IAC@@A@A@EAA@ABA@@@@@AAA@CAC@C@@@A@@@A@@@@DAB@B@BEHIJCDCDCBABC@C@CAA@CA@@A@A@@@@@K@ABAF@D@B@FBDDDFBFBDBFFDDFBFBDBNB@@@@H@"],["@@A@@BB@@@B@@A@@@A@@A@@B"],["@@@@@@AA@@A@A@AA@@AB@@@B@BBBB@B@DA@A"]],"encodeOffsets":[[[116895,22829]],[[116861,22818]],[[116860,22817]]]}},{"type":"Feature","id":"810007","properties":{"name":"九龙城区","cp":[114.193047,22.312373],"childNum":1},"geometry":{"type":"Polygon","coordinates":["@@DC@A@@@A@@BC@@@@@AD@@@@@@@BA@@@@@@@@@A@@@A@@@@@@DCBA@@BABA@@@A@@@@D@@@@@@@BA@AB@@@@@@@@@B@@@BBB@@BB@@@@@@@@@DB@@@@DB@@@@@@B@@@B@@@BMCEAA@@@A@A@@BAB@BAB@JICETSDQSJeMEPAD@BA@@@@@@BA@CD@@@@A@ABABCDADCDABADAD@B@B@B@@@B@D@BB@@BDD@BBB@B@B@B@B@BA@@BABAJ@@@B@@@@@B@@@@@@@@@BAD@@DDB@@@D@@@B@"],"encodeOffsets":[[116925,22883]]}},{"type":"Feature","id":"810008","properties":{"name":"黄大仙区","cp":[114.203985,22.336112],"childNum":1},"geometry":{"type":"Polygon","coordinates":["@@AC@E@CBEFY@@@@@A@@B@@@@@@@@@A@AAA@C@C@A@A@A@EA@@A@@@@BA@@@@@@@@@@BA@@@A@@@A@@@C@@AA@@BA@@@@@@@@@ABA@@@@@@@@@@@A@@@A@@@@@@@CA@@@@CA@@@@@@@@A@@AA@AA@@A@@@@@@@@@A@@BAB@@@@@@C@@@@@@B@@ABAB@@ABCD@@@@@@@B@@@B@@@@@@@@AB@@@@@@C@@B@@@@AD@@@B@@@BCDB@FBFBTDB@@@@B@@@BAB@@@@@@BBB@@AB@DA@@B@@@DD@@B@DAB@B@@@@@@@F@DBF@B@B@@@@@BBD@D@"],"encodeOffsets":[[116970,22892]]}},{"type":"Feature","id":"810010","properties":{"name":"荃湾区","cp":[114.121234,22.368458],"childNum":1},"geometry":{"type":"Polygon","coordinates":["@@AC@A@C@ABE@CBAAC@C@GBE@AA@@@A@KAA@@@@A@AAC@AA@@AKGAACAA@GAA@EAA@@@A@@B@@@HA@@@@@A@A@A@AA@@@@@@A@A@@@@@AAA@EAAAEAA@@@A@@A@@@@@@@@@@@AB@@@@@BA@@@A@@@@@@@A@@@@@@@@@A@@@@@@@@@@@@@AAA@@@@@@@AAA@@@A@@@@@@@@@@@@@@@@A@@@@A@@@@@@AA@@CACAA@@AA@@@A@EA@@@@@@@@@F@HuASIHyA@E@G@IECCGKAA@ACC@C@@ÙF~bFDHFFL@D@D@BLB@JBB@BB@FDB@BDBBB@BBHDB@A@@@EBABA@@BAF@@CB@@AB@@@DB@@@BBF@@@@@BBBB@BB@D@B@DAJA@@B@@@@BAB@B@@@B@@@BB@B@B@B@B@B@D@BBB@D@JA@F@B@BBBDDBBB@@@BAB@@BBBBBB@HDBBFDDBBBB@BAB@BAB@B@B@BBNND@B@D@@@@@@@D@B@DBJHDBD@BBD@B@@B@BBB@@@BB@VBD@D@DAB@@@FBB@@@BA@@@A@CB@@A@@@@DBB@J@D@J@B@B@F@"],"encodeOffsets":[[116914,22950]]}},{"type":"Feature","id":"810009","properties":{"name":"观塘区","cp":[114.214083,22.320679],"childNum":1},"geometry":{"type":"Polygon","coordinates":["@@B@B@@@B@@@@@HU@@@AB@@@B@@@B@@@BAB@@@@@@@BD@@@@@@@@@@@C@A@A@AB@@@B@DB@@@@@@B@@AA@@ACE@A@@@@AA@AA@@A@C@@B@FEBCDC@@@@@@BC@A@@@A@@C@AA@@AACKAA@A@AB@@ADAB@@A@A@AqXCRSTDFIJA@ABA@AB@@@B@B@@BBDFAN@@@@@@@@@@@@B@BA@@@@@@@@B@@AB@@BD@@@B@@@B@@@B@@A@@@@@@@@B@@A@@B@@@FBB@B@B@D@D@B@BBB@"],"encodeOffsets":[[116974,22868]]}},{"type":"Feature","id":"810012","properties":{"name":"元朗区","cp":[114.032528,22.44132],"childNum":1},"geometry":{"type":"Polygon","coordinates":["@@@A@GBC@ABCBA@A@@@AEG@A@A@ABABA@@@E@AAC@ABA@@DCBA@A@@@A@M@@@AACAA@A@Q@E@@@AB@@@DBJBLDD@H@BBD@DBD@B@@AFEDADAF@QWIOAC@C@ABCFGBEDCDCJGB@@A@A@A@A@A@@AA@A@AA@C@AAC@CAIGCAA@C@@@@@@@C@A@C@MMAAA@A@A@ABA@ABA@AACAECAAGCA@AAAA@AA@AB@@A@AACC@HS@@B@F@@@@@F@@F@@@@F@@A@M@@@@G@@e@@@@@q@@B@TA@I@@@@P@@SBA@@@@@A@A@EFABC@BBBDBD@@@B@@A@ICA@@@CBG@CBK@A@ABAB@@A@UBCAA@@ACEACCCAEEEA@A@@BA@AH@BAB@@SDPDDBBBFFBBFJJPHJHFDBLDLD@@@@FBHPHNJJLHDDBJ@HB@H@TC@@DCDCBABCBA@@BAB@DBB@@@BD@@@B@B@BAB@@@BB@BBB@BBBBDB@B@B@BABCDAD@B@B@B@@@BD@BBJAB@JAD@@@D@BAB@B@B@BAFA@@B@B@B@BBD@BB@@BB@@@BBD@B@DBB@BB@@BDBBBBBB@B@@@B@@@B@BBB@@@B@@@@@@@B@@@B@B@@@BABA@AB@B@BBB@DDBBBBBB@@"],"encodeOffsets":[[116828,23059]]}},{"type":"Feature","id":"810014","properties":{"name":"大埔区","cp":[114.171713,22.44573],"childNum":15},"geometry":{"type":"MultiPolygon","coordinates":[["@@DCDCD@F@DA@A@CCCC@G@IDEBADCH@D@FDDHDB@BA@C@C@E"],["@@@C@A@AAAMIAACA@@A@EICCCA@@AAACCACA@@A@A@@@A@@@@A@A@AAACAECICC@CAECA@@A@@A@@AA@A@@@ICECA@C@A@@AA@@AAAEAICCCAACEACAAECCAA@GCCACACBCBAB@D@B@DABQTCB@BA@@B@@A@A@A@@AA@A@AAE@C@A@A@@BA@A@@@A@AAA@AA@A@A@@@A@AAA@@@@@A@AB@D@BAB@@@@@B@@A@@@@B@@@@@@@@@@@@@@@B@@@@@B@@@B@@@BA@@@@@@@A@@@@A@@@A@@@@@A@@@@@@@@A@@@A@@@@@AB@BAB@B@B@B@B@@@BBB@@BBD@BB@@B@BB@BBB@B@B@BAB@@A@@AEAACCAAECA@A@A@C@A@A@CA@@A@@AA@@@A@A@A@@@@B@@@@@@C@A@C@A@@B@@@B@B@D@B@@CBC@AACAACAK@CBCBANGDCGCCCAAAAAAAE@@@@@AAA@AA@C@QAA@@@@A@@@@G@MA@@@@@A@@CA@@@@AA@@@@GAE@A@A@I@C@I@A@CA@@@@@BA@@D@B@@AB@@A@EA@@A@CBC@C@UAA@@A@B@B@B@B@BA@IHCDCDAFEHAD@B@DBDJPRX@@FBHDJFNJB@HBBB@B@B@B@@AD@@@@BB@@H@B@D@@@@@@@@A@@@C@@BA@@B@B@BB@@@@B@DA@@BB@@@@@DBDDFBBBDDBDBF@HBN@BAD@DAH@D@DAD@F@L@D@BADAB@B@@@@@BD@BBBDBDDBDBFB@BBBBBBDDDD@BBD@BB@@BB@DA@ABABAB@D@BAB@JKBADAF@F@HBD@BBD@TBF@H@FA\\KDAD@D@DBFBJDBDB@@DBBB@FDDBDBD@BBRL"],["@@AA@A@CAA@@A@A@@AA@AB@@@BCD@B@BB@@@@BBBBBBBD@B@BAB@BB@@B@@AAACC"],["@@@A@AD@BABA@CACACA@AABA@ACCCAA@CB@@@D@D@BAB@FAB@@@D@BABA@AB@@BBDB@BBBBBBBB@B@BAB@B@BA@CAA@A"],["@@B@@A@@@@@@C@AB@@@BB@@@BA"],["@@F@PBHBD@BAD@BAD@BBBBBD@D@B@BBDDDHFDB@BB@@BB@@@B@BABB@@BD@DB@B@D@D@B@B@BB@BBDFHBFBBBBDBDB@BBBDDHDFD@@B@B@BAB@@ABA@A@A@A@A@A@@BA@@B@B@@BB@BB@@B@BA@ABA@C@@@AAC@A@@BA@@B@BBB@@BBB@@BB@B@D@DA@@B@BB@@@BB@@@BBB@BB@BBBAB@DIBE@CBCDG@CAA@@AACAC@AAA@@A@AAC@C@CBCBA@A@C@A@C@A@@@@B@B@D@B@B@@ABABAB@@@BBBDBF@BA@@@A@@@@@@B@B@B@@AD@B@@BBB@BBB@@ABB@@BB@@B@B@@B@@@B@B@B@B@B@B@B@@@BB@@@B@B@DAFAFCBCBA@E@CAA@AAAAA@A@CGA@E@ADC@A@ABU@CAAACAA@CAEAAAAAAECA@A@A@@D@@ABGBCBABKJA@A@@@GCCAC@A@EBEDCBCBABADC@CBSBA@A@@A@AACBG@AAAAAAAA@I@EBCAA@AC@AACBE@A@CCIAAA@@@I@A@A@AAAGAAA@SACAC@AAGE@@@D@BBD@B@@ABAB@B@BA@BF@B@BABCFAB@B@B@B@DBJ@J@B@@CF@@@@@BDF@B@B@BBFAH"],["@@@AAC@@@@A@A@@B@@@@B@@@@B@B@B@@B@@@BA"],["@@@A@@@A@@A@@B@@@B@@@@B@"],["@@B@@A@@@@A@@A@BA@@@BB@@@@"],["@@BA@@@@A@A@@B@B@@@@B@@A"],["@@B@@A@@@@A@@@@@@@@B@@@@@@@@"],["@@@B@B@@@@@@B@@@B@@@BB@@@@B@@@@@@AAABA@@A@@@AAAB@@@@A@"],["@@@@@@@@@@@@@@@@@@@@@@@@@@@@@@"],["@@@@@@@@@AA@@@@B@@@@@@@@@@@@@@@@@@B@"],["@@@@@BB@@B@@@@@A@@@@@@@A@@@@@A@@@@@@@@@@@@@A@@@@A@@@@@@@@@@@@B@@@@@B"]],"encodeOffsets":[[[117183,23086]],[[117087,23049]],[[117113,23039]],[[117114,23018]],[[117122,23021]],[[116998,22974]],[[117082,23017]],[[117084,23018]],[[117081,23013]],[[117180,23003]],[[117039,23001]],[[116966,22997]],[[117036,22996]],[[117006,22983]],[[116968,22976]]]}},{"type":"Feature","id":"810013","properties":{"name":"北区","cp":[114.147404,22.496143],"childNum":27},"geometry":{"type":"MultiPolygon","coordinates":[["@@A@@@@FBBA@@@AA@@AAA@A@AAA@@@@@A@A@A@A@@@A@@@CAA@@@@B@BBBBD@BBBD@BB@@B@@@@A@@BA@B@@ABGHCDAB@@BBB@B@B@B@@@@B@@@BABA@@BA@@@@BBB@@BB@@B@B@B@BA@@@A@A@@@@LAJ@BBDAB@B@B@B@B@B@B@B@@@B@B@BA@@AAA@A@AAA@AAA@@@CBA@@@@@@A@@A@AA@@AAAAA@ABCBCBABA@A@@AAA@A@AB@B@BA@@@CBA@@DCDCB@B@@@B@B@@AAC@CA@A@ABA@A@"],["@@DC@@@A@@@AA@@B@@@B@@A@A@@@@DA@@B@@B@@@BA"],["@@@@@A@@@@@@A@@@@@@B@@B@"],["@@@@@@BAA@@@@@A@@@@@@@A@@@@@@BB@@@B@"],["@@@@@@A@@A@@@@@@@B@@@@B@@@"],["@@B@@A@@@AA@@AA@A@A@@@@B@@BB@@@@B@@@BB@@"],["@@@@@A@A@A@@A@ABAB@BB@B@B@"],["@@@@@@@A@@A@@@@B@@@@@@@@B@"],["@@B@BA@A@AECAAA@@B@BABBDBBB@B@"],["@@B@@@A@@@@@@@@@@@@@@@"],["@@BABAB@B@BB@D@F@BBBB@BCBA@C@AAA@A@C@C@A@A@CC@A@@BA@@@ABEDCBA@CB@@AH@BBBBBB@DABC"],["@@@@BA@@@@A@@@@@@@@@@B@@"],["@@B@@@@@B@@@CC@@A@@B@@@B@BA@@@@BB@@AB@@A@@"],["@@@A@@@@@@A@@@@@@BB@@@@@"],["@@@@@@@@@@@AAB@@@@@@@B@@BA"],["@@@@A@@@@@@@B@@@@@@@@@@@@@@@@@@@@@"],["@@B@@@@AA@@@@@@@@@@@@@@@@@@B@@@@@@"],["@@B@@@@A@@@@@A@@A@@@@B@@@@@@@B@@"],["@@B@@@@AA@@@@@@@@B@@@@@@"],["@@@@@B@B@@@BBA@@@@@A@@B@@@BB@@@@@@B@@A@@B@@@@@@BB@@@@@B@@B@@BA@@@@@@@@BAAA@@B@B@@@@@@@@B@@A@@@BB@@B@@@@@@@@B@@BB@@B@@@@@@@@BB@@BB@@B@B@@@D@B@D@@AB@@@BBBB@FCDAB@BEBAA@@@@A@@@@B@@@B@@@B@DC@@@AA@AAA@@A@AA@AAAAA@A@A@A@@AAC@@A@A@EB@@A@@@@A@AA@AAAAEA@@A@A@@BCB@BB@@@@@@@@B@@@@@B@@B@@@@@@BA@AB@@@@A@"],["@@@@@@@@A@@@@@BB@A"],["@@@@@@B@@@B@@AB@@AA@C@A@@@AB@B@@BB@@BA@@"],["@@@@@@@@@@@@@@@@@B@@@@@@@A"],["@@@@@@@@BA@@@@@@@@A@@@@@@@@B"],["@@A@@A@@@@@B@@@@@@@@B@@@"],["@@@@@@@@@@A@@@@A@@AB@@B@@@@@B@"],["@@AAE@G@@AA@CCAAAA@A@@AAAA@AA@AA@@A@@A@@@AAA@C@@@A@@B@D@B@B@@BB@BB@@B@@@@@B@@@B@BB@@@B@@@BB@@@@@B@@@B@@A@@BA@@@@@@@@DB@@B@@@@@@@BB@@@D@BBB@@B@BA@@B@BBHNBBBDBDBBBD@@B@B@@@B@D@B@@@@A@@@@@A@@D@@@@@@@@BB@@@@@B@@@@@@@B@@@@@@@B@@A@@B@@@@@@B@@@@@B@@B@B@@@B@@@@@BA@@@@@@B@@@B@@@@@@@B@@@@AA@@@@@@A@@@@A@@AA@AA@@@@@@BA@@@@B@@@@@@A@@@A@@@A@@B@@@B@@@B@@@BABA@A@@@A@@B@B@@@B@@@BA@A@A@@@AA@@AA@A@@AAA@@@AAA@A@@@AB@@@B@@@BB@@B@B@BAB@B@B@@@B@@@@@BB@@@@@@@B@@A@@B@@@@@B@@B@@@@@B@@AB@@@@@B@D@B@B@@@@@B@@A@@@@@@AA@@AAAC@A@@@@@@@@B@@@@@@A@@@@@@@BB@@BB@@@@BB@@@@@@A@@@@B@BB@@B@@@@@B@@A@@@@@@@@AA@@AAAAAA@@AA@@@A@@@A@@@@@@A@@@@@@@@@AE@@AA@AA@@A@@@@BA@@@@@@@@B@@@F@@@B@@@@@@@@BB@@@@@@@@A@@B@@@@@@@@@@@@A@@A@@AB@@@@@@@B@@BB@@@@A@@BA@@@@@@B@BB@@B@@@B@@@B@@A@@@@@ABA@@@@BAB@BA@@B@@AB@B@BADC@@B@@@BBB@DB@@DBJDD@FBFBJFFDB@B@D@B@DA@@QKAAC@CACAECA@AA@CA@ACICEACAC@C@CB[LEBG@E@SAC@AAC@GAE@E@CBABILA@ABC@A@ABAB@BCBA@@AA@@AAC@ACCCCAAAAAAA@AEACCCCAAA@AAC@@@@A@A@CBABC@K@E@C@CBC@G@CBC@ABM@GAE@CACAACAACEAC@C@@@@AA@@CBA@@@@@AAA@A@@@AB@@@D@@@B@@@@@@C@A@G@@@AA@@@@BC@@@A@A@AAAGAA@MIIEGCEA@@E@CBCBEF@BA@C@CAC@AAG@C@KCIACA@@A@@B@@@F@R@BBBBD@B@@@N@B@@@BABCD@@AB@BBD@B@F@@ABAB@B@B@BFH@B@@@BABAD@BAD@H@BBB@@@B@B@BA@ABCBA@ABAB@@@BBB@@BBD@B@B@BBB@@@@BB@@BBB@@BB@@B@BB@@B@BA@@B@@ABAB@@@BAB@BBB@B@B@BB@@B@B@BAB@@@B@@BBB@@B@@@@A@A@A@A@A@@@A@@BAB@B@@@B@@BB@B@@B@@@@@@BB@@@B@@@BB@@@D@@@B@@B@@BB@BB@@BB@@@DB@@BB@AB@@@@@@@B@@@@BB@@BB@@BB@@@B@@AB@@@B@@@B@@BB@BB@@@@B@@@B@@@B@@@@@B@@@@@@AB@@@@@@@@@@@@@@@@@B@@@@@@@@@B@@@@@@@@@@@BA@@@@@@@@@@B@@@B@BBB@@@@@@@@@AB@@@@@@BB@@BBBB@@@@B@@@@B@@@B@@@@A@@@@@@@@A@@@@@@@@@@A@@@@@@@@B@B@@@@@@@B@@@B@@@@B@@@@@@@@@B@@@@@@B@@@B@B@@@@@B@@B@@@B@B@B@@@@@@@@@DDBBDF@@B@@@@@B@@@@@BA@@@@@@@AB@@@@B@@DBB@@@@BB@@@@AB@@@BAB@@@@@B@D@B@B@@@@@B@@@@A@@BA@A@A@@@@B@DA@@@@@@@@@@B@@B@@@@BAF@B@@@@@@@@@@@B@@@@@@@@@B@@@@A@@@@B@@@@@BB@@@@BB@@@@B@@@B@@@B@@@B@@@@@@@BB@@@@@@@@@@B@@@@@@@@@B@@@@@D@@B@@@AB@@@@@@A@@B@@@@@DBB@DA@@@@BBB@B@@@@@BA@@BA@@@@B@@A@@DB@@B@@@B@@@@@B@@@@@B@@AB@@@@AB@@@@@@A@@BA@@B@@@@@@@@@@@B@@@@A@@B@@@@AB@@A@C@@@C@@@AD@"]],"encodeOffsets":[[[117049,23071]],[[117017,23092]],[[117013,23092]],[[117010,23091]],[[117004,23090]],[[117009,23086]],[[117081,23081]],[[117014,23081]],[[117057,23081]],[[117015,23077]],[[117062,23071]],[[117020,23075]],[[117024,23072]],[[117021,23072]],[[117029,23071]],[[117037,23071]],[[116974,23071]],[[116957,23067]],[[117036,23065]],[[117043,23049]],[[117033,23064]],[[117035,23059]],[[117043,23052]],[[117049,23053]],[[117040,23048]],[[117054,23039]],[[116975,23082]]]}},{"type":"Feature","id":"810016","properties":{"name":"沙田区","cp":[114.195126,22.379715],"childNum":1},"geometry":{"type":"Polygon","coordinates":["@@HCDCD@DAF@DBF@D@D@DBDBBB@B@B@DBBB@FBD@F@BAD@BABBBGAE@A@A@ACE@A@@@@DE@@@A@IAI@C@A@A@ABADEBA@A@AAEB@@A@ABABA@@@AAC@A@C@@BA@C@A@@@A@@@@QC@@AA@@@A@A@A@AACAAGEGECACAC@CAA@C@@@A@@CAAB@@A@A@@@@@@A@C@C@AA@@@@A@A@E@CAE@@@@@@@A@A@CBA@@@CC@@A@@@CBA@@BA@AA@@@@@@BA@A@@@A@@A@SCEAEAA@A@@@C@@@A@CC@@A@A@A@C@C@A@CAC@I@C@C@GAAAA@@A@BA@CB@BAB@BAB@H@D@B@BDD@BBB@@@DCD@D@D@D@B@BBDB@@B@@ADB@HBB@DBBBLH@BB@@BBD@B@B@@B@LBB@@@B@@BAF@H@DBDAB@DAF@B@D@BBDHB@@@@BB@@@@DB@@@B@@@@NBH@@@@@@B@@B@RBD@B@@BBB@B@@@@BFBBBBBBDDHD"],"encodeOffsets":[[116956,22970]]}},{"type":"Feature","id":"810015","properties":{"name":"西贡区","cp":[114.264813,22.314203],"childNum":73},"geometry":{"type":"MultiPolygon","coordinates":[["@@@@@@B@@@@@@@@@@AA@@@AB@@@@@BB@@@@@@A"],["@@BCBC@@BAB@D@DBBAB@BAB@D@FDB@B@B@B@B@@B@@B@@B@@B@@@@@B@@A@@@A@A@@@@@@B@@BB@@@BA@@BA@A@@B@B@B@B@@@@A@@@A@@@AA@@AAA@ABC@ABA@A@A@C@ABAB@BABEDE@A@A@AA@AAC@E@C@ABABEFADABA@CBA@CACACCAA@CAABA@A@@@@AA@@A@@@A@@AAC@EAA@@@A@@BA@@BAB@BADA@ADCBABA@@B@B@@@DABABABA@A@AACBA@GBAAA@@@AA@AA@A@@@@BEBA@C@A@AAAAAA@A@A@ABABADA@A@@@AA@@@A@A@A@A@@AA@@A@A@A@@@AC@@@A@@@@@@B@@@B@@AB@@@@A@@@@@@@@@@A@@@@@@@A@@A@@A@@@A@@A@@@@A@@A@@@@@A@@@AA@AA@@A@@@A@@@CBA@@@@@@@@A@@@@@A@@@A@@@@@@@@A@@@A@@@@@@A@@@@A@@@@@A@ABAB@@A@@@@@@A@@@C@C@A@AB@@A@@BAAA@@AA@AAA@AAA@AA@A@A@@@A@@B@@AD@D@B@BA@@@@@AB@@@DAB@BAB@@@BBB@@@B@@A@@@AAAACCAAA@A@C@A@GJAF@BB@@B@@@BA@ABABCBAD@BAD@BBBBDBDBB@F@B@BA@@@A@GDCBCBCB@BA@@@AAA@@@A@@B@@ABB@@B@BBD@B@@@@A@@BAB@B@@AB@@C@C@AAA@@@@A@@@@@AAA@@@AB@@AB@@A@@AA@@@@A@@@A@A@@@A@@@@@A@A@A@@@@@A@AB@@AAA@@@A@A@@@@@@B@@@BAB@@A@A@A@A@A@CBADADA@CBA@C@CAAAAC@A@CBA@A@AAA@@AA@EAA@C@@AG@A@C@C@CBABABADA@A@A@A@A@CAA@AA@@CAAAA@@A@C@ABA@A@@A@@@E@CBIBGDG@CDABCB@BAB@DAD@D@DAB@BABA@A@@@A@A@@BA@ABCBA@ABA@@B@BABBB@B@B@@@BAB@BB@@@@@@B@@A@@@@@AB@@@BA@A@@@A@@BADC@AB@@@@@B@@A@@@ABA@@BC@A@EACAAA@A@CAAAAAAAAACAC@@AAA@ABAB@@@B@B@B@BA@@@A@A@C@A@A@A@ADABABA@A@A@A@AAA@@AAA@@@A@A@A@@@AA@@@A@A@AA@A@@AAB@@A@AB@@@B@@A@@@ABCBCDABAB@BAB@@GB@@A@@A@@@A@@@A@@A@@@@@@@A@@AA@@AAA@AAA@AA@CAA@CBA@GN@D@@@BA@A@ABA@@BAF@D@D@DBDDFBB@BA@@BA@@B@DABABABABA@C@A@IIGICCAC@B@BA@CB@BA@@B@BBBDLBB@@BBD@@@@B@@@BAD@@@@@@CDADEFA@@@@D@BB@@BBB@@@@@BDF@BB@@BA@@@@@@@CAA@@@A@@B@B@B@D@@@@@@@@@@AC@@@@@@A@AB@@A@@@A@@@A@@B@@GV@@@@A@@@A@A@@@@@@@@@A@@@@B@@@@EZAF@D@FBDB@@@@@@@@B@BA@BB@DB@@@D@B@DBD@DBDBHFHFBBBD@B@B@B@B@@BB@@RD@@@@@B@@@B@DABHFBBD@DBTBB@BBBHBBB@B@J@@@B@BBDJ@D@BAFBD@BBDB@DBFAJ@B@BBBBBB@BAHBD@B@BB@B@TADAD@BCBADADAFCFAB@D@DBHD@@B@B@LIBADAHABA@@@CB@B@B@FDBBBBBBBF@DBBBDBB@DAV@B@BCD@B@FHB"],["@@AA@@@@@B@@@@@@@B@AB@@@"],["@@@@@@@@@A@@@B@@@@@@@@"],["@@@A@@@@@@A@@@@@@BB@"],["@@B@@AA@@@A@@@@B@BB@@A"],["@@B@@A@@@AA@@BA@@@@BB@@@"],["@@@@@@@A@@A@@B@@@@@@@@B@"],["@@@A@@@@@@A@@@@@@B@@@@@@@@B@@@"],["@@@@@@@@@@@@@@@@@@@@@@@@@@@@"],["@@@@@@B@@@@@B@@@@A@@AAAA@AA@@@A@@@@B@@@@@B@BBB@@B@@@"],["@@@@@@@@A@@@@@@@@@B@@@"],["@@@@@@@@@A@@AB@@@@@B@@@@B@@@@A"],["@@DC@@@A@@@AA@@@AB@@@B@@A@@@@A@@@B@@AB@@@B@@B@B@"],["@@BB@@B@D@BABBB@DABAD@B@@CAABC@C@AB@BCBC@E@@A@@@@C@A@AB@D@DAFC@ABACC@@BC@AAA@@@A@ACA@@@@@A@A@AACA@E@CBCBA@A@AAC@CBEDEJAB@DBBDDBBA@@B@@@D@B@B@DA@@@@B@@BB@@@B@@A@@@@@@AA@A@AB@BB@@@@@@B@@@B@@B@@@B@@B@@@B@@@BA@ABABA@@B@D@D@@BBD@BAB@"],["@@@A@@@AA@@@@@AB@@@B@@@@B@B@"],["@@@A@@@@@@@@@B@@@@@@@@"],["@@HC@A@C@A@A@E@@AAA@@@A@@DAB@B@B@D@BA@@@@@@A@@ACA@A@ADAB@DBB@BD@FA"],["@@BA@@@@A@AA@@@A@AA@A@@@@B@B@@B@@@@BB@@@B@@@@B"],["@@@A@@@@A@@@@@@B@@@@B@"],["@@@ABAB@@ABABA@ACC@@BA@EBE@CAAA@A@AB@B@BB@AB@@C@@BAJAB@@ABCDA@@B@@BBB@BDBB@D@BFDB@DC@A@A@@CBA@@A@@BA@A"],["@@@@@A@@@AA@A@@B@@@BA@@B@@@@B@@@B@BA"],["@@@@B@@@@A@@@@AA@BAB@@@B@@@@BA"],["@@B@@@AA@@AB@@@@BB@@@A"],["@@B@@A@@A@@@A@@@@B@@@@B@@@"],["@@BAA@@@A@@BAB@@B@@B@@B@@A@A"],["@@@@@A@@@AA@@@@@A@@BB@@B@@B@"],["@@@@B@@@@@@A@@A@@@@@@@@B@@"],["@@@@B@@@A@@@@@@@@@@@@@@@@@@@@@"],["@@B@@A@@@AA@A@@B@@@BB@@@"],["@@@@@@@@A@@@BB@@@@@A"],["@@DAB@@A@CBA@AB@BADC@@@E@AAA@AA@A@@A@@AAA@A@@BA@A@C@A@A@@BABABBD@@ABA@@B@@@B@@@DABABBB@@BBBBB@D@BBD@"],["@@@AAA@AA@@CBAB@@A@AC@@@@A@@A@EB@@A@A@AB@B@DBBA@@BBB@D@BB@D@B@@@@BB@D@@ABC"],["@@@@@@@@@A@@A@@B@@@@@@@@B@"],["@@@@@A@A@@A@A@A@@B@BBB@@B@@@B@@A"],["@@@@A@@B@@@B@@@B@@@@@BB@@ABAB@AA@@AA"],["@@BB@D@@@@B@@B@A@@BADA@A@@B@@@B@@@@ABA@@BABA@@@A@@@@A@@A@@@AB@@A@@@@@@A@@@@@A@@@A@@@A@ABA@A@@@@BADABAB@@@B@@@B"],["@@@@BA@@@@@@BAB@@@@AB@@@B@BA@@@A@@A@AB@@AA@@ABAAABABAB@BB@@BB@"],["@@@@@@@BB@@AB@@@@@@@A@@@@@A@@@@@"],["@@@@@@A@@@@@@B@@@@B@@@@A"],["@@@B@@@@BAB@@@A@@@A@@@@@@@@@"],["@@@AB@@@@@@@@@@@@@A@@@@@@@@@@@@@@@@B@@@@@@@@@@@@"],["@@@@@@@@@@@@@@@@@@"],["@@@@@A@@@@@@A@@@@@@@@B@@@@B@"],["@@B@@A@@@@@@@@A@@@@B@@@@@@@@@@@@@@@@@@"],["@@BAA@@@@@AB@@@B@@@@B@@A"],["@@@A@@@@@@@@@B@@@@@@"],["@@@@@A@@@@@@@B@@@@@@@@@@"],["@@@@@@@@@@A@@@@@B@@@@@"],["@@@@@@@@@@@@@@@@@@@@@@@@"],["@@@@@A@@@@@@@@@B@@@@@@@@@@@@@@"],["@@@@@@@@@AAB@@@@@@B@@@@@"],["@@@@@AA@@@@@@B@B@@@A@@B@"],["@@@@@A@@@@@@@@@B@@@@@@@@@@"],["@@@@@@@@@@@@@A@@@@@@@B@@"],["@@@@@@@@@A@@@@@@AB@@@@@B@@@@@@BA"],["@@@@B@@A@@A@A@@@AB@@@@B@@B@@B@@A"],["@@@@@@@@@@@@@@@@@@@@"],["@@@@@A@@@@@@@@@@@@@B@@@@@@"],["@@@@@@@@@@@@@@@@@@A@@A@@@B@@@@@@@@@@B@@@"],["@@B@@C@A@AA@C@AB@B@BBBB@B@"],["@@@@@@@@B@@@@@@@@@@@@@@@@@@@@A@@@@@@A@@B@@"],["@@B@@@@A@@@AA@BAAA@@AA@@@A@@@AAAA@A@@B@B@B@B@B@@DB@BB@AB@@B@BB@A"],["@@@@@@AA@@@B@@@@@@@@B@@@"],["@@@@@ABA@@@@@@A@@@AB@@BB"],["@@@@@@@@@@@@@@@@@@@@@@@@@@@A@@@@@@@@@@@@@@@B"],["@@@@@A@@@@@B@@@@@@"],["@@@@@@@@@A@@@B@@@@@@@@"],["@@@A@A@A@@@@A@@ABA@@AAAB@@A@@@@@@AA@@@A@@B@B@B@B@B@@B@B@@@B@@B@D@@BB@AB@AABA"],["@@@A@@@A@@ABA@@@@B@@B@@@B@"],["@@A@@ABA@AACAAAAA@@@A@@@@CAA@@C@A@AH@BDFBFDDB@BAB@@@BDBBB@D@@C@AAACA"],["@@AD@BBBB@DBB@B@B@@A@@A@@@BAB@@AB@@CBA@@@A@@A@@@@@@A@@@AB@@@@AB@@AB@@@A@@@A@@@A@@AA@@@@A@A@A@@@@@@C@AB@B@B@BABA@AB@B@B@@AB@B"],["@@DB@@B@BBB@@@B@@A@@AA@@B@@@@A@@B@@@@A@@@A@@@@A@@@@@@A@@@@@@A@@@@AB@@@@@@@@A@@@@@AB@B@@@@@@A@@@@@A@@@A@@@@A@@@A@@@@@@A@@@A@@@A@A@@@A@AA@@@A@A@@@@@A@A@A@@A@@@A@AA@@AA@A@@@AB@@@B@B@@B@@B@@C@A@CBED@@@B@B@@@B@@@B@B@DBBDBDDB@B@@AB@BBDD"]],"encodeOffsets":[[[117146,22985]],[[117119,22980]],[[117154,22972]],[[117153,22970]],[[117139,22942]],[[117137,22939]],[[117137,22938]],[[117033,22925]],[[117063,22925]],[[117065,22924]],[[117066,22923]],[[117031,22921]],[[117064,22919]],[[117029,22917]],[[117054,22915]],[[117038,22915]],[[117048,22915]],[[117075,22911]],[[117036,22912]],[[117039,22911]],[[117043,22905]],[[117051,22909]],[[117044,22906]],[[117050,22906]],[[117074,22902]],[[117143,22898]],[[117036,22899]],[[117076,22898]],[[117116,22882]],[[117120,22880]],[[117102,22876]],[[117073,22876]],[[117119,22871]],[[117126,22873]],[[117085,22870]],[[117121,22865]],[[117041,22863]],[[117123,22866]],[[117118,22860]],[[117118,22859]],[[117118,22859]],[[117069,22860]],[[117079,22857]],[[117077,22857]],[[117116,22856]],[[117068,22845]],[[117059,22843]],[[117058,22841]],[[117059,22841]],[[117059,22840]],[[117059,22838]],[[117058,22838]],[[117061,22837]],[[117066,22837]],[[117066,22837]],[[117061,22835]],[[117070,22834]],[[117061,22834]],[[117068,22834]],[[117068,22833]],[[117064,22810]],[[117100,22804]],[[117100,22803]],[[117118,22799]],[[117120,22799]],[[117028,22798]],[[117118,22797]],[[117095,22795]],[[117103,22791]],[[117097,22787]],[[117105,22856]],[[117111,22850]],[[117039,22789]]]}},{"type":"Feature","id":"810017","properties":{"name":"葵青区","cp":[114.13918,22.363908],"childNum":1},"geometry":{"type":"Polygon","coordinates":["@@@@@@@C@@AA@@@@@@A@AB@@@@@@@@@@A@@@@@@@C@@@EBA@@@AA@@A@AA@@A@@@A@@@@@@@A@@@AA@@@A@A@ABABABAB@LCB@@@@A@@@AOGKEAA@@@A@@@@@@BABC@ABC@A@@B@h@@cG@@@@@MA@BDD@F@DCFIFKFGDCDCDAFCBCDCBM@K@UA@@ABA@GHGFEBGzTJvB@G@E@@@@@@@@FBB@@@B@@BB@DBDB@@BB@@@@@@@B@@B@@@@@@@@@@@@@@@@@@B@@BB@B@@@@@@BB@B@@@@@@@@@@@@@B@@@@@@@@@B@@@@@@@B@@AB@@@@A@@B@@@@@@@@@@@BB@@@B@FBBBFBB@BB@@@@B@B@@@@@@@BBB@B@B@@@@@B@@G@@@AB@@@B@FBBC@@@AA@AC@A@A@C@C@CDC@C@@AA@ACC@A@A@C@GBA@ABA@ADAB@@A"],"encodeOffsets":[[116892,22877]]}},{"type":"Feature","id":"810018","properties":{"name":"离岛区","cp":[113.946059,22.286371],"childNum":31},"geometry":{"type":"MultiPolygon","coordinates":[["@@@A@C@AAAAACCCACAC@G@AAE@A@E@C@A@CAAC@A@A@C@A@C@A@A@ACAA@AAC@AA@@@A@AB@@@BA@@@@@@@@@A@A@A@@@A@@@C@AB@@AA@@@AA@@@A@A@A@@DI@A@A@A@AAA@@C@C@A@C@A@A@C@CBA@@BABABC@ABABABA@A@AA@AAA@A@@@AB@BAB@BCBAB@BABADEBABABABA@A@AAAA@AAEAAAEAA@CC@AAA@ABA@AD@BABAB@@AB@B@D@B@B@B@@A@AB@@AB@B@BA@@B@B@BAD@@@@AB@@AA@@A@@AA@@@AAC@@AAAAAACBA@@AAA@AAA@AEACAACA@CAE@AAIECAAACBC@KJGJCFAD@D@BBFBB@B@BABA@E@CAGCGAGAI@C@AAEECCCCEACAIAAABA@C@EAEAAE@G@IAGAE@G@EBA@IHIH@D@DA@ABA@C@CAA@CAAICEAAGCKGGCC@ABA@C@C@CACAAAACCAAAA@A@A@EAA@@B@B@BBDBH@BA@@BA@CB@BAD@F@B@BBB@BCFABAH@H@F@DBBBDBBDBB@B@B@B@@@@BBDAFBB@@BBB@FBHBB@BD@@@DBD@@AB@@A@A@AAA@CA@@A@@BAB@D@B@BB@DBDDBBD@BBB@BA@@B@@A@@B@@@@@B@BDBB@BBDBFBB@@D@B@B@B@BBB@@@DBB@B@BB@@BBB@B@@@BD@B@BNNBD@HCFAD@DHL@BBDED@@@B@B@BBBZB@B@DEPFBAB@DCBAAEACEQ@CFGF@~dÚE"],["@@BA@AB@@@@AAACAA@@AA@A@@A@@BA@@BBBBB@D@@A@AB@BAB@BAAAA@CCCAC@C@@BA@A@AB@@@B@B@@@BA@@@AFAB@@C@A@@B@@BBHBHBHB"],["@@B@@AAAA@A@ABB@A@@@@B@@@@B@@@@@BB@@BA"],["@@@@BA@A@@AAG@ABA@@DB@BDHBB@@A@AAA"],["@@@A@@B@@AAA@@@AACA@A@CCA@C@@BA@AB@@BB@B@B@BD@@BBBB@B@D@B@B@"],["@@DAB@BBB@FC@A@CAE@ABADE@A@@AA@A@@AA@A@@AAABABA@AB@@@@@BAB@@@B@@AB@@@B@@@B@@CB@@AA@@@@A@@BABAD@@ABEAA@@BADA@BB@@B@@B@@@B@@D@B@BABB@@J@"],["@@@ACCKGAA@A@ABC@@BDFDFBHBFAB@DBBBFBF@@@BCDBH@DC@ACGCAAAEBC@MKAA@CDGJM@CAAC@GDIHEDA@@ADEDE@EAAAACBEHA@AACEC@C@CBC@IDCD@HBDFDDDBT@DABADBF@HAHEBA@@E@CEAECA@G@A@A@@BCL@BBB@BLFDDB@B@@BC@AB@BDB@B@@ABC@AB@B@BDBHDBBF@BB@@BB@BB@@@BA@AB@D@BA@CACACAA@ABAJE@A@A@@BA@@@@AA@@@@@@@ABABADA@@B@BD@BD@B@BABC@E"],["@@@@@A@@@ACA@@A@@B@@@BDD@@B@@A"],["@@FEB@@@BBB@B@B@@@@A@@DA@A@@A@A@@A@A@@AAA@@@A@@C@@@@A@@@@BABAB@@A@@@@A@@@@@@@@A@@@A@A@@@@A@@A@@AA@B@@@@@@A@@A@A@@@AA@AA@@AA@A@@AA@A@@B@@@@BB@@@@A@A@@@A@@@A@@@@B@@@B@@@@AB@@@B@@B@B@@@B@@@B@@@BFBBB@D@B@BBBD@BABAB@@C@A@@@@@A@@BAB@@@@@BB@B@@@BB@@@BBBB@AB@@ABBDBBB@D@D@B@BBBBB@@A@C@ACAA@@AB@B@B@B@@AEAEAAA@A@CDA"],["@@B@@@B@AA@AA@@AABAB@B@@@B@@B@BA"],["@@B@@@@@@AA@@@@@A@@@@@BB@@@@"],["@@@@@@@B@@@@@@@A@@@@@@@@@@@@@@@@@@@@@@@@@@@@@@@@@@@@@@"],["@@@@@@@@B@@@@@@@@@@@@B@@B@@@@@@@BA@@@A@@@A@@@@@@@A@@@@@AA@@AEA@@@@A@@@@@A@@B@@AB@@@@AB@@A@@@A@@B@@A@A@AB@@BB@@@B@B@B@@@@BB@@B@@B@@@@@B@@B@@@BB@@@@@@BB@@@A@@@@@@B@@@@@@@B@@@@@@@@@@@@@B@@@@@@A@@@@@A@@@@B@@@@@@A@@@@@@@@@@@A@@B@@@@@@@@@@AA@@@@@@@@A@@@@@A@@@@@@"],["@@B@B@BA@ABE@CAAACA@GC@@@@@B@@EBA@A@@@@A@A@AA@@@ABBB@BA@@@@D@B@B@B@BABBBB@D@B@LD"],["@@DA@A@A@A@A@@@@@A@C@AA@AACBC@@BAD@@@D@@BB@BDA@@@B@BBBBB@A"],["@@@B@@B@@B@A@@@A@@@AA@@B@@"],["@@@@BDA@BB@B@BB@@@@@@@@A@A@@AE@@A@@@"],["@@@@BA@@B@@@@@@@@@@BB@@@@@B@BA@@@@@AB@@@@@B@B@@@@@@@@AB@@@@@AA@@@@@@B@B@@AA@@@@@A@@@@@@A@@A@@B@@@@@@@BA@@@@@A@@A@@@@@AB@AA@@A@@B@@@B@@A@@@@@@@AA@@@@@@AB@@@@@BB@AB@@@BA@A@AAA@@A@@@@AAA@A@@@AB@@BB@B@@@@@B@@@B@B@@@@@B@B@BB@@@B@BA@@BA@@B@@AB@@A"],["@@@@@A@@@AAAA@@@@@@D@@BB@@B@"],["@@@AB@@@B@@@@@@A@@@@@@AA@@@@AB@@@@AB@@@B@@B@@@@@@@"],["@@@@@@@@@@A@@@@@@@@B@@@@@@@@@@@@BA"],["@@@@@@@@@@@@@@@@@@@@@@@@@@"],["@@@@BA@@@@AA@BA@@@BB@@"],["@@@A@@@@A@@@@@A@@@@B@@@@@@@@B@@B@AB@@@"],["@@@@@@@@@@A@@@@@@@@@B@"],["@@@B@@B@@@@@@@@@@A@@B@@@@@@@@@@@A@@@@A@@@@@@A@@@@B@@@@AA@@A@@@@@A@@@@@@B@@B@@@@@B@@@B@@@@@"],["@@@@@B@@B@B@@@@BB@@@@BB@@@@@@@CB@B@@BB@@@B@@BBB@DA@@@@B@@@B@BABA@@A@@A@@C@@@A@@@@A@C@@@A@B@@B@@A@AB@@A@A@@C@A@@@AAA@@@A@C@A@A@@@@AA@@AA@A@@@@@ABA@ABAB@B@BDBBBD@B@BA@@@@B@"],["@@@AB@@@A@@A@@@@@B@@@@@@@B@@@@"],["@@@@@@B@@@@A@@@@A@@@@@@B@A@@@@@@AA@@@@@@@B@@@@@BB@@@@@@@@@"],["@@B@@@@@@@@A@@@@@@@AC@@@A@@BB@BB"],["@@BB@BBB@@B@@BB@BBB@B@B@BBB@@@@B@BB@@BB@B@B@@ABA@@DAB@@ABA@ABA@AB@@A@@@@AAAA@@@ABABA@CBC@@@AA@A@A@CAE@A@@B@@@B@BA@@AA@@AA@AA@A@@@A@ACCAAC@CAAB@@@@DDBD@@@@@B@@C@@@EB@@A@@B@@B@@B@A@@B@@D@@@@@@@@A@@AA@A@@BAD@@B@@@@BBDBDBB"]],"encodeOffsets":[[[116799,22849]],[[116787,22826]],[[116803,22822]],[[116823,22817]],[[116799,22797]],[[116780,22791]],[[116882,22747]],[[116881,22757]],[[116774,22741]],[[116575,22748]],[[116686,22746]],[[116794,22736]],[[116733,22725]],[[117001,22721]],[[117036,22720]],[[117038,22719]],[[117053,22714]],[[116651,22714]],[[117053,22714]],[[116664,22710]],[[116665,22706]],[[116665,22706]],[[116984,22706]],[[116645,22704]],[[116647,22703]],[[116640,22702]],[[116646,22692]],[[116656,22693]],[[116663,22685]],[[116998,22691]],[[117001,22702]]]}},{"type":"Feature","id":"810011","properties":{"name":"屯门区","cp":[113.976308,22.393896],"childNum":8},"geometry":{"type":"MultiPolygon","coordinates":[["@@AA@A@A@EIBC@A@AAC@A@A@A@A@A@A@@A@@@A@@@ABA@A@@A@@@IBCBA@C@A@@AAAAA@@@@E@AA@@A@@C@@BA@@DA@@BE@AB@BAFA@@B@A@GCAAA@AAACA@ECA@@AAA@IKAADCDCDCBEB[DE@WJEDIBKBGAE@MECACCACCCCAG@G@E@SLOHEFCH@DBDBD@H@JCDADAJAFABCBMDABBDHHRTFBRFB@TC@@BA@ABGB@@AB@B@FFBFDDBDDF@BB@DBVAB@@@BABAB@L@DAH@DA@@B@JDB@@@@A@@ACACAAD@BAFEB@B@@@@@B@TA@@@O@@J@B@@S@Ar@@@@@f@@@@H@@N@B@@@@E@@E@@@@E@@@@@E@AT@@G"],["@@BA@@B@B@BAD@@A@A@AA@@@@AAA@A@@BAB@CABCAAC@A@@B@DBD@DABABCBAB@BBB@@B@B@"],["@@@@@@B@@@@@@@B@@@@A@@@@@@@@@A@@@@A@@BAB"],["@@B@@AB@CC@@A@A@@BBBBB"],["@@BB@AB@AA@A@@@A@AA@@@@@A@@B@@@@@@@@@B@BAB@@@@D@"],["@@@@@AAEACAAA@@B@DBDDDB@"],["@@BA@@B@@ACCA@A@@BABBF@@BB@@@@@A@@@AB@"],["@@@A@@@@@@@@A@@B@@B@@@@@"]],"encodeOffsets":[[[116810,22924]],[[116618,22917]],[[116612,22891]],[[116626,22888]],[[116629,22880]],[[116725,22874]],[[116708,22866]],[[116720,22861]]]}}],"UTF8Encoding":true}