{"type":"FeatureCollection","features":[{"type":"Feature","id":"150304","properties":{"name":"乌达区","cp":[106.722711,39.502288],"childNum":1},"geometry":{"type":"Polygon","coordinates":["@@BEBIDGDGDQ@KAIAKDE@AQSAEFYSLQDGDE@OBC@KHE@ePWHKBCBC@CFAHEJCFC@@BUDEBCBGDMPABEDC@KPQ~@N@JPXNNXNAJDDČ^DUNULSDIAS@MAIEGMQMQGGCG@GDGDEFE@C@CAAQOIICKAE@K"],"encodeOffsets":[[109314,40450]]}},{"type":"Feature","id":"150302","properties":{"name":"海勃湾区","cp":[106.817762,39.673527],"childNum":1},"geometry":{"type":"Polygon","coordinates":["@@hPR­@ARDTJJHVLFpNHhfprVTjEXAHCAEGWBuFMCC[CkASMFUaKa[Y[CUJIDq@QXCJ@PR[AIGCUIEEAGJGP@FG@ACAMIG@KHG@CC@EBGPCLIDYPWVKd£HMGYDYNWF]Bw^AfATAFCBAFEDECEAEACECAABCBC@AEEAC@QJKBIéEAE@@LBFDLJJRPBB@D@DEFCFCH@HDHHHNRNRFHBJ@NBTCJKTMVCVCNAJCJAHBHDFDDFBJDJFHFHFJJDH@FCFGBEDEBGFGFIDGDKHCHALBDBFDJDFBH@FBL@J@L@HANCPEHMNCH@DFDFDBF@J@JAT@N@VGfIP"],"encodeOffsets":[[109312,40816]]}},{"type":"Feature","id":"150303","properties":{"name":"海南区","cp":[106.884789,39.44153],"childNum":1},"geometry":{"type":"Polygon","coordinates":["@@BWXIÏC_w@[¨}vWeP_Ü´FWWY@I@WPKHKgcaÓ[qF}[AC@@A@@@@@A@A@@@A@@@@@@@@B@@A@A@@@@@@@@@A@AB@@@@@@BB@@@@@B@BAB@B@@@@@B@@@BA@@BA@@@@B@@@B@@@@A@@@A@A@@@@B@@AB@@@BA@@@@BA@A@@@@@@B@@@@A@@@@@AA@@AA@@A@@@@@A@@AAA@@@@A@A@A@A@A@EB@@A@A@A@@@A@@@@A@@@C@@@A@ABA@@B@@@B@@A@A@@DADA@@@@@A@@@@AAA@C@C@@BA@@@AA@AAACA@@@AAE@AA@@AAA@@A@CAA@C@A@@@A@@@@@A@@@A@@@AB@@@@@@A@@@A@@@A@@@@BAD@BA@@@A@A@C@CAEAA@A@@@@@A@AB@@A@A@@BA@AA@@A@AB@@A@@AA@@@AAABA@@@AA@@AAAAAA@@@@A@A@@@CBA@ABAB@@@B@@@@BB@BA@@@@BA@A@@@ABA@@BABABA@ABA@@BA@@B@@ABA@ABA@@@@@AB@BA@A@A@@@CBA@@@A@@@@@C@@@@@A@@A@@A@ABA@@@@BA@@@@BA@@BA@@B@@@@A@@B@@A@@B@@AB@@A@@@A@@@@AABA@@@@@A@AA@@A@@@@@A@AB@@@BA@@B@B@B@BAB@@@@@BA@@B@@@B@@A@@BA@A@A@@BA@@@@BA@@B@@@@A@@@@@@@AB@@@BA@@@A@@@@AA@@@@@A@@@ABA@EB@@C@@BA@A@@BA@A@@@A@A@@@A@A@ABA@@@C@AA@@A@A@ABA@A@@BA@@BA@@BA@@BA@A@A@ABA@ABC@KDEBGBA@CBQLEDQRIRGXCTITIPIRGbGZWRWLKL@NDLBJELIH@JDNHNNTDPANCJAH@J@JDLFL@HGHGHGLCF@FBFDDDF@DCFELEJEJKJGBK@U@KBCFCJDBCHCJEHCJAFCLCH@HBFFFNDDH@FEZBFRT@BCFBLBJ@LCRCHCHAJAFF@BêFAJIL@RBDFF@BADADBBFDBDBFDFCFEFABDBEBSBex]^A"],"encodeOffsets":[[109520,40456]]}}],"UTF8Encoding":true}