{"type":"FeatureCollection","features":[{"type":"Feature","id":"150202","properties":{"name":"东河区","cp":[110.026895,40.587056],"childNum":1},"geometry":{"type":"Polygon","coordinates":["@@PG@@@ANE@BCB@B@BA@DDABBBB@D@BBBDBBBB@BFHLI@@@@DA@A@@PKBAJAB@F@@@BBNBFB@@@@B@@@D@@@B@B@B@@B@AD@@@@@D@@A@@B@DA@@D@FCFARMDADAD@^GHAJ@FAB@FC^M@@@@FA`GLAPADAD@REBAF@X@N@B@F@RFF@DAD@PENCAG@@@@@@@O@@C@K@EA@E@@A@G@U@@@@FC@@@A@I@A@C@C@AAE@G@E@E@E@E@C@GA@@@@A@G@A@E@I@C@C@A@GAG@A@E@A@C@E@E@A@C@EAA@A@G@A@C@A@A@ABA@@@@@A@ABE@ABA@CBC@@@CBA@@@@@@@A@A@@BE@GHIB]FA@@@@A@@DGD@@A@@B]BI@AA@@@aGaGYEAJIpCTCZ@BBBABCFGFCB@DAD@DAF@DCB@B@@ABA@IFA@AB@@@@AB@@@@KF@@BB@@DD"],"encodeOffsets":[[112604,41589]]}},{"type":"Feature","id":"150203","properties":{"name":"昆都仑区","cp":[109.822932,40.661345],"childNum":1},"geometry":{"type":"Polygon","coordinates":["@@@G@G@@@@@QH@@GLC@AKA@M]@AIR@@GBAHGBCBEDE@C@@B@@ABKG@@@@AG@@@@@A@AA@@@@A@@@A@@@A@A@@@@@@@@@@@C@@XC@A@@@AD@HCA@BAB@B@D@BA@A@uDcBWBODAA@@AA@@WBAA@@A@ECQ@@HOBEB@FQBA@OB[DNFBB@@@BIEUB[DA@GF@FDNDPDBHFFHJPHJDBLHJBFB@@bFB@`FB@FDDDB@DBHBDB@@@@B@@@B@@@@@@@@@B@@@@@@@B@FDB@PHDBLDFDDBFBHDBB@@BBBB@BBBBB@@BBBB@@@@@BB@@@@@BB@@B@B@B@B@@@DAB@B@B@DA@@JI@@B@LK@AA@@A@A@A@@@@AABK@A@@@@BAACBAfAAIT@@A@A@A@@@A@@AC@@@A@@@C@@@@@@@C@@@@@C@@@@@A@A@A@@@@AA@@@@@C@E@@@@@C@A@CAE@@@@"],"encodeOffsets":[[112485,41622]]}},{"type":"Feature","id":"150204","properties":{"name":"青山区","cp":[109.880049,40.668558],"childNum":1},"geometry":{"type":"Polygon","coordinates":["@@[NAB@@@@C@MH@@AB@@ED@@A@A@@@@@AB@@@@@@@@_R@@@@CBBIBkI@MB@@@@E@AB@@A@@@@@@@A@OFA@]H@@ABE@IDMDA@KD@HG@@R@@@@@H@H@@@@BF@D@B@D@@@@@F@D@@@@BB@@@@@B@B@B@@@@@D@@@@@D@@@@@@@D@@@B@@BD@@@B@@@B@B@B@DH@@D@D@B@BADBLXIBH@@BB@BAB@FD@@@B@F@D@@@@@B@@@B@D@FBF@D@H@B@B@@@D@DAB@@@@@BADABADADADADABAAA@@@@AAAA@@A@@A@@@@EEBADDB@PKDDFC@@@@BEFA@EDA@A@@FA@@@@@@@A@@DA@@B@FH@DBDD@@@B@BADABABAB@BAB@BADAFCDCFABABADABAJHTPRMFCSOIECAE@A@CECAAAAAGA@@@@AAA@@A@@@ACC@AAAAAAAAAA@AA@ACCAABE@AdQCC@@AA@@"],"encodeOffsets":[[112601,41586]]}},{"type":"Feature","id":"150205","properties":{"name":"石拐区","cp":[110.272565,40.672094],"childNum":1},"geometry":{"type":"Polygon","coordinates":["@@GA@AAC@@@A@A@@AA@@@ABA@AB@BCDA@@BA@ABABA@A@@@AB@BA@@@A@@@@@AB@@@@A@@@A@@E@E@A@A@CAAAC@GCC@CAAAAAA@C@GACA@@A@AAAAEA@@A@@@ABAF@@AB@F@D@@@BAD@@@B@B@@AB@@@@AAAAAAA@A@@@G@IAOEGGEMCICKGIIGCEGCECIASEKIBKJGJCJCLCHGCIKASCIEIEGIMKQKIIKKLCJBLBLALELGHMHKDMGKM@QCKE@GJEJAP@NBNCJKAKEGEOEAAAA@C@A@C@@@E@E@C@IBIBA@A@GACACAA@G@GBC@GBI@CBE@C@EDA@EAC@AAC@A@C@C@@@AAA@CCCCCA@@EAC@A@E@EDA@C@CAA@EACAA@CAG@CBG@A@@@@@QYACGIACEICCACCCACGKACCCCECCA@AAA@A@A@CBC@EBE@@BBB@@AB@DA@@B@B@B@BAB@B@BBBDB@B@D@BBB@BB@AB@@@BA@@@CA@@A@A@@@@@AB@@@@AB@B@@@@@@@@DBB@@BB@@@@@@AB@@@B@@@BB@@CB@@@@BBBD@B@@@@ABG@A@A@@B@B@@ABA@@@A@CBCBA@A@ABA@@BA@C@GDgVCBCB@BDL@@@B@@C@CBA@A@A@G@A@ABAB@@A@CAGCCAEAIEECECCA@@A@EDA@C@G@E@ABA@@BAB@B@B@B@D@B@@ABABA@CAA@A@AB@@ABADAF@B@BBH@BBF@J@F@DBHDN@@AB@BAB@BEB@B@D@B@D@F@B@BCDCBQJ@B@@@@D@BB@@CBCBE@A@ADA@EFWRAB@B@@@BBD@BABA@GBA@I@A@CBCDEF@BDBBBB@BBB@DBB@BBDDDDBHBD@D@BBB@DBD@BDBBABCB@@A@@BCBABA@ABABAB@@@B@DCBAD@BABABABCDE@A@C@ABA@ABA@C@ADAF@FAD@D@HFFBBBBBBDBB@D@B@BABABCDCDCDEFCBEFEFEHCD@BAB@BBDBDBHFHBJ@HADGBCBC@A@C@CAC@A@@BB@BDJH@B@FBDDFDBB@B@B@DCFABADBD@D@RFNDXFJDHBDBDBFDDDDDFF@B@BBFDDH@H@B@@B@BABABABA@@B@BA@@BBB@BBB@BABAB@@A@@BE@A@@@ABBBDBFBLAJBFBBBDFDL@FHHBDABAFCF@B@BBDFDDBDBD@BBB@BAD@BAB@D@B@D@BADAHEHE@AB@BCB@BAJEBAB@B@B@B@@BBBFDB@B@@@B@@@BA@ADCD@FCHCHAB@FBB@D@D@DADADAB@@A@CBC@ADADAD@B@B@B@DBBB@@@BCDCB@B@@@@B@F@BADBD@DB@@D@B@DAB@@BB@BB@BBBB@B@NAB@D@FDHBJDHBDBB@@@B@DCBABGDCB@B@LBFB@@D@@@DA@ADCD@B@FDD@D@D@BABAFGDCDAD@DAB@FBDBD@F@B@D@B@DCB@@@B@BBB@F@BBD@DBB@B@JADAD@FAD@D@DBDDLHDBB@DBD@BA@@@A@ABA@@BABA@@B@BB@@D@B@BA@@BAHEDADABAD@H@DCHALAD@BAFE"],"encodeOffsets":[[113200,41830]]}},{"type":"Feature","id":"150206","properties":{"name":"白云鄂博矿区","cp":[109.97016,41.769246],"childNum":1},"geometry":{"type":"Polygon","coordinates":["@@F@FBTDD@FBFBF@DBF@JAF@F@DAD@HDD@F@FAHAD@FAFADAFAD@FAD@DAB@FAB@D@F@JCF@BAB@@C@AAA@A@K@AAAAACACAB@@ABA@AGE@A@A@AA@AA@AAA@@@CAAAABAA@@AB@BA@@@A@C@A@AAE@@@ADEBAAA@AAA@@@C@@@ACAAECEAEAIEAOEE@C@C@GBBABA@CACACCAA@AAAAEIACAGAA@AAEAAA@AA@AACACAEAGEGCICKEKEIAEAKCGCGCECIAI@@A@GFCDGBEDE@CBA@IFCBCBA@ADA@AB@@A@A@OFE@ABOFIDCBCBCBCBGHIFDD@BAB@B@HAH@BCDAB@BABABABA@@B@D@@AD@DABADAB@DCD@BABEFCDABEBABCBCBABCBCBCBCDEDCDAB@BABCDAD@B@B@@@BBD@D@@@BABAB@D@FAH@BABAB@BAFAF@JAFADADCLAHADCJ@PCHAJ@D@B@HAPKxALE^vJNHLDFTIGOSg[u@@DEXgJMPY@ABALU`@HCVCJANCHCLBDBN@J@D@DBH@FB"],"encodeOffsets":[[112596,42823]]}},{"type":"Feature","id":"150207","properties":{"name":"九原区","cp":[109.968122,40.600581],"childNum":2},"geometry":{"type":"MultiPolygon","coordinates":[["@@KBEACAOiG[GQEEIEG@GBGHMLEFIHCBGAGGC@K@UFKDCB@HADCBC@OCSIMGCAEBGHMNIFMDG@ICKMIKEI@CJO@CACK@EB[TOLYJoLiFQBU@OC{_GECCCAGAYEIB[PE@@@G@ICCAA@CEACCIAAC@A@ADAFCBMDS@QAGAE@GCICA@GCSGCAE@CAIDC@G@IECAQKKEIAA@C@KNAFBFDD@BCDWBOAG@GBGHOJSJMFAB@DP^FN@FABCBC@IEECEMCGCAA@GHINIHWPMDOFK@G@CAGCMMIKCCCACBIDC@EAGAGEKMEIGKCCGECAI@KBIDQDGB_F_@I@OAC@CCEICI@@A@@@@@@@A@@@@@CBABCBCBA@AD@B@B@@@@@@@@BB@@@@@@BB@@B@@BB@@BB@@@BB@@@@@@B@@B@@@@BB@@BB@@BB@@BB@@@@HJCLGHKDGJDHPPFHDHGNOLIJENNLTARAHFGLKHOFWJKHIJEJGRAJAZFJLRFRAHCJAPLRXNVDRJHJLJHFPLPNFDJFHCBABAB@FAPGJCDAJCNAVAJFXNEL@L@RBB@@@B@DADADADAD@B@FBX@B@PBF@^HDDdCh@dBdËaE@@EAIAKGCAGIIOEGGECACOCM@EHEB@\\CVAJF@A@@AAME\\CPAB@RA@EFAPA@GR@FDB@@@BBXA@@BB@@BBPCXAdAvCB@B@@A@C@ABA@ADB@GBC@@B@D@@WD@@@@@@@@@@@B@B@@@B@@@B@@@@@BBB@@@@@H@@B@@H@AL@BA@@@@DCFAFADGHAB@HQ@BJ^@@NLB@BB@NCJCF@BA@@^GB@PEB@@@@@@@B@@@BAF@@@@@NAJ@AlAJDA@@@@`Q@@@@@@@@BA@@@@B@B@@@FC@@BA@@NGD@@@@@BA\\MLE@@@@BA@@@@BAB@JEB@BA@@@ADA@CBE@CBC@CDAHEDEBAAA@ADYDSJoBIZFbHbH@@B@@BAJA^@@@BC@CH@@@B@@B@^EJAHGF@@AB@B@@@@@@@B@DA@@D@DAB@BAF@BAB@@@@@B@BAB@B@D@B@H@B@B@FBD@B@F@F@D@B@F@B@H@HBB@D@D@J@F@B@H@B@@@@@HBD@F@F@F@F@H@F@BBD@D@B@J@B@@@D@@E@@V@@A"],["@@H@B@@@@FFBL@D@@@@P@@@@@@BHMDOFC@CBE@QEE@A@M@W@E@ABQFC@CBOBKB_HEB@@@@]NEDA@EBI@GB]HC@CBCBQNEBEDC@@@CBA@@@@BC@@@@@C@@B@AA@A@A@@@C@@@A@@@@@EAMAAA@@E@A@IBABOL@@@BCB@@@@KJEG@AAAAAACAAC@A@AABACCB@@A@ADA@AMF@B@@OHcR@BAFBBDD@BBBB@BBBBBBBB@BDD@B@@@BB@BB@@@@HBBBBBDBDFB@F@DBJFTPEDQNSOIGABCBABABEBCDEDCBABA@ABA@ABABCBABA@@@C@AC@CEGA@@@CB@@@B@@@@@@EB@@@BCB@FEBAF@@@@EDCCOLA@CCABFF@@@@@BB@@@BBBB@@@@BBABCBCBCBCBABCBAB@@@@A@CBC@@@A@A@G@C@E@EAC@A@@@A@@@@@C@E@A@@@C@@EBA@AAA@@AGWJAKBC@A@A@C@CG@@CS@BJeBABBDAB@@@@@BALBB@@@@@B@B@BB@@BKLA@@@IJ@@CBA@A@A@CB@@A@A@A@A@@@AA@@@@A@@A@@@@AAAA@@AAAA@AAAAA@@AAGCEACAECKCCAOGA@ECA@@@@@@@A@@@@@@@@@A@@@A@@@@@CAGACAA@CCECA@_EA@cÌR@VFRLJFRDTA`@JCLF@BB@FBDBHDA@ABAB@BBF@@BBD@DDDHDB@BBBAF@B@H@B@@CBABAB@B@B@DAB@BBJBDBDBBDBDBBBB@FAF@D@B@BD@D@BBBBABABIBAB@HAHABCBAFCA@@CAC@A@A@AB@DABCBABBB@BABA@ABA@E@AB@BADABADCBAB@D@D@@@B@BATEVEZGREVBRFNBPAJKNIN@THJFXHVLNHVJPJPDRANCPDRLNLVFRDNBH@LAPAVJDDLBNGHKAOEICEAKLQ@AAC@CAA@A@CACAGCCCCAAA@CAA@AAA@AACA@AFEDCDAB@J@B@HAB@BA@AAC@A@@@ABAXQFEB@BCB@F@DADA@@AAC@@@@@@ARIDADC@A@A@E@C@A@C@AFA@ABA@ABA@@CMAG@C@E@IAE@AAG@A@ABEBCBA@@BAB@B@DBB@BABA@@@A@C@A@A@ABA@AB@BAF@H@D@B@FCB@@@DBFDFDJFFBDBHDDBB@@@BABAB@H@B@B@B@DAD@@@@A@@CK@ADADAhUHCD@B@@AB@BAB@B@DADAB@@@B@BA@@@A@AB@B@H@BA@@@@@AACAA@@@@DA@@AA@@A@@@A@@B@@@@A@@AA@CA@@@@@@@@@ABA@@@@BA@@@@B@B@@@DB@@B@@A@@BAA@@AAA@A@C@ACAAA@A@ABA@A@A@A@AB@@CBA@@AA@AF@FAD@DAB@B@B@BBB@DDDFDDBDHLBDDDBDDDFJBDHJBDRZ@@@@B@H@DAH@DBB@DBFBB@DBD@B@FCF@B@D@FB@@DBDDDDB@BB@@D@D@B@D@BBD@FBB@FCD@F@DAJ@HAD@HAH@B@DBDBHBB@B@JAJAD@F@F@AC@C@@@AA@@AAA@@A@A@A@A@AAAAAACCA@A@@@A@ABA@A@A@A@CA@CCAA@@@@AA@AAA@CAA@@@@ABG@@B@@@BA@@B@@AA@BA@@BA@@@AA@@@AABA@@B@@AA@@AA@BAAA@A@A@A@A@AAA@CB@ACB@@@BAB@@A@ABABA@@AE@A@ABABA@@AC@AD@@AB@@@A@AA@@@@BADE@E@A@AACAAGI@A@@@@@@D@BCBCDCDCAEEKCACCCAA@A@AC@@A@BEO@QMR@@CIE@@@@GCA@CD@@EBE@C@C@AAACCEACAGAG@CMKGCCAA@SD@GCAAAAAGAA@C@C@C@CAE@AA@A@@AA@@DAA@AG@@AAABA@@A@CAAACACAACEACACAEAGEI@@@@A@ADAD@D@B@BBDPLFJ@B@DIH@FBD@HBF@@AJAFEBEBkNA@A@AIAEEBGGAAA@GHGFEFGGAAEAAAC@@@A@A@@@ABCBABABYDAN@PCFIJOLQFOFYDKB@B"]],"encodeOffsets":[[[112834,41526]],[[112834,41527]]]}},{"type":"Feature","id":"150221","properties":{"name":"土默特右旗","cp":[110.526766,40.566434],"childNum":1},"geometry":{"type":"Polygon","coordinates":["@@BA@@D@B@@@B@BADCBCBC@EBABA@ADABA@A@@B@B@B@B@@ADADADAD@DBBBBDDB@BB@BAB@BBDBBBBBBB@B@B@B@@D@@@FEB@@@BABAB@B@D@D@D@@@B@DBD@@BDAB@B@D@@@B@BAD@D@@@@@@AB@BA@@@@@AAAA@A@AA@A@C@@BABAD@B@DCBABCBE@CBAAAAABABA@A@A@A@ADABA@@BA@ABA@AAACAA@A@@AACAA@A@@B@@ABABABA@A@AB@BABAAC@AAA@A@@AA@@CC@@@CBA@ABA@@@AAAAA@@@ABA@A@@AA@A@ABA@@BABA@A@@BABCB@@ADABABADABABA@@BAB@B@B@@AAAAAA@@A@@@A@CA@AA@AA@@A@@@A@AAA@@A@A@A@A@@@A@A@@@ABA@@A@@@C@AAAA@C@@@CA@@AA@ABGBKDOBE@@@A@@@A@A@A@ABA@@@A@A@ABC@ABE@EBC@A@EDG@CBA@C@E@G@A@ADEDGB@FKKCFGJGNKPMLIFBNDHDNDHBBFDDBCBEDGDKN@JBF@B@@@B@@A@EBG@@@@@@AAI@CA@@@@BGBGBE@CGAG@GAGAQABG@C@C@EBC@G@IGAGAEABAJGHEJGLIFCBA@@B@BAFBJ@@EJ@JAD@@@@A@E@K@A@@@A@@@A@@@AB@@@BAAC@@@ADCFGJIB@NCB@B@\\HHDLBB@@@BB@@DBBBFJBDD@B@@@D@FCH@L@DGDMDKC@FQL@J@JBD@DEFKFKBCB@BCB@@@BAB@B@BBD@DBD@BB@@BB@@HBFBD@HB@@@@HGDCJIFEBABAB@@AB@@A@@@AAA@@@AAACAAACAAAAA@A@A@A@ABABABCBABAB@B@@@B@D@B@D@DBF@H@@@@B@@@DAB@B@@D@H@H@L@F@D@D@@@@@BA@C@@@@D@F@D@D@@@B@B@@A@@@@@A@A@A@@@AB@@@@A@@@A@A@@@@B@@@B@@@@@@A@C@CBA@@@@B@@A@@@A@A@ABABC@@@A@@@@A@@A@@@@@AB@BCBCDA@A@@@A@@@AB@@@@@B@@@@ABABC@ABABA@AB@BABADABA@@@A@AB@@@@@B@F@J@HBL@DB@@@@@AAAAECC@AAA@@@@@ABA@EBC@CBC@@A@A@E@E@C@E@C@A@@@@A@ABIBE@A@CBC@G@@CAACCA@A@@FEDCBABC@A@@@@C@C@C@E@E@C@@@@@AB@BAB@@A@@@G@C@A@A@A@@@@@@@@A@A@A@@@@A@C@A@@@@@A@@@@@A@@@A@A@@@A@@AA@@@@@AA@@A@@@BA@@@@A@CACACAA@A@AAA@AACAA@CACA@AA@@@A@C@CAC@A@A@@@@@@CBA@@@@A@A@G@E@C@C@GAA@@@@@AAAAAA@AA@@AAA@@AA@@@A@@@@B@DAB@DA@@B@@@AA@A@C@A@C@SAAACA@AACCECAAAACACACCCACAAAA@AACAAA]OMGICGCC@E@CBAB@DBNBN@BADCDEBC@CACAECACCEEEQKMKGCKIEAEAC@C@AD@DA@ADOHEDIBYHMBGBE@I@GAE@E@A@@BAN@FBDJLLJFD@B@B@DABA@GBKBUD@BC@EBE@EAA@@ABEDGBCLOFI@EACIGEAECEAA@EAOASAQBEDEDABAHCH@BCBC@M@EACCA@C@EBC@ABADABABAD@FBDHJFFB@DDFF@HADEBEBGDE@C@I@G@E@EBE@AA@ABCDEBA@AAAEAMAM@GBGBCDAB@@@DDFDHBDAB@BABC@A@EAKCGCEAC@E@EBABANADABCBA@EAMGIGIGKEECICIAIAEBABKHEFCD@@AL@F@FEDGDEBA@CAECCCAG@G@EAA@@A@CAGDKHKFCDABC@A@ABCDITCFABCBA@A@AACCAE@@AAA@E@C@EBA@ABITMXCLCDQVMRMLEDABA@@@CCGEAAACIQCIACACA@C@CBMLOPAF@DFFFFFHBFCHCBG@EAOMEECAGAK@KBMDKFCBIJUXWZMLKDG@A@O@G@GDCDAD@DBR@H@FEDC@KCYOUIMASAIBMFCF@BLFDD@DEFGDEDCD@DJH^NDD@BCDUNKDK@GAAA@ECEiSWEKAEBEBEDIHABBBJBJ@DBBFALETKPEJZCBABADABA@@B@B@@@D@BBFBBBHHFEHEHGB@BBHHFABFBJB@B@lMFAFABEBI@@AE@GAC@EJG@C@AEIOKAC@A@A@CBCBCB@@@@@FJBHBFBDBDDFBBBDBDBB@D@BB@BABB@@BHB@CB@@BB@@@BBBF@DBD@D@D@B@HBBBBBDB@HTCB@DBHDNL@DBHBHBDDFBDBBD@D@F@FA@@DCB@HD@@@@JF@DQ@RNP@AFB@@@BDB@B@DBDDDBFLBFCDCDADADC@@@@@@@@BHJBBBD@B@B@FCFAB@@@@BBB@@@A@@BC@@BBD@@ABAB@B@BBF@@ABAB@B@BA@AB@@A@BDA@@DBB@B@B@B@B@BBBABB@@BB@@BA@@@ABBB@@B@@B@@AB@@ABB@@BA@@@AB@@A@@@AH@B@@B@DBB@BBB@@B@@B@DB@DDBB@B@B@B@BAB@@@B@B@DDBBBBBBB@B@B@B@@@BB@BB@@B@@@DBD@@D@B@D@B@BBFBFPFHBLILMDMAO@IBIF@HLFRDN@HLCNGLGNKHKFKBKAIAKDLLJJRLNLHJJFJFTDLBDJGHKDIDIDIHALLJTFJBFDHDDFJHHJDLDJFNHHPFJBH@@@B@B@BBBBBB@@@@BA@@@A@A@@BC@A@@@C@EBA@@BEBA@@B@@@FBBBBBB@@@DBHBD@B@BBBBDBD@HDD@BBDBB@B@F@F@@@@B@@@B@@A@@B@@@@@B@@ABA@@B@@@BABAB@BAB@@CBADA@@BAB@B@@BB@@@B@B@@BD@BHBNANGJGDCLKFKFKFGNGPCRCfAPCN@H@TDPFLFFFFB@B@@B@B@@@@@B@@@BA@A@@BA@A@A@A@@@@@A@@@AB@@A@@@@@@BA@AB@@@@@@@BB@@B@@@B@@@@@@@@D@B@@@@B@BAB@@@@BB@BB@@B@@@@B@@@@A@@B@@@@@@B@B@@B@@@@@@@B@@@B@@@@B@@@B@B@@@B@@@@@@BB@@@B@@AB@@@@@@@BB@@B@@AB@B@@@@AB@B@@AB@@BB@B@@@B@@AB@@@B@X@@@CCECACACAAAA"],"encodeOffsets":[[113368,41786]]}},{"type":"Feature","id":"150222","properties":{"name":"固阳县","cp":[110.063421,41.030004],"childNum":1},"geometry":{"type":"Polygon","coordinates":["@@A@@A@A@AAABABABAAALEDC@A@AB@DCDBB@D@B@BAB@BAD@B@BABABABA@@B@B@BAB@@AB@DAB@D@B@BABC@@BAD@BADA@@BA@@@AACCAACCAAAB@@ADABAB@B@BAD@BABA@@@A@AA@CCCAAC@@@CAACAACACAA@A@A@A@CBABABABABAB@BAB@BAD@DAB@D@BAB@B@B@B@B@B@B@BAB@B@B@B@B@@@BBB@@@BAB@B@BBBBDBB@F@B@BABADADCBADCFEBABC@ABEBC@ABCBABABEDGBGBA@EBC@E@C@C@I@@@AB@@AD@B@D@J@L@D@BAD@B@B@B@B@FBD@B@@@@A@@@C@A@A@A@ABC@A@A@A@@C@AAAAA@CAAAA@AAA@@AAC@CBCBC@E@A@C@A@A@A@A@C@CBC@CAC@CCC@A@A@A@@@A@@@AB@BCBA@@@C@@AAAA@CAA@ABAD@FAD@@@B@@A@@@A@A@@BAB@@AAA@CACBC@ABCDGBCBC@ABA@A@ABCDCBC@CBABAB@BAD@B@D@BABA@CBABA@ABA@A@@AAAA@CAAAAA@AAA@A@A@@AAACCEAECCAA@@A@A@C@@@AA@@ABA@@BAB@DA@@B@@AAE@A@@AA@@A@@AAAAA@A@C@ABA@CBC@A@@BA@@BA@AAAC@EAACCCAC@@@@AAAACCAAAAACA@A@A@@@@@A@A@A@CAAAGACAA@AA@@AA@@@A@AA@@A@@@A@@@AAAA@@A@@@A@A@C@C@AB@BADABCDA@ABA@ABC@A@A@C@AA@AA@ACA@@@@@A@@@ABA@ABA@A@A@@AA@AAA@@@@@@@A@A@@@C@@@CFC@ABA@A@A@C@A@@@@BABADABABABCBC@@BABABAD@BAD@D@BBB@B@BB@@B@B@B@BAFA@AB@@BB@@@@@@B@BBBD@B@B@B@B@@@@BD@@BB@@AB@BA@BDBBB@B@@@B@@@@BBB@B@@B@@@@B@B@@@B@B@@@B@D@BABAB@B@BABBD@B@DBB@B@@@B@B@@@@BB@BB@B@@@B@@BBBBBBB@B@B@B@@@@@@@BD@B@@@B@@BB@@B@B@@@@@@AB@@@B@B@B@@@DAF@B@@A@@@A@AAC@A@A@@@@DABABAB@@A@@B@@@B@B@B@B@BABA@ABA@A@@B@BBBAB@DABA@@@AB@@@@A@@@A@ACC@AA@@A@@B@BABA@CBA@@BA@@@A@@CCAAAAAAAAAAAA@AAA@G@@@AB@@@@@BA@@@AA@BA@@@A@@@AA@@@A@A@AA@@@@A@@@A@@@@A@@A@AAA@AA@@@@@A@@@C@A@A@AAA@A@C@AAA@CAAA@AAA@A@@A@@AA@@B@@A@@B@D@B@BADAB@@@@AB@BAB@BABA@A@AAA@A@A@@@AB@@A@@@A@@A@@AA@@@@A@@@@BA@@@A@@@C@A@A@@@ACA@@@A@A@A@@@@@@AA@@@A@@@A@@AC@A@@@ADADABA@A@@A@C@CACAAAAA@AAAAAC@ACECW@A@@@A@@BA@@@A@A@@AA@@BA@A@@B@@A@A@@BA@@@AA@@@@@@A@@BA@@@A@@A@@@@A@@@A@A@@@A@@@@@@A@@@A@@@@@@@AA@A@@@@@@@@AB@@@@@@A@@A@@@AAA@@A@@A@ABA@@@@@@A@C@@@@@@A@@@A@@@AA@@@@@@A@@BAB@@@@@@@BA@@B@@@B@@@@@B@B@BAB@@@BAB@@A@@@@@A@A@@@@AEAEEKEOESCG@M@ODeBQDODMHEHELELKLCDIHMHMBEFABC@KBGBCDG@C@ABCBCBGFAB@@ABA@C@@@AAA@@@ABAB@@AB@B@B@@ABC@CAA@CAKGCCCAC@C@EBC@CBIBA@A@CAC@AAE@A@AAA@@@A@CDA@C@A@E@C@CAEAA@CBC@CBCDEHABABC@C@C@ECA@C@CD@BCB@@C@@@EAKAA@A@CDAHABCDA@@@A@CAGAICGAECC@A@MBA@A@AA@AAAA@@AA@CBA@C@@@CAC@CAABE@A@@@@@@ADADC@A@@AACAA@A@A@C@CBCB@BAD@D@BA@CBCBCBC@C@A@EAA@GBGDEDC@CD@BAB@@A@@@A@A@ECAA@AA@A@A@A@ABIFABA@ADA@@BGFGFCBABC@A@C@A@ABC@ABA@AAC@CACAECAC@A@ADEBEBAACGG@ECKCEAAEAIAKBEACAAABA@@B@F@@AB@@@BABA@AAA@AAA@AB@@A@AB@BABABA@A@AA@G@G@CCAE@A@AEECCCCECCACAGAICWEMCQEC@C@CAABEBCDA@A@A@CACEAC@E@AIGACA@@AB@D@DBD@B@D@DAHABC@GAIEGAGACAC@ABA@ADCFGFEFEDAFEDCDCDCBABA@A@A@CAAACAAAAEAGEC@C@EBE@CB@B@DAB@BAB@B@D@BCFADABABABC@ABCDA@@@A@ABAB@BABABAD@@@BA@ADABCAKRBLDFFJBPGLMHKACCUIOBKBG@MAQCUEMKQKOCMDQBOCOIUIMGUKWGIESGM@MJILOBMAQEUAQFYHUFSFABA@@@C@C@A@ABCDABCBABA@@B@FAB@BABABA@AAABADCBA@@B@B@BBD@DB@EDABADGBGBA@ABAJABABB@B@B@D@B@B@@BB@DDBB@B@FJLPFLBTEJFDJENMNKHIJDL@FGF@@DDHD@VEBQKCBCBA@ABILADGJABABC@EBCBI@A@@BA@ABABABGBAB@@ABCJEPAB@B@D@B@@ABABAB@F@NAJAPENQNSFOD[FKFOAGIKGOBGJ@N@PSPO@W@QBMDSNIPAPBVGNIRCP@NDLRNR@XDTFNTCZSRSLMRSXGZALINOHGLAJANQXEDIDGJENATA@ABADA@EBA@@B@D@@ABC@@@@BBF@B@BA@CBCBABCFAB@B@DBF@@DDBBB@B@JB@@BBDFBBBB@B@D@B@@AB@@EA@@A@A@A@@B@B@@@@BB@BABAB@@@B@@@@CB@B@@BB@BDDDDBBB@@@D@@BDBFDBBB@B@@@BA@@DABAHIBAB@B@D@@@DD@BBB@B@LBD@@B@F@D@D@JBDBBBD@B@BADAD@\\@EPCDDBBBBB@D@BCDAB@J@BAD@D@BB@L@B@B@@B@@A@@B@D@@BB@@F@BB@@CFCFAF@D@R@DCBK@C@CBA@@BAF@F@D@BABABEBIBMBA@C@C@A@AB@BA@ABEFEFA@@BBBBD@@BBAB@BA@EDEDCBABABABADEBEBEDABABGFAB@B@B@@@BD@H@FBDBB@BBBBBB@DBD@F@BBBBBDJHJPRFLDN@PDJANB@pANKRQJEDAJAJ@VCHAFCTENADATEJAL@CEAA@A@AB@BCFE^DHAJ@R@JDDDJDLLDHHDFBF@P@J@D@LALCAAFEBDJCbQHeDAbEfEFABA@C@I@EBEDCB@@ADABC@AGQFEJEDCCCEhAHHHJPLNFPFPHTHVCHCPELAR@NAN@VDT@NCLGHOFSFKPETDPFLHRJPLPR@VENERJPX@RKFARKNEPELAVIRIPGTGVIfINCZGTETGRINIZUFDBCH@JHHADAD@XCFABABCAAACtIBOVKTILIHCPIHGBAHEJCHCFCDCDEDABARCBABA@AB@"],"encodeOffsets":[[113172,42285]]}},{"type":"Feature","id":"150223","properties":{"name":"达尔罕旗","cp":[110.438452,41.702836],"childNum":2},"geometry":{"type":"MultiPolygon","coordinates":[["@@l\\r¦j¦`¦b¤bpPxB¸D¶FL@DZAPNnr `¨bª`¤`FBHAPKRIRK\\ORG\\GTKFAFANEHAFAFCDCFEFELKNMPOROJGBADA^QVOTQJI^WbSTURQHGDCDCHKTYPUTYTYRWFGLM@AjM[XS\\eM£NsDOJaNiIOFUTIVKRYHOFWBYBWFKHKHOBKBGBSBSBO@ODKHMXOPMTSPQNMHEBCLONMFKVWR[FGHKJOLQHGRORQNUHQDKLOJGJUHOFKHQLSJMJKTOLMBEBKDKDCBAHMFKNSDKDMFQT]HGNSZaJI@A@EBC@@B@H@B@@@B@@@@C@A@@AA@A@@B@DAD@JCDCBC@@XCP@HCLGNGJEDEJKFEFGTQRAVO@MCOgFCLIZQNGl_\\IHAVGl@JOLKZEfF\\BVGTSNODcJQVOLWJWPMRSVSJUBSAYF]BGBYAUFIOc@MCEMEHOAMGOMKgKIGCKOOHIBINQTGNCNIJUAI@@@@@ADA@@@A@@@CAE@AAABE@A@ABAA@@@CBE@IAE@EAEAAAMECAA@E@]@OB]@CACECEEGDABA@A@@EC@AEEA@EECA@@AAA@@@E@CAA@@@A@@BADIZ]GCAA@AAAACAA@A@EAGAEAIAGAC@@@@A@A@ABABABA@AA@A@C@EAC@A@AACCKKECEGA@CCCC@@@ADCDCBAB@BA@A@E@CBAACACA@@@A@C@E@CAEAAA@AAAA@CAC@CAEBA@@B@@ABAB@@EDED@@AB@@@@@@A@@@ABA@ABEBIDABGDGDCBCBKDCB@@EFGDCBGFABABIDEDCBCDCBEDA@EBE@G@C@I@C@CBC@A@@@AB@BAB@D@@ABKFQHCB@B@@@BBB@BA@ABI@GBA@KFAEAGEQAEAAAA@@CAMBE@CBA@A@C@A@IBEBC@ABC@MDkLEB@T@D@BAB@BAB@@@B@DCBABABAD@B@@@@ABE@C@ABCDABAB@BCDADA@@@AAA@A@@@A@@BA@A@@@A@ECA@@@A@@B@@AB@@ABADA@ABAB@@CBA@CBA@C@A@@B@F@B@@@@C@A@C@A@C@E@CBI@GUAA@ABA@E@AAGAAGEAAIEQDEBSJKDC@CBQBcFMBBBBD@@@B@B@DBBBDCBA@ABA@A@@@C@A@E@C@A@A@@@AB@@@@@B@BBB@@@D@BB@@D@@@B@B@@@@@@A@@@ABA@CBA@C@ABA@C@A@A@C@A@C@AA@@EA@AAAA@A@@@A@A@A@A@C@C@A@C@A@C@C@CBE@C@EBA@A@ABA@@@@BA@@BB@@B@BBB@B@B@BBB@@DBBBBB@BBDBBB@@B@@@B@@@BA@@@@B@B@B@@@B@@@BB@@BA@@@A@C@C@C@@@A@ABABA@AB@@A@@@A@AAAACAA@CAA@A@C@@@A@A@C@EBA@A@A@@@A@AAA@@A@@@@AA@@@A@@A@A@AAABA@A@C@A@ABA@A@@AA@A@A@@A@@@@AAA@A@A@A@A@A@@@A@@@AA@@AA@@@AA@A@@@A@A@@@A@@@A@ABA@AB@@A@@@@@E@G@A@A@@BABA@ABA@@@@@@B@@@BA@A@C@AAA@@B@@DDDB@BBBA@@BA@A@A@A@AA@AAA@@AAC@C@EB@@@@BBBBC@A@C@AAC@AAACAAAA@AC@CACAE@CAA@AA@A@@@ABAB@BA@@BA@CBA@A@@@A@A@A@A@@M@E@CB@AA@AACACAEACAAAA@AA@AAA@AAC@@A@A@A@ABAAAAA@CACCA@AACAACA@AAA@AAA@C@A@A@AAEACAAA@A@A@@@AA@@AA@C@@@AA@@@C@C@AAABC@A@@A@EAE@A@AA@@AA@AC@AC@A@@@E@C@@@@A@ABA@ABA@@B@B@B@B@@A@C@C@CBA@CBA@AAC@E@A@@@CBA@CBABKF@@AB@@ABA@ABC@A@A@@B@@A@A@A@ABCBCBA@A@@@A@@ABA@A@@A@@@AB@@CB@BABA@ABA@CAA@A@@A@ADCBA@AAA@@A@ABA@ABABCBA@A@@@@A@@BABADADCFCBA@@@@@A@AAAA@A@A@A@A@@A@@B@DABADA@@BA@@A@@AC@ABC@AA@@@C@A@A@C@@@AACAAA@AA@AAA@ACAAACCCAAA@AAAAAAAA@@@A@ABA@ADAB@@ABA@ABC@A@A@C@C@ABE@ABC@@@A@AAAACAC@A@C@@@A@@BABABQDABCBCFCDEDGDIDGFABGHOJGDKJSJULAPsJBDBBADABEBWDC@CBGBIGG@ADECYVMJQJSHSFYHMDeJUJSHOHQJUJKBOFMFQLEBQLW@IOFQFM@UOQOKQIKGOESCOFELETGPKHMDS@UCM@íʲBBB@BBBF@BBBBHBDFJBBBBB@DBBDBD@DABABHAD@D@F@PFFBBJBFDFBFDB@B@@@D@@BB@BBBABCF@B@@BF@B@B@D@B@@ABA@@BB@ABBBBB@D@@BB@BBBB@@B@B@BHF@BAB@BA@DBDBBBBB@B@L@BBB@B@DA@ABE@IDE@C@A@EBA@CBC@EBC@EBCBEBEBC@GBEBE@C@GCC@CBE@E@IBE@CAE@EAEAC@SCEAE@˯מ"],["@@VD´JHfXXBxBdXpn\\˰םEAG@CAC@I@M@CAKAGDMDIBUDGD_@KVAB@BOZINWhCF@@\\vThHPSJCEGKIMuF]BKLwBO@G@A@CBIDG@ODIBCBGDKBCBCBE@IBEBE@ABABA@ABG@E@CBABA@A@@@CAC@A@@@A@ABCDCBA@ABADCFCDCDADADABADADABAFABADCFEBA@ADC@CBABCBA@CBC@@@C@AB@BABABA@ABADC@ABG@G@ABA@ACCJEHGDADADADAJCPEBAF@PEB@B@@@BAB@BCB@DADAJEB@DAF@FCHADCHEB@@@BJDJDFDHDHBLBFFJFLDLDJFHBHBFBDBD@BîʱMBQ@KBOFGDUDSGOGOEMEOKGIGGgBFDDCDIFEFHR@BADCB@BA@CDAF@F@J@DABEBeFaFCBGfaRIDACEFBBKDKBC@I@O@E@EAGCCGKKICCCICQ@I@GB]CEFADA@@B@BBBDFK@IBSFCBMBSFEDGBUDI@IBCBIFQRMLoBA@SA]@k@OAOAUAOA_@[FWBQ@Q@]FwCK@IDGBC@@@cHLJBDDD@@@@KREBWFQLCHAHDFLJLTFJAVENANCLCRGVCFEJENAJAN@DBJAJIHKLINGN@JBLCLONGDIDGL@FOLEFABONCDEFCBSPABDDllavCFsXGDCNGPGNCFADSb[ZEJ@F@JDJHHLFRHPBbFLDTHNNNRJJHJ\\JLPFFZdNPRXblTZHHFHLNX`DFLNFFFHFHFHLPP^BHDFFNFJDLBHFJBHBDBFDF@DLDfLGV@HCLEVAFI^IdCNALG\\CNAJCLAP@BA@@B@@CDQ\\IPINKTHJ@NIHKFEDGL@FBHELIHAHBH@HEJMDKJCJ@FFL@JALELGJ@@@@@DANCTSLiJWJQJ"]],"encodeOffsets":[[[112252,43542]],[[112009,43467]]]}}],"UTF8Encoding":true}