{"type":"FeatureCollection","features":[{"type":"Feature","id":"441403","properties":{"name":"梅县区","cp":[116.083482,24.267825],"childNum":1},"geometry":{"type":"Polygon","coordinates":["@@GBGLGFE@EAC@EBW@EAE@EFAHGDGHADBJ@BCBCAEAMHGDAD@FMJWPEDGL@HCDI@GAEECAEBDHFFTLCDADBF@BGAAGC@ABAACCE@KFOHADEJGFGDC@CAAGEECCA@AACFMF[FKACI@QGGQCUAI@KFABGP@LFPB\\AF@@GJGFIHGHIJ@@CHAB@B@B@DABABCDAD@@CB@@A@A@@AAA@@@ABA@A@@A@A@A@@BA@GHINGJGNGFMDM@CCGMGMKIIE@@C@C@CBCBCBEDA@EDA@CGAOEOMS@ABEBGFE@I@OAMCEEAGC@AACAC@EDCFCHEDCDEDEFCJAJCD@@@@@F@JDLHJDFAJEDGFKD@FCFCDEFGFE@@BAFC@@@@@AJCHCHABBBB@@@@B@D@H@D@BBBBB@F@D@DBDBBBDBBBB@BA@C@I@CCG@ACGEGEECCAAIEEGEGCI@GBM@@BABADEDABADAB@B@FA@AD@@@DEBCDGDEEGGE@AA@C@A@AAAA@@AABA@EBC@ABA@@ACCCECEAAACAUICEAKDMHUFANDRAPGNQRK^CB@HCF@H@JCBAHCJCDAHANILIPI@@CC@C@AD@F@FAHCFCDA@EAEAC@C@E@EEAC@CAIF@FE@E@EGCBEBC@A@AA@A@CBC@G@EAEAEAAAAAGAEAA@C@A@CBCBCAE@A@@AAA@@AA@@A@A@A@@@A@CAA@@ACAAACAA@C@@@A@AAA@BA@ABA@A@CB@@AACAAA@@AAC@ACA@EACBE@A@C@@CBABCBC@CACCAGEKGCCEAEGQICCECIGBCGCEAE@C@CAAA@GBGBEBC@AA@AA@A@EBEBCBCBBD@D@B@D@DCAACAAA@GAAE@IAECA@AA@A@ABC@ACAACCEEEGEEGGCEECCAAK@K@IAG@CACAEAGAEEGCAAC@@A@@IACACDADAB@DADADABCB@FAFAH@FABAF@BB@BBD@BBBBB@D@D@BBDDAFAB@@@B@DBBB@B@@B@D@D@BBBB@B@B@BDDDB@BBDBFDFDDB@@@BAB@BAB@@A@AAA@A@C@AAABABAB@BBBAB@BABCAECCEEAA@CBABA@CBA@CAC@CBEBEBADABCBCDCB@D@@DBDF@DAFABAB@D@D@D@FADCFCHAFCDEBE@EBKDED@@ADCBE@EBCBADADAFCFABA@A@CEAAEAG@GAA@CBCFEDEFADB@A@AHAD@FBDDBF@D@@BABAD@@BBD@F@D@BDBBBBF@FAHCJABA@@@A@AAE@A@@D@B@BDBDDBB@J@HBH@F@@B@BABABABAD@B@BCBABA@AB@D@BEDGDCDCFC@CBABADBDDFAB@DAB@B@BABBD@FDFDDF@F@B@@BBBADCD@DB@B@B@BDDDDDFFFDD@FCFCJBFDBDABBBDBB@@DEBEDADCFEB@BAB@B@BBD@DBBFBF@H@H@D@BB@DCBEDEDADAJAFEJAD@@AACCAAEBEBGBCDCFAHAFBDB@FABBDBBD@FADCF@BADCBAB@B@DBB@B@B@DCBCD@B@DBBBB@BAFAFAHAFABGFGBCAGCA@G@ABADA@@BA@EJEFC@@@A@@B@D@BAB@@@@A@@@A@AEAA@AA@@@GBEFCDEBGDC@A@@@MBC@ABABAD@BBBBFAFCJCDGDABADC@AB@B@BDBBBDH@HCFCFAB@@GHEBCB@B@DBF@FEDAFAHEDABADBF@BABABGAGAI@AB@DAFADABC@CACAABCBA@CBABC@E@CAAAC@C@A@GFCFAB@D@D@B@BA@EB@@@@GLCJA@ABE@EBEBCD@B@BDBBBBBBDBB@BABADC@CDAB@DF^@N@BHBFBBD@D@F@JBFFDDF@FBH@DAB@DBBDBDBDDNRDH@JF@FDFDF@F@FCDCFCF@FBDFB@DDHDF@HAJAH@DFBBHJBBBBD@DABCBCBCDCBA@@HDHBJ@BBDDBDNAVCD@DABABC@C@CBEBCDEDGBC@@BEAGBCLETKNGBCAGCI@CBADABCDABAAE@CDADADCDC@AFANCJCB@BBABADAF@DDDDD@H@J@FAH@HBDBBHANEREJCDBB@D@BADAFDDD@HCHAB@BE@C@CBABAF@FAHAJAFAH@F@FAF@DABABABCDAB@@@BB@@@B@D@@@B@B@@BB@@B@D@@B@@@B@B@B@B@DAFB@@PCNCFBFFFH@DBDDFD@F@F@FADADABADAFAJBFAHAHCHCFAD@FAFCHCHGDEDE@C@EACAA@AAA@CB@B@B@FAFAFEFE@ABCBC@C@C@E@C@EBEFGFEBAD@FBFDBB@@@BFBFHB@@D@DADADCF@D@FDDBD@B@DDHDJB@F@F@HAF@F@DDFFDDFB@B@DCDCDCDCFCDAD@D@D@BBBFBHBD@DBBB@DADADABAD@DADADBD@BDBBADBBBBB@@D@F@D@D@B@BB@D@DBDBD@D@F@B@BBBBBCPCP@F@F@D@D@FAF@D@D@BB@F@D@HDFBBAD@DCBCBCDC@ABAB@B@DBDBDADAD@DBDBBBH@B@@BBB@BB@@@BADAB@B@D@@@FDDDDDD@FCBEF@D@@@@B@F@B@@B@BA@ABA@A@@FBD@BC@CACBEDCF@F@BBDBB@D@D@FABAB@D@D@BDBFBFDFDDFD@B@BDBBB@DBDAB@BDDDBBB@BAD@D@D@BHTAB@BABABADAD@D@D@LADEBSCICEDEFDRBBDBBBBBAB@BBDDBDDFBDBDDDBFBHDFDDBDB@JALBDRDHDADBDBFCHC@AB@DBDDDDD@B@DABAD@BBD@BABCBCB@DBDDDFFBD@D@BA@A@A@A@@@@BBB@B@D@@BBBAD@FBDDFBDBBD@BBB@DF@DB@F@D@DDBF@HBFBBDBB@@ABAB@DAD@D@BCBABAB@D@BBBFFFDR@@@B@BABAB@@ABBB@@@@BBD@BB@@@BB@@B@B@B@@BCBABADEFCF@B@BHDBB@BAB@@@BFBB@HAJ@F@FDFDD@BCBC@A@A@ABC@ABC@ABABCBADADCB@FEFEDC@A@@@ABA@@BC@A@@C@A@AACC@A@AJG@AC@CA@@A@@A@AAA@ABA@ABABAB@BAD@B@D@D@BA@@B@@A@A@A@ABABABBB@D@@@BAB@BA@@@@DGBMDKHEJAJ@RFJFB@B@B@BAB@BAB@B@B@@@B@BBB@@BBBB@@@B@B@@@BA@@BABAB@@ABA@A@ABA@ABCDCBCDCBADCBABA@ABA@AB@@C@A@A@CAA@AAC@A@A@A@ABC@C@E@EBCBCBABCBABABABABA@A@@BA@A@@@A@AB@BA@@B@B@BA@A@AB@@CA@@C@@AAAAA@AA@CAA@C@A@A@A@A@A@@@AAA@@AA@AAA@A@A@ABA@AAA@@@AA@AA@@@AA@FIBABADABAB@DAB@DABABADCBABA@@B@B@B@B@DBDBDBDBDBDBDBF@DBD@F@AAAC@@@ABGBEBABABADCBA@AA@CACCCCCEAGAC@AAAA@AEACAACAACAC@EBEBEDCFCHAB@BA@A@AFADAACAECEAEC@AAAC@ACCACCACAAAACAEACBC@C@EACBG@E@AAACAC@CDABCBEB@@E@CAEAACCAECE@CAGBC@A@AA@ABEBAACAAECCC@EBEBCBA@C@CACAAACAA@AAAAACACAAAQ@QAC@AAAACAAE@CACACAA@AGAEAC@CAAAAAAA@AC@C@CBABC@AAA@AA@A@A@CAAEACAAAAAAC@CCGCI@@@@AE@E@C@@AC@AAA@A@A@@@@DABABA@@BC@C@A@CBA@A@A@AA@EACCACBCBEDGBABADAB@@ABA@C@ABCBADCDCDAF@@A@C@@@AAACCAAACCGCGCAACAA@A@CBCBGDEBC@AACCCQQACACAEACECG@A@CBABABCAEACAAACEAC@CAACECEACCAAEAECACAIAGCEACACACA@ABCACACACA@MAI@GC"],"encodeOffsets":[[119135,24844]]}},{"type":"Feature","id":"441427","properties":{"name":"蕉岭县","cp":[116.170531,24.653313],"childNum":1},"geometry":{"type":"Polygon","coordinates":["@@BA@@B@@@@@BBBBBDBDBBADADB@BBF@B@DCB@B@BDD@DAF@B@BDD@B@@@DABA@@B@B@@@D@DAB@D@D@D@DAD@BABABAD@D@BB@@J@HBFHJLB@BBBBBBB@DD@BDBDDFFFDBDFHDBJDHABEBEDKJOB@@AD@D@D@BAB@BA@ABABC@ABC@@B@BAD@BABA@ABA@ABC@E@E@C@A@A@@BABAB@BAD@BA@@BAB@BBBBB@BBDBD@BBD@D@B@D@BAB@BAB@BA@A@A@C@A@A@@@@AAA@A@AAA@AAAAAAACA@AA@@AAAAACAAACAAAA@C@A@CPIFCD@D@B@D@B@B@BBFBBBB@BBBBDBB@DBBAD@D@D@D@F@D@F@B@D@D@DBF@FBFBFBB@BBBDBBB@@BB@@BDBDBDBDBBDDBBD@@TJJH@@@C@C@A@@BA@@BB@@BD@BBBB@@BB@B@B@@@B@B@B@BBBBB@BDBD@DBD@D@B@D@D@BBD@BBB@D@B@D@B@@@BA@@B@BHFDD@@@B@@BBBBHJDBDBFCBAB@D@B@B@@@BB@BAD@D@BB@@@B@@@BBBBB@D@FBF@@@F@B@BAB@D@@@B@@A@@@A@@@A@@AAA@A@A@AA@@AABABABAB@BA@CAA@AAA@A@A@A@ABCDCBAFA@@B@B@B@DBB@@@B@@@BA@@@@AC@A@ABA@@@@B@@@B@B@B@@@B@BA@ABA@@BA@AB@BA@@@A@@@A@AA@AAAAA@AAC@AAA@AACAA@CAA@CAAAA@@@AA@@A@@AA@A@A@@@A@A@A@AAA@@AA@C@AAA@AAA@AAA@AAAA@AAA@A@ABA@A@AAC@A@AAA@CAA@ABA@A@AB@BA@@BA@@@@DADC@C@AACBADCGBA@EA@A@@BA@AAAGC@A@ADEFEBCBADA@AA@A@A@@@AA@@A@@AAC@A@@A@AA@BA@ABABA@@@Q@ECEEAA@A@CBABADA@A@CBC@CBABA@@AAACEAGAE@CA@C@C@ECAE@@CAA@AACCAEACCEAC@ABAA@@@C@AAA@A@@B@B@B@B@@A@CACEECCAC@CDADABA@AAC@ABCBA@C@ACCCCAC@CBAD@DGAEACBCGCQCACBK@ICACAECGCEACACCCAEACCCAAC@ABAAAAACAAACQFEFCJDTDFABC@K@C@CBCBCBABA@ABAGS@A@C@CBC@AAACACC@ABAAC@CAACA@A@AECCCCEAEAEACC@C@A@ABEBC@C@A@CAAAE@E@CDAFBD@DADC@EA@@@BAB@BABA@@@@A@E@A@@C@E@AFEDC@CCCCEC@@C@A@A@CBAB@@A@@AAA@AA@G@AACACAC@CBCBCACAA@A@AB@BCDADADCDC@ABEAGCC@E@A@@A@C@CBE@E@C@C@E@EDODOAAAA@A@A@E@CACAC@C@CAAA@C@C@E@C@@@AAAACAABCA@AACBCBC@CBCBABCBC@CAACAC@GAEAAA@A@C@CBCDCDEDCDCDC@C@AEACCEECCE@E@GBE@E@A@CICG@C@AACCC@E@CDEBCBC@C@CA@EGEA@A@@AAECEAC@ABEFEHAF@F@D@F@D@DADAD@BEFEFEBEBA@A@A@@DBB@BBBBD@F@DCFCFGHGDEDEBC@EBGDGDGBEBIAEBCBABCBCBEBE@E@C@E@CB@D@JBJBHCHEFCFEJ@DA@@@A@A@A@@B@@@B@@@B@BBBB@BB@@BFDHJHPDHBBBFFB@BBADADADADCFEFAD@@ABBB@B@B@BABA@@@C@AB@@@@@@ADABCDEFCB@D@DBDCDADAD@D@HAJAD@@ADBDDFBDBDB@BBBBB@B@B@B@@B@@BDBB@@@@DBDDBBDDBBBBDFBF@D@DADEFAFCF@D@DAFAHBD@D@F@FLL@@BBB@D@DB@@DC@CDAF@FBFFDFDFBDBDBD@FBD@DDBF@B@DEBEDAFFHLDJCHEFCH@HBFFBF@FEDCFB@@@@@B@@A@@B@@BBBBBBDBB@@B@@CDAFBDHF@BBBFHBDDDDBB@@@D@AB@B@D@@@DAF@BAD@B@@AH@BCBC@@BCD@@CBEFMHABABCNCDA@A@@@ABG@C@IDEDAF@DBBF@H@DDBB@DCFIFGDCBA@@BAB@BBBFBBD@D@HAB@F@F@BDBDAFAF@BBBB@D@D"],"encodeOffsets":[[118876,25436]]}},{"type":"Feature","id":"441424","properties":{"name":"五华县","cp":[115.775004,23.925424],"childNum":1},"geometry":{"type":"Polygon","coordinates":["@@ABG@KBEHEDCF@FBJBDBHBDABABABED@BBH@D@D@B@B@DABGD@DAFC@CB@@A@AAC@ADC@A@ADCB@BDBD@BFCFADDBBFAB@DDBEDDBABCD@D@DABAFE@DFAJAAE@E@CD@BABF@@FB@@@@@BB@HCBABBB@BC@C@@CCBCBA@A@AFAFBFDDBBD@DAFBDB@CJBBBDBDDD@DBCD@DBBAD@@CB@D@BC@AB@DCD@F@F@DFB@@BBADAD@FBDDABCBEDABDADADBD@BEFBBDDBBBA@BBBBBBDDDBHBDBBABC@EBKFC@@BAD@@BDABABBBBBBD@BABABA@CDADABCDADBF@FBF@H@BBB@DCBABAFADFFD@@D@B@DB@@BABB@@HCH@BBDB@BBFDADAFAF@@DBFBBBB@DD@D@BBDBBFDAF@D@FDDBDDBD@BD@FAFAD@@BDDD@BA@@@CD@BBDBB@D@FBBBB@F@DD@AH@B@BADBB@BEBC@G@ADABAC@AAEECCACAC@A@AAA@ADA@ACB@@ABEEAEDCBCAA@ADCBABCAABC@CBCFBFFBBDBJAF@D@D@DC@C@EBA@A@CAE@@B@DBBCDCDABC@ADA@EB@DCFDDCFEHBBBBBADB@DAD@DD@@DFB@DB@BB@BDBFJA@@B@DABCBABADEBA@C@@AAA@AABAAA@@AABA@AAGE@AAACAA@A@AA@CBADAAA@EECCDCBECCAABE@CACCCAE@ADC@C@G@EBA@C@GAGBA@CAC@A@CA@@AD@@@B@B@DBBFBDBDDDDFDBBBBFDFDB@FDHJH@BBDH@DBBBBH@BBCBADCDEF@B@BDBDCBAD@D@@DB@DB@B@@CDC@DBADAD@@@DBBCBE@C@EB@F@@DD@BBBB@BB@DBBBBABEHBD@F@F@DDBD@BBBDJDH@D@D@FBBDADABADAB@BAD@D@D@BD@DB@BB@DB@@BB@DAB@FBD@DFDB@B@D@BADADB@BBDAB@BBDCDBB@D@@DBB@B@@BADEDFBBD@B@@FBF@DDADDHA@ADBB@BAFDB@BA@AB@HBD@BA@ADBDBBFDBB@DBBDDB@B@@BA@CF@BBDB@AD@BADDBFDD@F@BBBAD@F@BABCDAD@@DDFBFBBD@B@B@BBFBFDFD@BFBDBADAD@DBB@D@DCDBBBD@BABAD@DADCBADFDFDCBADAB@B@BBF@B@F@DABCBCDAD@DBB@DBDBD@FAD@D@D@FCBABCBCBEHEFEDEDABCPEFGF@DDFBDDBD@FBD@BBBDBF@DBF@BDD@DBD@F@F@DDDFDHDDBDB@D@BCHEHAB@DABBBB@B@B@BB@B@B@B@BB@B@BABABCDABBBBBBD@@@B@DAD@FB@@EDDFJLFFB@DBF@D@DADA@CACAAAACIBGFEJCF@FBBB@DBFDDBABADIBIDIDABA@A@E@EDGFCB@D@H@F@BADAD@DBBFDDDFFF@B@BEFCFAB@BBD@DCDCBC@C@CD@@AB@H@JCBE@G@EB@B@B@DBBD@JAB@B@B@ADAFADCFEBCDAB@BBDBFEBCDADBD@BBBBDBDABAD@@AHCBA@A@BDAD@B@@B@B@@@FDBBH@D@DCBEFEDEB@FABADCD@@A@CB@DBB@D@DCDADAD@BAB@B@BB@D@BDBF@BADC@ABAF@F@D@DABCD@DBDDBBDBD@F@DDDFBBDBDBD@DAFADADCBCDCHCHCFEDE@CAAAAE@AABCFEHKBAACCA@AAC@E@ABABCBAA@@EACAA@CBCBCDELGFAJAHAFABCBE@CBA@AB@DBD@BABABA@CBAB@B@FBD@D@@@BAAA@ADG@@@ABCBAH@PBFBBDDFBBDBBADADE@@@ABADEFCD@DBBABAACAA@C@ABGDCF@DBDBBBDBD@@A@C@C@A@C@AAACA@C@ACA@A@CBCBCBCD@B@DBDDB@BBF@BA@A@CACAC@C@ABAB@DA@CACBEDCBADAFAD@BABA@CBCBAFADAB@DBBDBBB@D@DA@@B@B@F@FBFADC@ABCBABAHGBEBG@EDCDCB@BDDFHFHDDB@DCD@DDBDBDDFBFBJADABCBCDAF@D@FCHCDCDCFAFADCDCBCBAJGFEFCFAFAHADBBBFDB@@AB@ACACAC@E@E@ABGBABADAFA@A@@@@BA@C@ADCDCDABABA@C@C@C@AAE@AAAC@@A@@BADCD@B@D@B@@ADAB@@C@CAA@ADADAFAD@DADAD@BCBABGAEAECAACC@AA@@B@BCBCBEDCBAB@F@FBD@DABCBCAGAGBEBADGBG@CBC@ABAD@DBFDDBAD@DD@FBF@D@BABAD@B@FAFCHADADADABCBABCDAB@DADAD@F@BABA@CBCBA@@@ABCBCBAD@FAFBFBDBBBH@H@B@BADCDCBABABIDCBAFCBABK@AACBABAAAA@A@C@C@C@ABA@@CAC@CAGAACAAAE@CBEAEACCAC@G@EAEACCAC@GBEBCBCBC@CC@A@CCCAAAAAAAAACE@EAACAE@@AAEAA@AECCECCAEACAEAC@AAAAACAE@C@C@C@C@A@CEGIGMMIGECCAAACEAE@E@CAAAAAAAC@A@A@C@CBEBC@@@AACCAICGAEAEAECCAGCCCAAAEBC@EA@@ACAC@ACAA@CAAC@ABCBABA@@@@A@ACECCCGCEAC@ACBABADADC@AACAC@C@C@GIC@EI@ABC@A@AA@A@C@A@A@A@AAACAAAC@CCEAAAA@A@AAA@ACAA@C@@A@A@EAA@AEAACAEBGBCBCB@BAD@B@BCBCAC@AAACAAAC@E@C@AA@ABABCBABCFCF@BADA@@BAAAAA@ADCB@@ABB@A@AA@@ACC@C@EAEACAAAAABA@CE@C@A@ABABAFAB@@AAACAAAAECE@AAACBEBA@C@@@CCAAAC@ABABCBA@AA@AA@CBADCBA@ACCCCACCEEBGDCFCDI@I@ACCAGBEDEBCDCAAACAA@G@IB@@C@AA@C@C@C@ECAC@AAE@E@EDIDCBCHCHGFGHCJCHCHAHEDCDAB@BABA@A@AAAACAEAA@A@CAECECAEACCECACAAEAC@AC@C@ABC@AEC@A@ABAAEAG@@A@@@CBCBC@C@E@C@C@AA@CBCBCAA@AC@AGCGACAA@EEAEBCBEBAB@@EBECKCKGEQEG@A@A@A@A@A@@@CAAC@A@CDA@CAAE@CACGCGEE@AEAGCC@GCCCAGCCCACACAC@E@C@IBEBEBOCCAMI@C@C@C@AE@C@C@C@@ACGCAAAC@EA@@ACBABCBABAB@BA@A@CAACAAC@E@@@A@CB@@EBEACCCEC@E@ACAC@AACAA@@@A@A@CAC@ABC@A@ABEAC@C@C@EC"],"encodeOffsets":[[118247,23935]]}},{"type":"Feature","id":"441481","properties":{"name":"兴宁市","cp":[115.731648,24.138077],"childNum":1},"geometry":{"type":"Polygon","coordinates":["@@HGHGFADCDEDADEDCBA@@BC@CCCCC@C@CBAD@DBHDJ@HC@AB@@ABCDGFEHCHCFCFAHBD@DADA@ABA@IAOBA@@HIHCF@F@@ICGMQCCCACAAA@CBA@CAG@ECEECAE@I@E@CACEAGA@A@ME]@CBADCD@BCBA@AAAACAAAACA@A@ADCFAFAF@BAB@DIHK@@@@FAB@@A@A@C@CBADEHEB@D@D@BBDBF@D@BADAB@DABADBDBD@BABCBE@CBAJ@HBHBBABA@AAEBCBAFCBGBEFC@EAE@C@ADAFAHG@@BADEDE@GCGAACA@A@ABAD@BCBAHCDCDIBEAEAA@ABCBABAD@NA@@B@D@HCFADCFEHA@@B@@BBBBFB@@@B@@@@@BA@A@C@AB@@@D@FEFIB@@AB@BCBAH@B@HDDBHAHEBABEBGBEBE@AAAAA@C@ADCDA@C@A@AAA@C@ABADABC@ADEBC@EACCAAAEBA@ACBEBGDEDCHAFAFABBDDBB@@BCFIBEBIBCFCFCDA@CAAC@G@G@E@EAAA@CAC@A@ABA@AFADEBCFCFA@CA@CAAABAACECIAEDEDC@ECEECCCCACA@A@A@@CDCBCAA@AA@E@E@CCCE@EACBA@A@ABA@CBACEACBCBADAD@DEDCHCFC@A@CBAB@BADA@A@ABCBABABA@A@AE@G@GAI@A@CAACACA@C@@@@BBF@B@B@@ABIBGDEBE@AAAAACC@E@C@AA@@BCBA@AC@E@CAAC@EBCBGB@A@BCFEFCDEDAB@HBH@FBBBDFB@B@BADEBEBCBCDAFAF@DABC@@FCLCFAF@FADCBEDGDEBC@E@C@C@CBABABE@CCECA@@@CDADCDABABCFAFADAD@DBB@DAB@BADAB@FBDFFDDBBA@ABAAA@ABABABABBD@B@B@BBB@@@BA@ABA@A@@CAECECCAAAA@CCACA@A@A@AA@A@C@C@AA@A@AA@C@A@@BABECCAAC@C@A@AAAAC@AAA@@ABEBA@EBGBE@EDABABCBC@CBABCDCDBJB@@@BD@BBHDFFAIAGDABAACBADADAFADA@AAACAGECAGAAACA@C@CD@D@JEB@@C@C@AACA@C@@ACACACEAECEACFAHGFC@ABAAA@@A@AAC@GAEAGEABCDCDABA@G@G@AACAEAEAEBC@ABADAD@B@@ABAD@DABABE@C@CBCBA@CBADABADCBCBCBGBEDEBA@C@ABABC@E@EAC@@CBCCAECCAC@AB@BAD@DAHCHABAFBHBHADADCBC@EAE@A@ABCDAFADADA@@@BBD@BDDBBFBFAHABADC@CBCBC@EBCBCB@BBB@D@DA@CB@BA@C@A@C@CDAB@@@BD@BB@BBF@B@D@D@DABABCBCDCD@B@DAB@@@@@BEBCBABABAH@B@F@FBDBDBDA@@BA@ECAACAGBEBEBEDEFIHABADCDCDEBEBCDCDGDEDC@E@CBADADCBIBEAEACCCACA@CDC@CCAGCGECEACA@CDCD@FAHAFGHABABAD@BCDEBEAE@A@A@@@CBC@A@AAACCAA@CBEBABAD@DABABC@EBCBABCDAFBD@DCBA@AB@B@DBDBD@D@BABE@AAA@CCCAA@C@ADADAD@D@BDB@B@DDBBB@B@D@B@D@D@BC@CAAACACAE@CDAH@B@DBBBDABABCAC@EDCFAB@B@@CFCBABCAAACEACEAOAG@ABAD@B@@CH@BBBAB@@C@C@EAA@A@AB@DABABABC@CAA@@BAB@DAFADEBGBIBEBKHCFADAD@DBBBD@FB@ABADAB@B@FBD@BDBBDABGLEFADBBF@BBBB@DCFEFGDGDCDADCDCBEBCBC@CACAAACECCE@C@CAAACCCAC@ADCBC@E@E@AB@BCDABE@CA@A@CAAA@A@ABABBD@B@@AFCDC@C@ADAH@BBHBFBDDBFBHBFBDDDFBDBBB@DEHEJBFF@HBLBL@H@FABE@AD@DBDBDDBD@D@B@@F@FD@DBD@F@DAB@B@DD@F@PADABC@A@EBABCDADEFAF@DBDDDBDBDADABABABBB@B@B@BADEDCDIBABAD@DDBFBBD@H@DCBGBCB@BBFABADCFCDBBBB@BABCBABEBCD@BBBBF@FCBAD@FBF@DCHBHBFDHBFAJ@HDFBHBBB@HDBBB@BAB@B@FDBBHJHJFJBL@LAJADCBEBED@B@DAD@FBFDFDBD@FDFBDDDFABADBBBBDDDD@DABCBCACACAEAE@C@AD@B@DBF@HAFCDADC@C@AACBC@C@CA@C@A@E@A@@@@AA@@A@@BA@C@A@CA@@A@@B@@AF@B@B@BBB@@BDBFBFABA@GBIAECCCCBADAD@DCDEBEBG@GBEBI@GAC@K@EBEF@B@B@BAH@B@D@BCDEDAB@FDDBBDH@FAH@BABCFAHAB@DBD@BBB@F@BCDAFABBD@@AHAD@@BB@@B@B@D@B@B@@@@@B@B@BAFCBADBB@BB@BA@AD@@BB@@AB@@@@A@A@A@@@@BA@AB@@@BB@FBDBB@FBD@F@FDBBDB@B@BCFAF@JCFAFCH@DBFFHDDHFDFBBDD@F@D@F@B@B@@BBFBHHDBNDL@FBBBBDNDBBD@BA@@BCBABA@ADABABABCBA@CBABA@C@@@@@GBEFEJCP@P@HDFDFHDF@@B@BBB@BAD@B@DABABABAD@B@@@B@B@B@B@B@@@BAB@B@BA@ABA@ABA@@@A@@BABAB@BAD@BBB@DBBBD@D@D@D@BADABADABA@ABAB@DAD@FAD@B@B@BAB@BABABCBABABCBCBA@ABA@ABA@A@AB@@AB@BA@AB@BC@C@CBC@A@A@A@C@A@AMGCC@IFIDGDA@@@A@A@AB@BA@AB@@@B@B@B@B@B@B@D@BBB@BAB@BAB@D@D@B@D@D@B@BAD@@AB@@AB@@AB@BAB@@@D@B@B@@@BB@@BBB@B@B@B@B@D@B@BB@@"],"encodeOffsets":[[118512,25132]]}},{"type":"Feature","id":"441402","properties":{"name":"梅江区","cp":[116.12116,24.302593],"childNum":1},"geometry":{"type":"Polygon","coordinates":["@@ACEGEG@@OJKJMJGBCBIDGDABIDG@E@GDA@]DQLMROHQBMCEBGVCNBLDFVJDBBBFBFDDDBD@@AB@BAD@FABBB@@BBBBB@D@B@@BHFFHCFCHADCF@@C@@BEBA@A@CBABCBCFABAB@@AN@HDJFHFHJFBBDDFFFHDH@BDH@D@J@DABA@AACAAACACAC@E@A@AAAAC@G@C@A@@@@@AAAAGBGDID@B@@@@EDAB@@EFEHCFEDEDC@ELCHIFEBICKGICE@@@@@C@IDIBEDCFCFCDGFEDCD@FBDBD@BHDFBDFBN@P@JEFAHAF@BNTFPBPDHB@FCB@FCDADADAD@D@@@JFLJHNHNDDN@NCHEHMHIJMHGB@@AB@B@B@@@@BAB@B@@BB@BB@B@@@DA@@BCDCBABA@C@A@ABADG@@JIHGJGHEHI@@BEA[EO@KHOBALEJ@VBRDHH@RDJLB\\ENEDEBBB@DDFFBHDBD@HCHEFIBCPGLEF@DDBBBAD@BHHB@AAEBCDCSKEECGFADBFFHBJ@DC@GHKFCXONI@EBCHCNGFBDBDA@AAIBCHGHCBGFEF@FBX@FAD@FBF@HEHKHAAAAA@@@A@ABE@A@A@A@AAAA@A@CBA@AACAAABADA@@BABCBC@@AA@@AAC@CA@BA@CF@BA@A@AACCACACAACAAAAAAC@CACAC@C@ABEBCBEBCDCBAB@BABABC@CACACC@ECE@EACAGECGEIAGBEDCACCCECEC@@@AAABA@ADAD@@A@A@A@@C@C@C@A@CD@@A@AEIMIIEAKAEEECEK@MBKBMACCAA@CBEDCDCBC@A@CCACCCAAA@ADADAH@D@F@BABEBG@C@E@GDEFCBABEBGBE@C@CA@@A@"],"encodeOffsets":[[118989,24713]]}},{"type":"Feature","id":"441423","properties":{"name":"丰顺县","cp":[116.184419,23.752771],"childNum":1},"geometry":{"type":"Polygon","coordinates":["@@@DF@F@DADAJGLEBCBAD@FBB@D@DAFAFBBA@@DABAD@B@BADAB@B@@@@BBBBBB@@A@B@HAHBDBDBBDBDBBBDD@B@BADBDDDD@DBBDDDD@BAFAFCHEHEBADCDADAHAHAFAFADADB@@BBBDDDBBD@NEFEHGBCDAF@FBDDBBDBBBB@B@DADADAF@FBFBBAB@@A@@CC@CBEBCFAFADEFC@E@EBABADADCDC@E@A@ABAB@BA@AAC@C@CDC@C@ABCFCBABABA@A@GBE@ADAFGFEFCFADEFAB@DBBBBBFAHADCFCBCBCAAAC@ABCD@FABCBADAD@FAFABABADCDAD@B@@BBBB@B@B@@A@C@EBEBCDEFED@D@B@@@B@BADABAFCDED@FABABA@A@CFAHCDADCFCFEDCFADADABA@ABEBCBA@AAC@AACBEBAB@FCHADA@@BCBA@ADABAD@BABAFA@@B@@BB@B@BABCDCB@BBB@B@DCFC@CBADAB@HGHCAA@@DIDE@C@A@CBAAAC@AAA@AA@@BA@@DABA@CBEAAAAEDC@AB@B@F@D@BCB@@CAE@CAC@E@AA@A@@@AA@CBCBA@ADA@I@C@A@CDADABCBABAAA@A@AAAACAAAAA@A@ABA@A@A@A@A@ACA@ABKACAAACA@C@@@A@@BA@@BA@CB@@CDA@A@AAC@ACCCCAE@I@AAAG@A@A@@@A@@B@@ALEBCBAAABAD@D@B@FC@ACCA@C@CBEBKBEBABA@AA@CBCBADG@MAACCA@@E@ABE@A@I@C@MAAEACACAGIAAC@CBED@@CBCBI@ABA@@D@BKBAAIAA@GAAABCAA@AB@@ABA@CAACCECGAECCCA@C@ABA@AACEAABAAC@AA@C@CAA@CAA@AAABADABA@AA@C@ACCAACGA@@A@A@CAAA@A@CBC@C@C@C@EBEBAE@EBCDENILGJGFEBEFGFG@A@ACA@CACCACAA@@BADCDEBCA@A@C@EDEBGAEAAAA@CDAD@BCBCBCCAACGACECCCK@K@I@I@M@A@CCACAAA@@AC@CACAAEAC@E@G@EBA@OB@B@@A@@@A@@@C@AB@@@@A@A@A@A@@@@BA@@BA@AB@@A@AB@BCB@@ABCF@@AD@@ABAB@@ABCBEBA@CBA@A@A@@@ABBB@B@B@@@@@@@BEDABA@KACBA@A@AAA@AAC@CAC@@AAACC@@CC@AAAA@A@@@A@EBA@@AAA@AAE@A@A@AAA@AA@AAACCCAACE@AAA@@@@AA@@A@@AA@AB@@@AA@@@@AA@@A@AA@@A@A@@CAA@AA@@@@@A@A@A@@@@A@@AA@A@A@AAADADABA@@AA@@A@@AAAAAC@CABA@A@AB@@AD@@A@ABAB@B@D@BAB@@A@A@@AA@@@C@@@ABAB@BA@@BA@@B@@@@AB@D@B@B@@@@A@A@@@@BA@ABA@@@A@@@A@@B@@@@@BB@@@@@A@@@A@@@AB@@ABCB@@@@@B@B@B@@AB@@AB@B@@@D@@BB@B@@DB@@@@@B@@CB@@ADA@A@A@CAC@C@CBC@EBABA@@A@A@A@@@A@AA@C@OAA@@@AA@@@@@@@A@A@@AA@CA@@AA@AC@@A@@@AC@@A@@@C@A@@@CBA@A@@@A@@DA@@BC@GAC@@@AAEAAAE@GC@A@@@A@@BA@A@A@C@A@A@A@AAAEACAAAGCAAEACAA@@AA@AAAAB@@@@@BA@@@@@@CCCAA@AAAA@ACAAAECC@@AECAAAA@AA@A@A@ABA@AB@@BBB@@BB@BBB@BBD@@@BB@F@@@@@@ABC@A@C@C@@@A@AAA@CA@@@AAA@@AA@@AA@@A@@A@@@@@AAA@@@@A@@A@BA@A@A@@AA@@A@AB@@A@EBC@A@A@A@A@A@@AA@CAA@@A@@AAAA@A@ACA@@AAA@@@@AA@@@@AA@@AA@A@AA@@@BA@@AA@@@BA@AB@@EC@@AA@@@AAA@@@AA@AAA@A@A@A@ABA@A@A@@@C@A@A@A@AAA@@@AA@@BA@@B@BC@ABC@E@A@AAAAC@AAAAA@@ABA@AB@@@@@A@@@A@AB@BA@@B@BAB@@@@AA@ACAC@AAABA@ABCBA@A@ABAB@B@FB@BB@@@B@@@BABA@A@E@A@ABA@@B@@AAA@@@AACA@@A@@A@@BC@ABA@A@AAA@AAAAAC@C@E@ACA@@@A@@EACCAACECA@A@A@@@@AACBAB@@A@E@E@IAAA@AA@@@CDAB@BC@E@A@CBA@A@ABAB@BAD@@A@A@AAC@A@A@A@@AAAA@AA@@A@@@@@A@@BA@@@A@AAA@@CCAAB@@@BAB@B@B@@@BA@@@@@A@@B@@AD@@A@ABAB@@@@A@@@@AA@@AAA@@CCA@AAA@@@A@ABAB@BAB@@C@E@A@A@A@AA@A@@A@@BA@@B@@BB@BB@A@@BCBABABADA@A@GDA@@D@@@BAB@B@DA@ABCBA@C@C@C@A@ABC@C@@@@A@@BA@@@A@A@AAA@AABA@A@ABABA@C@@@ABCDEDCBA@C@EACA@@CAAA@@A@CBA@C@C@A@@@@B@BABABCBABEBA@AB@B@@@BDBBBDFBD@DCFAD@BCBGHCBA@C@A@E@C@E@C@C@C@ABCBAAA@ACAACAGGEEAACEEAEAIEAABABC@CAACCACCAKCKEUKEEAAECC@CBCBCBEACAE@ECA@@A@C@A@A@ACCAAE@CBAD@DADABA@GBAB@BCDE@IDEBCDEDCBABCHEDADBDCHAD@B@BA@ABKCE@@BBDDFDHDDDF@B@B@@B@BADABAD@BB@DBBBDD@DB@BB@@FADBFBBDDHDDBFDFBFBHBJDDBBD@B@@ADAF@D@D@B@BBDBBBBBB@D@FBFDFBBDBFDJHNNJHFH@D@B@D@D@D@DBFBDBBBBD@FBDBFBDBFDDDBFB@FBBB@@BFBDFBF@BDBBBBBBBBDD@D@BDDD@DADAFAHAD@DBBDBF@F@HBDDDFBFBDAF@BBDBBBBH@DBD@DB@BAD@D@D@B@B@BBABABBD@BALABEDABCDAJABHFFBHBD@BBB@@@BBAB@BEDGHEBBDDFBFDFDBDB@BD@B@BD@B@D@DA@IFC@C@@D@DDBBBHBDBHFDBBB@BCBEBCBCBABBDABCBBHBJHBFBDBDBH@JBL@L@BBDDFFHDFHHFFFDFBDDB@BAD@B@BBBB@FDJBF@BB@HBBDBBBCDC@A@C@C@AAADADAF@F@BBBB@@BADAFAH@HBBDBD@F@FBHDADJHFDDDRJFHFBDDLHHFDBBD@DADADAB@DD@B@F@DAFBB@BDD@BB@@BBDBBB@@DAB@B@BAB@@ABB@B@B@@@DBBBDBBBD@@BB@D@B@@@B@B@BB@@BB@BB@@@BBFADAD@D@B@DBBBFBHBBBBBFBF@F@HAD@D@BBBB@D@FADAFHF@F@@EJEDBD@FB@F@F@DBDBF@FCBEDGDEBE@C@@B@DDDFHFHBDB@@@DBD@F@HAFABADAFEHCF@D@H@FABA@A@E@CBGBCBCB@BBDDBDDDB@D@DADCFCDAB@DBBDANAL@NFLFDFFLBFBJJJNBFB@@@DCB@D@D@D@@@@B@B@BC@CB@BABBB@B@@FDFDDDBDCDAFBHFJDHHFDBFBF@FDD@BDBD"],"encodeOffsets":[[119117,24784]]}},{"type":"Feature","id":"441422","properties":{"name":"大埔县","cp":[116.69552,24.351587],"childNum":1},"geometry":{"type":"Polygon","coordinates":["@@ACGGCGAK@EDCLGJG@A@C@A@C@A@A@A@A@ABA@ABAB@BAB@BABAB@BA@AB@@ABAIKAA@CAA@A@A@A@A@A@A@ABA@A@C@@@A@A@CBA@G@G@ADCDAB@B@JDHBBAD@D@BAB@BA@@BA@A@@@A@AAAAA@@@C@@@AB@B@B@@@BAAA@A@A@C@@@AC@@AAA@ABCAEBC@A@A@A@@AC@A@AAA@A@A@AB@@CBABA@ABA@@@A@A@C@C@CAC@@@A@@@@A@A@A@@@@AACAC@A@EED@@CDEFEDEBCBEACACCACC@A@CACAACCACCAAAEBCFGDEBCB@BC@A@@@AAA@@CC@@AA@@@AA@@@A@A@ABA@A@KCIC@K@KAA@AAGAGACCEA@A@ECCCI@EDCFAHAD@FEFEDEBE@ECAACAKKGOAG@@C@GBEDE@CBCDCBCBC@ECCECCCAAACAACAAC@E@A@A@CACA@C@CKGQ[IQ@S@MFQFI@KAEEOAEA@QPAA@@CE@CCECEACACCEECCACAA@AAAEACAAC@IBGDEDCDGDE@A@ACEACC@CAAAACAAAAABCBC@EBEDCDCBCBAACAABEBE@C@A@EAECEEGEGEEEDCDGDGHA@CBAB@DEDCDA@A@AAA@CDADABA@A@@AA@@@EBABABC@ABCB@BABAD@@CBGBEDA@ABAFBD@BBD@BABADAF@BABCBCBEBCDEFEDCDCBGDEB@D@BABABEBC@CFEDABCBABA@@@A@C@C@EFCFADAF@F@D@BA@A@A@AA@AA@C@CBCDABABEBEBC@CBABADEBC@AD@BBDBBADADEDCDGBEBAAAACAA@EBCFEBEDEFEHCB@BAF@H@BABABABEDAD@B@DCD@D@DBD@BABA@AB@B@B@FCDCDCBABAB@F@FEDCFEBEBADAF@DDD@@@BA@ABEAEAE@CBCBCBA@A@AACAAACCEAE@CBADGHEFMFC@AACCACAA@@CACBEBEBGBGBCBCBCDABGFGFEDEBABC@CCACCAC@CCACBC@A@ACCAACACAAAACACBG@G@A@BA@AAAA@A@@A@A@CBABA@C@ABCB@@ABEAEBCBC@A@EAC@ABADKFIHCBCBE@E@ADABABA@ABCDADAFADAF@B@DBDBD@DBDBBBBDBBBBDBDDDBBB@B@@ADEB@@ADBD@BB@@BB@@ADADAB@@CBABBBDBBBB@DAB@B@BB@B@B@B@BAF@B@B@@BBBBHDJ@NBB@BDBDBDAD@BDBDBDBFBHDJBDBDBBFBFDBBDDFDFBB@DBDDFBBDBFBDBBABADAB@H@FDBDBFBDBDRRDDBD@BADCFAHAD@D@BBBBDDBDHDHBDBBDDBB@B@@@D@BE@CBCDCDABAD@B@DAB@BA@CBABABCHAFADBDDDFBB@@B@B@BAB@D@B@DAD@@ABABCB@@@@@B@BBB@BBD@@@D@FBF@@@@DJDH@DBDBBBBDBFBBB@D@B@BBBB@BBD@BADAD@D@@BBBBBBBDBD@FBHB@BBBBDBD@DBFDBBBBBD@RBR@BBDBDBBBBB@BBBBDBBBD@D@DABADAF@FDDFDBBBDABAF@BBBB@D@HADBF@FDDBBDFBDBF@@@FADABADCD@DBBB@B@FAHBD@F@DADBDBFBDBBDBDBBDDD@BBDBBD@BFDFBFBDCBEB@B@BABA@GBEDCDAFAF@FBDBDDBBBBDBFB@BB@BBDBHDFDDDDDBB@@BABCDABABABAFAH@B@@BDBB@BBBBBB@B@BBB@D@@B@@BB@BD@DBD@FB@BB@@B@B@@@B@B@B@DBBBBBBB@BBB@BBB@DBD@BBB@BBB@@@DDBFDDBD@BAB@@BB@BBDBBBBBBB@D@BAD@@ABADADABABABAD@B@B@BBB@B@BABAB@@ABA@ABAB@@@BA@@D@B@B@B@B@@A@@B@B@@@@BBFBD@BBBB@D@B@@@BBBBBBB@B@B@B@@@BBB@B@BABBB@B@@DBBBBD@HBB@DBHBH@J@J@HAJDDAFAFCF@DBBBBB@D@DBBDDF@D@B@DBB@B@BAB@BAB@@@B@@@DBB@DBBBF@D@F@D@B@B@BAB@@ABA@@@ADEDCDCFC@@B@B@@@RTFFHFLLBDBBB@BBB@B@B@B@F@DAD@DAB@D@B@BBD@B@BAB@BCDCBCBCBABCBABABA@C@A@ABA@ABA@AB@BA@A@@@A@AAA@@@AAC@A@A@A@@AA@@AAC@AAA@AAAA@AA@AAA@@@A@A@AAAA@AAA@C@A@A@CBC@CBCAAAA@AAAA@AAA@@ACAA@CAAA@AAA@A@AAAAAAA@AAAAC@ACCUSOQAEFGFKDKA@@AC@AAA@AAAAA@CAACAA@A@C@A@CBA@CBABABABABABAD@BCDCDADCN@B@B@@A@@@A@AAA@C@A@C@ABABEDEBCDEDCBADCBCDABCBADCBADABAB@DADAB@DAB@BAB@BAB@DA@@@A@@@AEAAC@AAABA@@B@@@DBHDFDDDBBBBDBDBDDB@@@BABADEFEBCJIDABCBADE@CDEBABCDABA@ABABA@A@AAA@AAAAAAAA@AAAA@@A@@AA@A@ABC@A@C@ABA@A@@@@@AA@ABA@A@ABA@@@A@@@@@AA@AA@@A@AA@@@@@A@@@A@@@A@ABABABA@CBABC@ABCBABABAHCFCB@DEHKDIBAJA@C@C@C@GBCBABCBCLHFBF@@CBCBCDCDAFEBAFCBCBABC@CBABCBA@A"],"encodeOffsets":[[119710,24955]]}},{"type":"Feature","id":"441426","properties":{"name":"平远县","cp":[115.891729,24.569651],"childNum":1},"geometry":{"type":"Polygon","coordinates":["@@@C@CAAAAE@EBCBCA@A@E@EBA@G@CACEAAA@ABA@AB@DAHCJEDE@CAACCG@E@AA@CBEFCJCD@H@BA@@B@B@DCDMBABANGFEDA@@DC@AD@DA@ABG@@@ABC@ABE@C@@@C@ABAC@@@A@CACCACEGAA@AGEACBEDC@@@AA@CAAAAAAA@@@AB@@@@A@@@@EACDEFE@EAAE@GDGFEDGCIGKEECBAFCFA@E@CA@CAC@EACACACCECEEEEAE@CB@DCD@@CAC@A@AA@@KK@E@E@CACBGBE@C@CDEBEFEBC@C@CAECEAAAACCAACCCA@@@@AAAC@@@AA@A@A@A@AAAAA@ACACCEACBC@@BCBI@G@CBCBCDCAC@C@CDAFEDCBABC@@@@@@BAD@@@B@BA@A@A@AAABA@@BCFEDEBCBCBCBCAAA@EEAAGAOCIGCGAE@@AAA@AA@A@A@@@A@@@AB@B@B@@@B@@CFIDEFEDGAGAI@I@CDAF@CEAC@CEGEEEAMDOD@@EACBA@A@A@A@@@A@@@@C@AA@@AA@A@@@C@A@@@A@@A@@BADCBABABA@CBE@E@EBGBEBIBG@EBEBADAD@F@@ABADG@GCCECCBABC@A@CAIDQFMFGBAAAC@GBG@E@I@GCCCC@CBEBCBAAAA@IDMDEB@BCDCDCBCB@DBFABCBADCBAB@DDJBHADMHSLKFADBHAF@@ADCHCFADAF@D@DADABCBC@UDMBACCCAAI@GAGC@@ABCDADADADCBC@AAAAGIAACEG@IBGBE@GCCCA@CEEAE@EDCDEDE@E@ECECE@E@E@GDGJ@@ABBP@JAB@BCBCBC@GAEBEDGDGDEFCHAD@BA@@BGDI@GCCAC@AB@D@DDDDD@DAD@@ABCDCFCBCFCDEBGHGHBBB@D@L@RFNHNLRLTJRBLCHCFAFBFBH@FCDCH@NBLD@@B@B@@@B@B@BA@@B@@@B@B@BB@BB@BB@@BB@B@B@@@BAB@BABA@ABA@A@ABAB@BAB@B@BBD@B@DABABCBABAB@B@@KHIHEH@DC@CA@BA@@BAB@B@BABABABABABABABABABAB@B@BA@ABCBA@ABAB@B@B@BAB@@ABAB@BA@A@A@A@@@A@@@AAA@@@A@AB@@AB@B@B@BBB@BBD@DBD@D@B@BAB@DABABAB@@ABAB@DAB@D@@@B@B@BA@@BA@ABO@A@A@@BA@ABA@EBCDA@@BBBL@JDDDFDDBJ@BA@@B@B@@A@@B@@@D@F@DAB@DBBB@BADAD@BDBDDB@D@BBDB@@@BABAB@BAB@BADB@DBDD@FADGDCBCAGEA@A@@AA@A@@@A@A@@BA@A@@BA@@@A@C@AAA@A@@BA@@BA@@BAB@@ABABA@A@A@A@A@AB@@A@@B@@@BBB@BBB@B@@@BBD@BBB@BBDAB@BAB@BCDEBCDCDCBABCBA@AD@B@D@D@B@D@D@BBBBBBBBB@@BBB@BB@@BB@@@B@B@B@B@B@BBB@BDBJHHFBD@DGJ@@@DABADABAB@B@@ABABA@ABAB@BB@@BBBBBDBBBBBBBBDBD@B@D@DAD@D@B@B@BBBDBDDBBBD@HAF@DBFBDB@DAFAB@B@BBBBBBB@@B@BA@KPAB@B@BBB@BBBBBB@BBDBABG@EDCDBFFBL@FEDCB@B@B@D@B@B@D@BBBB@D@DAD@F@BAB@D@B@D@DBD@BBB@BBBBB@D@B@D@B@DBBBDBDB@BBB@BB@DBBBDBBBBBBDBDBFAHAHAHAJC@ABAB@DAB@BABA@CBCBADCB@@@B@BAD@B@F@DA@A@EAAAAAAAA@A@CBABABA@@@@AEEIAE@ADAD@HDHFJ@J@J@NDNHJHDDBDAFEFCB@@CBC@ABE@EDEDADCDADAF@F@F@H@D@FAF@DAD@BAD@BAB@@AB@B@@@B@BBBB@@BBBD@B@B@@ABABCD@BBBBBB@B@@D@DBBAFCBCBAB@FEBC@A@ABA@A@@B@@@B@BBB@@@D@B@B@D@DADADADAB@B@B@B@D@HAH@B@B@B@@@B@B@B@B@@A@@B@@@@@BC@@@A@@B@@B@@B@@@@B@@@@BAB@B@@@@@B@@@@B@@@@BB@@@@B@@@BA@@@@@@B@@@B@@@@@BA@@BA@@B@@@@@@A@@@@@AB@@@B@B@@@BA@@@@@@@@BB@@@@BA@@B@@B@@@B@@@BB@@B@@@A@@@AB@@@@@@@BA@B@@B@@A@@@@BB@@B@BBB@B@B@@@B@B@@@@@@@@A@A@A@@@@BE@@@AB@@ABA@ABC@CBA@AB@@@@@B@B@B@D@DADABCD@D@D@DBB@DDDBDDDDB@@BBBB@B@B@BAB@DABABAFEHIJGHEDEBG@C@CB@BA@@@AAA@@@@A@AA@@@A@@B@BABB@@BB@@B@@BB@@@BB@@B@@AB@@AAA@A@AA@@A@@@ABA@AB@B@@A@@BA@A@AB@@@B@@@B@BAB@BAB@B@B@D@@@B@@@@@@AB@@A@@B@@@@ABA@A@@BA@CBA@A@@B@B@BB@B@BBB@@D@@@B@@@DAD@@@D@D@B@@@@@B@@@DEBE@E@CAA@@BA@@DA"],"encodeOffsets":[[118876,25436]]}}],"UTF8Encoding":true}