{"type":"FeatureCollection","features":[{"type":"Feature","id":"610621","properties":{"name":"延长县","cp":[110.012961,36.578306],"childNum":3},"geometry":{"type":"MultiPolygon","coordinates":[["@@NYR[LOVULKBAJGVKHAHCDADIACAGGEEOAI@EBEDALM@ADCDEBKAS@KBGBIAUBOAGCIIKMIUOEGCE@IBEFKPKJGDE@G@C@A@CCM@ACKAI@E@EAEEGGMCEEGECCCAC@KBM@E@@@CCCGICEACAE@GBGDGFILIDGBA@CCEGIAE@COBC@CAACA@@@CBGFA@A@@@AA@CA@@@ABA@A@_AYAEAA@AACEAAAACAAAE@IAO@QAC@CCEEACC@A@ABEDCHABEDCBCB@FABABA@AACAABC@EFADC@GBCBC@GLKLABABE@E@CBCDC@EBCDABCD@BCBA@ABCDA@CBC@C@ABGFA@A@A@QFIDEDIHCBA@A@A@A@EACAC@C@EBC@C@I@A@A@ABABA@A@A@@A@E@A@@A@A@IDG@E@E@GAC@CBCBGHIHCBE@E@GAE@EDGJSRIPCHADBL@HADABEHCHAF@DA@C@A@EAOI@BAB@@AA@@A@A@GBE@E@AACECC@EDCBCBCBA@A@@EGCC@@B@D@BA@AEK@AACCAA@EBA@AA@CA@CACA@BBF@B@BABEDAB@BBF@FCLAHBFBFAD@BCBABCJAB@B@BHB@@EHOREBC@[AI@eKGAG@EAQBIDSVE@C@GCKEOAGDOLEDCJELKHQASEOMCCGAGBGDQZSDoPKDGAIACBALETADKFODEDIFMBGCMEOCABGFKFC@C@AEBGCCCECGACC@EBEHCBkTIDIFWDOBOLSZINBPFHNDJFBD@BEBG@GAE@ABAB@TAFCF@BBB@B@@@@@D@BA@ABA@A@A@ADAL@D@DBDHJDDDDDBDDBB@L@@BBBAFA@AFH@@LlDJHNPNJHFDDDfFTJVFHHFJDRDHBDTRfXPFPPPPNJNJRHfHHBNLHJX`V\\XONOX[LEp@JBJFDB^\\FBHBHHDBB@FAJEREF@HDB@DCNaFCJCNAJ@DBDD@DBDBDFB@@FEHGLEHCFCBC@CAC@CFEFAFAD@^ADAD@BCBEBAB@JBF@FAJID@HATDDBJAH@FBF@DADAD@F@DBB@B@BBJHJJJHJDFBHBFBDD@@BA@A@CCE@CBGBIDUDQJKNKJIhgJIBC@C@ABADCDAHALCH@H@D@BADE@SDEDAD@FBDDDJBBD@D@BC@AB@BBBFBBBBD@BADAD@DDLJXNFBRBH@NDD@LEB@DBBBBDD@DAFCFEDI@GBC@AJAH@D@DFFJDDHDRF"],["@@ABCF@DAF@@@BB@DCBAFE@@ACACA@@@"],["@@B@@AAGAI@AA@E@A@@@@FBHBBFFB@@@"]],"encodeOffsets":[[[113083,37528]],[[112768,37251]],[[112767,37248]]]}},{"type":"Feature","id":"610622","properties":{"name":"延川县","cp":[110.190314,36.882066],"childNum":1},"geometry":{"type":"Polygon","coordinates":["@@DADOHKFGFMHQFOAOBSBKJITIPELEJEJKJKHIJIFITEP@HCHGFEPBPFVFNF@@@@FBTFRDLFFHDJHLHLDBT@\\CdIVENMLIXENGBKFKBIPEP@VJHDNLRNN@NAJCRMHMFI@@AC@EBADCDG@ACC@CBA@A@AD@B@D@BD@D@BAB@B@BDBBBBF@BHH@@BBDABAFAHAF@DBDBD@FBHF@D@B@BB@D@B@@AB@F@D@F@BDBBBDDBBAFIDGBE@EAMCIIMCICOCSAKAIBK@@AEAIEEGEEAKAM@G@E@ECCE@CBCDCDAHCHAL@P@NALELEHEBG@GASCGCEGEEAGACA@C@ABCBAFAHAH@DADC@A@C@GCKCOEMKUEICAECC@C@KDEBE@EAAAAABEBEBAFALAP@J@NANCHEHEDEDIAGCCEEIGIECE@C@CBCFAFAD@FBDDDBDHDFFFFDHBF@FADCBC@EAECEGGKKEECGAGBIBIDG@GAEACEAEAEBGBEFEHEHEFEDE@E@E@GCECCG@GBGDGJGPITGLEHGHIDIQEGCCCEICEC@G@IB@BAD@HCJEFEDCBC@ACAACAA@KFC@MCG@QAEAWMKICCC@CBABC@AAAAAEAAA@@BADC@C@AACICCEAC@CBCF@TCFABC@G@G@KDGBCBCDAB@B@DADIJghIJMLILCRCVAJAH@DDF@D@BAB@@CCEAGAEAICIGIIIGAAA@A@CAE@C@CBCBE@EAG@IBCASCGBC@IJEBE@IAA@ABAFADC@CB]BC@EBEBEF@DBD@DADEDGDKFGHEF@@EAACAC@CCCCAI@MBIDEDMbCDA@GCE@QFIFEBA@CAGGGAEA][CAIEIAo@KFW\\MPWPILGNEDCFEREFOBMLIDMNIFUJEBIBO@MBE@MEKAC@EDCDCBC@E@EBORYVMPKJURCBWLMBK@SCKBSNEFIJKACIGKMKC@A@C@C@ABEFA@ABC@A@@BA@@B@BAB@@A@@@@C@@@@AA@@A@ADA@E@@@@DAB@D@B@B@B@B@@A@A@@@@@@@@B@B@@A@ACA@A@@@@@@BB@BB@B@B@@CB@@BD@BA@@B@@B@DDBBAF@BDBHFBB@@ADCDCDCBABBB@@DBHE@@B@BBB@@B@B@BA@EAA@@B@@@B@B@D@BB@BBA@@B@DAF@BCF@B@B@@CDAB@DA@A@@@EAA@ABCD@DAFCHAD@D@FADEFIHG^AJ@D@BAAC@ABCDGRORHHNAFBXFLHVHRFPAZ@TCVA\\BPFNHLF@@@@FDNFDBXFJ@N@PCFCHERGTIj[F@L@DBDBBD@JBHCD@@@BBNBH@L@FC@EBAB@@BBJDB@D@@@@@BD@BB@B@DA@ABA@AFCBAB@DBBBBAB@BA@@B@@BB@BBBAFCBABBDBFBD@D@BAB@@AAAAE@A@AB@HBFBD@@@BC@C@E@EBCDEDABA@EHAJ@JBDB@@BHBF@D@D@B@BB@B@F@DAB@B@BDBH@DBFBBBBF@B@B@@AB@B@D@DDDBB@BAHCDAB@D@FDB@@@BA@@B@B@B@@@B@@AB@DDPJ^RZHFFAHGRAH@HDDB@`G"],"encodeOffsets":[[112652,37986]]}},{"type":"Feature","id":"610624","properties":{"name":"安塞区","cp":[109.325341,36.86441],"childNum":1},"geometry":{"type":"Polygon","coordinates":["@@DEDEBIHIHSC@WEAC@EDCDIBABAF@JDLB@@B@DY@G@GB@BAB@DBH@BAN@F@TEBAFmJKLQHGNGVI\\UJMTMnHAL@JGHMFOFKHWBOVFG@@@@@ADGFIRGHAHCVO@KCKcsGIIUEMDOFIFGLKHEJIFGDIBGBG@@@@@K@KBEAGAG@IESBO@aASEm@S@M@OAEBEDIBABATDD@FAHADE@AACACACBAFADABGBE@CAAMECE@C@CDEFCBEDCJGDCAE@CCA@C@AACCAA@AAMGSEWGICKBK@GAGAOEQCK@IAKCKCMHOFGECEECI@O@SIQAI@GAAA@CLMDGTk@ICEAAC@G@C@AAJ]@@@@BGDKD@FBFBP@R@FAFC@C@CCEEG@CDGFGDCDKLQDMB@B@B@FBB@DAFAFEBC@AAAEAGGA@A@CLABA@C@EAC@EBCBAACCGCCAC@C@CB@@@CAACCEAI@C@CDEDC@A@AAECCCKACCAE@GCCEEECIAEAC@CBAAGGAA@E@C@ACAGACAAAAC@G@CCAEEA@ABAFABCBCAC@ABABA@A@C@ABABA@G@CACCEIA@G@EAECC@A@CBCAGEE@MDGDEHCHEDI@CCIEEACBCBC@EAC@IDWBEBKLEDGJALBHADABGBKFGBCBCHCBGDCBADAFCHCHCDEDEBIBKDC@AAEC@@GFA@A@EI@AA@QL@DDF@DABEAEBIHEBEAC@GFCFKDE@GFEBMBG@ACAAC@A@GHE@EBABC@GBE@EDEFCBCBC@CAAAE@EA_LC@A@CBGBABA@C@CACAA@AAAAA@C@C@AAA@CEAEA@@@@B@JAD@BAD@@@DBDBBA@ABC@ADEH@D@HBDBDDD@BA@CBC@CB@BC@ADAP@H@BBBPBP@LBHBDB@BAD@DBDFHHLDBB@D@HAF@BBD@@BADCBEB@D@DANCR@DBBDBHAL@XBDBDDBFF@FB@DDL@LAJKPKDEHCF@FBBD@JAD@BBBD@BFAHAHBDB@D@DB@DBF@F@B@BDBF@B@B@@FAB@DBDDBD@B@D@BDFFFDBBB@BAD@B@BFD@B@D@BBDDB@B@BCBEDAD@F@HBFBBAB@@KBG@CB@@@BJLDHFJBD@FAD@D@@@@BDJXBBFBDBDFBFBBNDF@@BBDAJBHDFB@DABED@FAFEFAP@LBFBDBDHBJ@HCVGRCJ@JBDFJBBDAFAD@DDBB@D@DCD@BBL@BADABCAG@A@AB@D@BC@I@CBAB@DANADABC@CBAB@HADA@A@M@WAC@GFAFABCBKBGFGHCB@BHTFBDD@BEFIJGBSBGCQGGCCBA@CL@LCFGHIBI@MDEFCHCN@FBHDFDAF@DADABCBAB@B@@BD@B@D@D@BAB@@AB@@BADBDBB@@AF@BB@BBBDDB@B@@@@CBA@@BBFBL@D@BBD@D@FAF@D@BBFFDFBDD@DEFCF@JCJEH@@@F@B@BCBE@Q@C@AB@@@BBDDFBF@@B@DAFALEB@@@BD@F@B@B@DBBDBDBD@B@@@DCHEDABAD@B@HDBBBB@DBB@BB@BABA@AB@@@BD@B@H@L@@@BA@A@A@ABEBCBC@A@C@@@@@@@@BBD@BA@A@A@C@KAA@@BA@[NCDAB@FBFGLEPCDKBG@CAw]QEABMDK@EAC@A@CB@HBPBHABCBGDCDCD@DDFFHBD@FCH@DBDDF@D@J@DBBDBF@DBBD@DADMR@F@J@BD@FAJGDCDCDCPmDMBAB@B@BD@J@FDDFBJ@J@HBNFH@B@BE@EBAFAFBHBFBFDBBF@HGD@F@DDBBDJHdDFDDF@L@JBLDDBBFBBDBBDFLBBFDF@BBDD@@NGF@DBDF@HCHEF@HBFBBJCPAZEP@DABCAGBIBCD@F@BBFFDDLLNLFDBFBJBDD@H@HABABGBAD@BBD@D@JCH@D@BBFJFRBDD@F@^ELAJENMFAH@PEJADDDHBD@LEL@DBBBBPEXEJAF@FD"],"encodeOffsets":[[111830,38219]]}},{"type":"Feature","id":"610602","properties":{"name":"宝塔区","cp":[109.49069,36.596291],"childNum":1},"geometry":{"type":"Polygon","coordinates":["@@PQHQDCBAD@BB@A@CBIH]JGFEBC@E@CBCDGBE@CDCBAB@FB@@B@B@@CBADC@@@A@ADE@ABE@C@AB@AAA@@A@C@A@A@@@AB@FBB@@A@A@AA@AAA@@@GFCA@@AABADADCDCBC@@AAGECA@ABEAACCA@@@@AB@@AAC@@DA@@@A@AAAA@@A@@@@B@B@BDB@@@@A@A@@@@@@B@B@@@@A@A@A@A@CBA@C@@F@B@BCB@@@BB@@@@@D@@B@@@BA@A@AB@@AB@D@BAB@FEBAD@D@B@D@NLHLDJLBJIFETMLATDL@NAXKDAVQLINOZUPQFAF@D@DADCFCD@LBNFF@NAP@JAFAVIJENMJCNKPAFEFQDEFCHMJKU[W_GIMKGAeGQGMIMIOOOOOEeWSQACCGCQEIGGUESIeECCECIGOMGMCIKk@@EG@BEBABAA@@@KAACCCACCCCGIAC@C@CBKBCB@B@B@BAB@@A@C@@@@@AAA@ADEBE@SBABAF@HBH@FA@AACIEMCEGAOJMTYPKPAXCJEJClSDAFGFAD@BDDHDFDDAHBFD@D@LEHEBAPDNFHDNAJEFCPCLEBCFSBKDAJBHBLCpOTCRYHCHAHBDDPNTFRBLGFKDIFCPKHCPBLFHDD@F@TUJCRAFBH@HBfLJ@\\BD@FAPQFG@@GA@A@ABADIBADA@ABCAEAEBGDK@EAE@ABAFCBA@A@AAE@AGCA@@AAC@C@C@@@EBE@C@A@@@ABC@@@A@@BA@A@@BAAIACCACAG[DADCDOFK@CGCMCCAAGCECCOIIK_WMCEA[aEKCCEA_DCCEKECIBIHKHMNKHI@GBGBMBMAS@MKMIKQMGKEOCcEO@QEQCGA]OSGQIOKOGKGCAOBKDMFEFUTGBK@QCq_aZKHK@aIOCaC[@STSLOHGBGBOJILELILOFCZDRDBHB@TFZALCZEREPCJIJIHO`AH@FCRIdAJEFCBE@CAGCECA@e^QRKHGBEBGDUBKBGCC@[VMH@@@@IDONIF_FG@C@ECAE@GAEAGOFMRSLKHMF[PKFMBM@SBOJGBMJGJKREJS\\EDOJCFEJKDDB@D@HBDBBDBHBDB@B@D@FBBHHBBDAD@FBJBFDFFDD@HBFDDLBDDFDBBB@D@FCDCD@J@FBDDBB@D@@DAD@D@DBHDDDBBDAFAD@FBD@B@BADKB@B@HHFBBB@BADEFEBCBA@EAA@A@A@CNKRCLCDEHCH@DFHDF@D@DEDEBQ@O@EAEAC@CLAH@@@@I^BBD@H@D@BBDF@JSlCHKN@DBBHBJ@RBTJP@J@FDDFHFPENGLDLDJBL@RDPFHBHBL@LAJDXHTFNHBBB@DBBD@B@DDB@DBFCDIHCDAFEDCF@D@DDFNFBB@DAFAHCBEBABBDBDBD@BCFGBEBC@SCABABCJAFBF@P@N@TFnBT@bAPFT@JBHBHAF@L@L@@@@AHAHCJEHIJGFKLEHEJCPFNJVHJdtDL@LTFPFLBTCPCPBFDLNFJHHL@DIBMPKX@fDV@TAPGLIFIPSNQFAN@DBRfDBD@FA"],"encodeOffsets":[[112242,37904]]}},{"type":"Feature","id":"610625","properties":{"name":"志丹县","cp":[108.768898,36.823031],"childNum":1},"geometry":{"type":"Polygon","coordinates":["@@RFx^DBH@LADCFOHKAE@EBADC\\MB@@AB@LBD@B@B@B@@AAC@A@@@@@@D@B@D@DAFABAB@B@B@@A@@@K@G@AAC@@A@@BABABA@@AAA@CAAAAGCA@C@ABCBGFCD@@A@C@CACAAA@C@A@A@EAC@@A@KFEBCBA@@@AECEAC@A@@BAD@R@F@DA@A@A@E@@FGDI@IDEFE@CCCEAECAE@A@CBE@E@CAC@A@CAKAE@AB@DA@@@@@ACAACAAA@@ABE@@AAACBC@AA@@BA@ABC@C@A@C@@AA@A@ABADCBCBE@CBCEAG@EDMDGFENCJ@JAHGDE@KDKB@DAHDRHHDTAHAJIFE@ACCEAGS@ADAHGHELADABABEHED@XBN@B@B@BC@GBADAD@BABCBM@CBADAJ@D@@A@CBAB@H@DBBABC@AAK@ADC@C@CAACCC@EBCBAAEIAC@IDIHQDU@GAICGCAEAKAO@EBEFEBC@AFCBA@CEAGBIAC@AE@MCAAAECECAEAAAIWAC@@@@@CBC@EACEICGIK@A@@DAH@LA@@BAAAAE@G@EBCFCDA@A@ACAAC@A@C@AEC@A@ABC@AAACAEECE@A@C@AACCCCAA@EB@@@A@AAEACA@E@E@CAA@@C@CCAGAGBEB@AACAAC@IBC@AA@EDEFGLCLOBI@KCK@CEAE@AECCCAWAK@GBCAAA@CDQBM@C@CFADABC@AC@AAE@GBC@A@CAGKEGAC@CBC@ACAGAKAO@OAAA@A@GBOBCD@@ADAD@DAB@@ACCACAC@G@CFGBCD@BAB@AAAC@C@@BC@ABC@I@A@@B@BFDFB@BA@AD@FAFAFADAB@B@BA@A@CAA@E@C@AFA@A@CBADCDA@CBC@GBIBEBCDADENGBC@CAE@EBGFMAE@IEOAIBQ@KAAGDYJQL@@@@A@@DCDIHGDCBE@AACCAAUEMAEBA@AA@A@CDEBGBE@EACEEOOOSAE@IAEEG@C@CACEGKEKCMOIIGGGMCKGMCIYYSMMKGICOBODSGBCAA@ACAGACAAOBABGNCFC@C@EGCEEA@@ABC@A@EACCAAE@C@@ACA@@ADCDCF@BCBAF@JABCDA@@@AACCA@GB@BAB@@E@ABABA@@@CAAA@AA@A@EFAD@@AFCDA@A@@@CCCC@AABEDABAD@@A@GAE@A@CBA@@@CCAA@@@@ADABABCBCDABCD@FABCDABA@AAAAA@A@A@AB@D@DBBDD@B@@CF@B@DAHAFCFEBCDCLCDMAOCU@SNOBY@IFGLWFSHCJcZEDA@@A@@@AAA@AAA@E@GDKJMBGEECGCEEGGICCCCAAA@A@GFGHA@A@A@E@ICEECACAE@E@EBABA@@@@B@@AB@@@BA@@@@B@@A@@B@@@B@@@@@@@@@BA@ABC@CBI@C@IBGDC@ONILA@K@A@@@ECA@EAC@AB@@AD@DDFJJ@B@D@BALAL@HABGBC@AB@@BH@B@@INCZCBIAC@MTE@GDEBADADBFBRCNINWROFO@kDI@IAGCACEEGACBCHCFCDEBEBKHEAGEA]AACBSTCD@DBFEJEBG@_CMDKLEV@FEJBFADABB@@@@B@@BDB@@BA@@@@@A@@@@@@@@B@@@@B@@@@B@@B@@@@BB@@@DB@B@@BB@@@@@BB@@BB@@B@@@B@@@@@B@@@B@@@@B@@@@@B@@@@@@@@B@@AB@@@@@@BB@@@@@@BB@@@@@@B@B@@@@BB@@D@@BB@B@@B@@@@@B@@B@@@@AB@@@@BB@@BB@@BB@@LEHAFA@EBGBAB@BBBH@J@BHBDBBBCBCJCHEDABCACEA@CBCB@FDHDH@FBBDAHIDCD@FFFBDALABBDHBFBBB@DCDCB@FH@BCBEDELCJ@F@FDFHDDBBFBFBBH@FDDB@DBLALCN@FBBF@FCF@DBJJBD@FGDADBD@H@FBBBBJ@FDRLBD@FAJEPCHBFBDDFJHHBB@@DCDCDCFA@IBG@EDCFAHBFBF@DEDILEHAJBZBJCJIPALBJBBH@FAD@BD@DAJCH@DHFD@H@LAJDDAFABA@EGG@CBCHAJ@JBJDDD@DAD@DHFB@@@@BDF@D@B@BDBD@B@@ABAB@D@D@@BBB@F@BBB@@B@DEDA@CDC@GA@AA@A@EB@DBB@FBD@HF@@FEBA@@BB@B@B@B@@BBB@B@BAB@B@DBB@@B@DAD@@BBBB@BB@AF@B@@FBDB@B@B@@BBDA@@BE@A@AACAEAABCB@BAD@BBB@@BB@HBJFBDBLBDHDFDNXJFD@H@HDDB@DANAJBH@DF@F@FAB@BBBHBDDF@DADAB@B@@B@HCFAF@TBJAFADCDGDOHGBEDEDAFBTJFHBBB@BAFCBAD@@D@J@DALABCBAD@DDF@DELABEACACEUQAA@@A@C@CBAD@@@@AD@DDHRRFDBFAPAVRBH@FALMDAB@BBDB@@DAFIFEB@DDFDDBB@DEH@HCFC@@BBBHDFDBDBBA@EBCBAFAJBB@@BCBC@@B@BLDJDD@HCHCF@FB@DCPBDDFJLFLBNBDDBB@DAHEDAdLJFFJBBH@HADCBEDODCHELCFCBIAG@C@CRODAD@JNF@HBD@DAFQFEFALBHAHALGJEFAL@HBRLD@B@BC@CAIDEJCD@DBBF@DBDLDDDDBBCDCB@DBDHDLDFTL@B@DAFCL@LDFFBNFDD@DADCJGJIBMBOHMBGFEJELCJCBAAE@E@[HC@IFAFBFPTBBNHB@@DABIRCL@BRDD@DGBAFAH@DDFLDFFBFAPKJEBAFBBBBJBBHHNRFLBBDBNCJAF@FBBD@D@HDDHFLFFB^E`A@BBFAn"],"encodeOffsets":[[111497,38070]]}},{"type":"Feature","id":"610623","properties":{"name":"子长县","cp":[109.675968,37.14207],"childNum":1},"geometry":{"type":"Polygon","coordinates":["@@JKDKPGH@R@NAPEFIRKPGPEBGDKHKLMFAH@PEZMNATCD@FCRELHDBTAJ@JCPBNBtNNDTFZEPOBCAC@@AAAEEG@A@ABIAC@CBAFCFCHALCFAD@DBFDFDD@B@NI@A@ACCCECG@C@ABAH@F@B@@A@@AC@@@ABEBC@@ACACAC@E@AB@BA@ABGFIBA@@@@BAFGB@F@PBDB@BABCH@D@@BBFABAA@@AAA@AH@B@@C@GBIBGDIJOBEACC@@A@CBIBEBAA@@@CAA@E@C@GBC@EAA@A@@BAHAFABA@A@CACAA@GSGMIOIMEIAGFALDJBFCBMdBRGLENJFJLJHFTHTGLEJAD@HBHBB@DABABAD@B@DBJHFLBBFABEBQ@CHAF@BB@HFL@DABEHGVBDHHPJDD@XBBDAHKBKBG@ADMFGHCRCJCNCFCFGDAPEJ@F@DDHFDBD@@@FM@EBADAHBDAFAF@D@FHJD@ABABADAH@B@FC@@DAHCBCBIAYAKEMEGGICI@KAIEG[II@K@KDELKJIBQCIEACHINKLKHINKFIAK@@@@@IIQAE@EDINQHIDAFBBFDFFBRNFDLBHADE@G@MESEKEMAMGO_HA@CC@GBGHQBGEEYG]QOICCA@@BA@@@A@A@A@@@AB@@A@ECC@A@CBGDABA@CACCC@A@A@@BA@A@E@AAAAAE@CAGACA@A@CBE@A@A@@A@A@C@CAEAG@@CAIAI@GB@FABCBCFAD@F@F@DAD@@C@EAGAA@@B@BBFBB@BA@ABC@C@EACAAAABEDABAAA@@AA@@@ABA@ABAACAA@ABED@BAB@BCBA@A@@AAC@@@@C@A@ICAA@@BAFAD@@E@KAGAM@A@@DCAG@IACCACAK@E@i\\SJQHGFEDODM@I@WECAMEEC@@@@KEMGOE[AUBSDY@OBQEUGKGWEEAMBGGEBC@CAQeCAM@EBMROTEJKJOHSBU@eCW@OLANCJK@GGEIKMECOAODSDKAOESEUPGDGBQHEJCH@B@@@@EHUAPGXELEPGNIHK@GBmSNIN[VUJMHGHKRILEnABSFE@M@ABG@CAA@ABA@@H@HCZA@@@KAICE@ABABCJCD@FBDXFD@GTGJAJCFCFLHBBB@FCFADBFDDDB@D@HILKBABB@BBN@FFNBBVHD@HCFAB@DBFDJFHDB@FAFCP@D@BBBFDJDDFBNAL@JBHAJEFGFAD@BB@HAFCHKJGJAF@FRBPFHDFHJNJfp|FDXFJHNBJAHFHFHHJFR@J@LBJFFJFNHZDFDDDFLDZBDA"],"encodeOffsets":[[112123,38398]]}},{"type":"Feature","id":"610626","properties":{"name":"吴起县","cp":[108.176976,36.924852],"childNum":1},"geometry":{"type":"Polygon","coordinates":["@@@B@@@@@@@@@@@@B@@BBBD@BBDBJJVPTHVFLBDBBDHN@D@DEBCB@FBJFP@HCJ@PBNEPIJEDAJCTCJEFKFAB@@BDDFFJADKDABADEDCDBFDL@BBBDD@BBB@@B@@@DEBGBIBA@AB@@@@B@@@BBB@@@ABCB@@@@@@@BB@D@@@@@@AB@FB@H@BBBB@@B@B@B@@@B@@@@@@B@@AB@B@@A@ABB@@BDB@@BD@BB@DD@@@A@@AG@C@A@@BA@@B@D@B@@@B@@E@AB@@@B@BDB@@@B@BA@@BAB@@ABB@@@B@@AB@@@BB@B@@B@@@@B@B@@@B@B@@B@@BB@@JCBB@@@@@@AB@@@B@HBB@B@BA@@B@@@BBBDBBB@@@BABABCDC@C@C@ABEDAB@BCBCBCB@B@B@D@@ABAAC@C@AA@AAC@K@EAAECA@C@A@ABADAD@H@DBB@B@B@B@BK@E@ABE@AA@@@GAA@AAABA@ABA@A@E@C@ABA@C@@AAC@C@C@@@ABCF@D@BBBBB@@ABA@CJEJ@FAD@B@B@BA@C@ABA@@BABC@AB@BC@@B@B@BBB@DAD@D@DABABA@C@A@@@@BBBBBAB@@CACB@DAFCFGH@F@DFBFBJ@FAPGDCBAAC@CBCHAN@D@DDDHJPFDFDDHB@FBFBBB@BAFCFYNIFAB@DBB@BCDEHAF@DFHBBBBBBB@B@@B@@@@AB@@ABEFABAB@@ADA@A@A@ACAAAA@CA@AAC@ABCD@@CBAAA@A@@@CDBB@FBBHJDBBBB@B@DABAD@BBDFHDBB@@BAB@@@B@@B@B@B@@BBA@@B@BBB@BABAB@BB@BABABA@AAA@@B@B@BBB@@@BABABAB@@@DBBBB@F@BABABCBABA@@BBD@D@B@FAD@B@@BBBBD@@BDHLFJ@DABEBCAEAEAOLAFLNFBTDHBFDBFADABA@CACB@DBPBJAFCBED@F@DF@J@DBDHRPPRFDH@JAD@DBDFHLPNF@FAJCJAJBH@DCDCBE@ECEGGAEACBCHBJ@J@FADCBAHBHDHBDAFEFIBIFMJmA]D@NCBA@I@GVgDOBOGWAE@EDEBC@CAAA@@A@ABEBEB@HCBAB@BABA@@B@@@AF@BAF@D@@B@DAB@B@BBD@B@@BDB@@BA@A@@B@B@BBBB@B@B@FBD@BD@FCFANBFAB@@A@@BC@AB@B@@ABADABABA@@@A@A@@DADA@@@B@@@@@B@B@@B@@@BA@A@A@A@@B@@@BBBB@@@@@CBC@@B@B@B@@BBBBB@BB@B@DC@@B@BB@BBNBDJJFDF@JCFAB@BF@N@HBB\\J`LNFFDNBHBFAFCLCHBFFBBDBDAJAHDHBDBHADAHGDAF@TDNHJLLPFN@RB`FVBJBBJBBBBBGPAFRDBEBODIFCLAL@HDDJBJFBH@NCDEAEEODM@OFKLAPAHBTRHBDAFAFBFDHH@JDHFDLJRLLBHBBDBLBDLHDDBL@JC@MD@@AFBDPFHBBAFIFAFBDD@FAHAF@DD@HAFCB@BDBR@DAFCDIDWHIBAFAHABSJEFAFBFFLBF@BCBIBMDEDEJEFEDEDGNABBBBDJF\\TFBFBF@^AF@BBDB@BB@XHF@BBD@H@D@DBHBdLFBB@DBBBDDBBB@DBF@BBBBDDDDB@DBDBBBB@BBBBDJHNBDDDBFB@DDBBBBBB@B@FBD@BBBFBJBBC@AACCGEICEAEBADAT@\\EJCFEHGB@D@@DBFDBDB@BAF@F@DDBBD@JCFAF@FBBDDH@JCFEJSLMBK@UCQCKBGDGBK@GD[FQBEF@RGncVIFC@E@IAKCAG@E@AA@GAEACC@EDE@EAQGCCAABClOHCJIHKFAFBJDDBZGFADE@ACCIGAC@EFOBGHMLM\\QLOLUACAIEGAE@CBGAMGUEQ@CJQNMHMBC@EIS@CBE@ICCKEGE@E@CFEFKBGAGECIEMCIAECAECCECG@UHGBG@EAACAEFMHOFEJABUBOAEECQQCG@CBC@@@@BCDAD@B@@@BBVRDFDBFBBAFK@CCE@CBCDABABK@C@I@CC@ABEDABA@AAEGSIEACBCFAFGHCPCHCDEBIBSAE@EBGDA@@@@ABABC@CCEACAGAAA@EBE@E@@CAGBIBM@CCAGCG@C@IEMWECGCACAKACIEGAA@@AA@AAC@ABA@ADBBBFBD@B@BAF@@CBAA@@@A@ACAEA@@@ABEA@@AAAAA@@BC@C@AA@CAA@A@ABA@A@AA@@@A@A@AAA@@ABEF@@GEC@EAA@CAA@@F@BBBB@@HCD@DCBCFA@@@AA@A@EAA@AC@C@A@AB@BA@C@CA@A@A@CCE@A@@A@GE@CBC@CCCICIAI@GBAD@DHH@FABEBCBICKBG@C@GE@CDGBI@CACC@EBG@AAAIBKJODIAIAYBIFGJKFC@CAEAEBGDEFCH@JAB@DEDCDC@CA@GAIGCEACAEDGFOBI@EACQKECI@AAAA@E@GACBCHC@EACIICAE@EDE@AA@EDMBKAK@CCAECG@AAAEAECAGCCE@E@EDIFKFCDA@AEGA@CDCDA@AAAECGAAKBCBEAEEC@CDGJCBAA@ECGCG@EDADAB@DFDBBAFCDGDIDAAACAGA@A@IAGAAA@ABAH@FEBGBKFIDMDMAMGEIGSGSESCKMYGIKOCAWEI@KDC\\ADWFUJSDYAAVBHDFAB@@CDE@EB@@ABAJCBA@AA@AAABG@A@@AAAA@C@AAAA@A@A@ADCF@@C@A@AACI@EEEAEA@ABCFCBE@C@GAA@@@AHADCB@BBB@BAB@@C@CCA@@@ABABA@AAA@ABAB@F@HBD@BABA@GBA@CBABA@A@CA@@@AAAACCA@@ED@@A@@@CC@@AB@D@B@F@BCB@@@B@@B@BBB@B@D@B@BB@@BB@DAB@BADA@GDA@CA@@CB@BAD@D@DBDDDBB@@BADCB@BAB@@BB@@@@@BAD@@@BBBBJB@@BB@D@D@FABAD@@@BBBF@BB@HAFADA@ABCBGBABABBD@B@DABCBA@ABA@@@ABA@E@@@AACA@@A@@A@A@A@@@@A@A@AB@@A@@AGCA@A@AB@@A@@A@A@@A@A@A@@@@A@C@ABC@@@A@@@@AAA@@@@ABCDE@@AC@CAA@A@E@A@@A@A@ABC@@BABAD@BA@AB@B@D@D@BAB@@ABA@AAAAACE@AA@@AA@@@@A@@@ADCD@@@@A@A@@C@@CAAA@@A@@DAB@@A@@@A@@AAC@@C@@@AA@@@CAACEA@@B@BA@@B@DAB@@A@@@ACAAAAA@@@AD@@AB@@BB@@BD@@BB@BAB@@@B@B@@DD@B@@@@CD@B@B@BBD@D@BDD@B@DAF@DBFAFCHAHCFCHADA@@@@@@AA@AA@@ABA@AB@@@ACBAB@@AD@D@BABC@@BCB@@EBA@@@@@@@@D@D@D@DADABAFEFABA@AD@@@H@DBDBD@@AB@B@@A@@A@A@@C@A@@ACAA@AAC@A@@BADA@CAC@CAE@@@A@@A@@A@A@@@A@ABEN@B@@CA@BA@A@AB@@@@@@AA@@@@A@@@@@A@@@AA@@A@A@@B@FAB@@AB@@@@@@B@BB@@BB@@AD@@@D@@A@@@@@A@@@CB@B@@A@@@A@AA@B@@A@@@@@A@@@@BAB@@A@A@C@@@AA@@@@@@@AA@AB@B@@@BA@@@AAA@CB@B@@@BAB@DCFAB@@C@@@@@@@@A@@@@AB@@@AA@@@AB@@AB@@AB@@AB@BC@@@@BA@@BA@AAA@A@CEACAA@CA@AAA@AB@@C@@BEBA@@@C@EAE@@@CBCDE@@BA@@BA@@B@@@B@@@@A@@@@@CD@@@@A@@C@@@@@@AB@@AA@@A@@@A@ABC@@@ABC@CBA@A@AB@@AFAH@BABE@A@AAACAE@@AB@@AB@BEDCBCBCF@@A@ABA@@BAB@@@B@@A@@@AA@@A@@@AB@B@@@@A@@@@A@@AA@@A@@BA@@F@B@BA@ABA@E@@@A@ABC@CAA@ABA@A@@@@@@C@@@A@C@A@AA@@@C@A@A@A@AEA@@AA@@@ABABCDA@C@A@CAA@A@IPEDEBKL_N@@ABCB@B@@ABA@@@"],"encodeOffsets":[[110257,37717]]}},{"type":"Feature","id":"610627","properties":{"name":"甘泉县","cp":[109.34961,36.277729],"childNum":1},"geometry":{"type":"Polygon","coordinates":["@@LCFIDEPIFCT[FILQHINIHAPITAN@NALE\\ONELGTKNQPEBHBF@HBFFDD@H@`EJEPMJC@@@@NG\\UD@HDLAVAHCFAHALGRQf]B@FDHDDBF@DAFEBIJcDQ@EBGP_JGJIDIFOFQDYBKEY@SGACACQDYAEGCMEoeSK}e@DA@CBC@@@AAAEA@EAA@A@@AGICAAAKAQEEA@A@@BADEBCBE@@AE@AAA@@AACACAGEACCCA@C@EDCBA@MEIAICEAA@CBCB@@A@AA@@@A@@BAACAC@AAAA@A@EEA@A@@C@@EAAAA@@AAAAAGCWEW@YAcDQB[F_DUHOLSLaLEBQBQ@Q@UGOGOIQIEIKKG@MDQFMJSPiXEDOLMDQDiEGBEDM\\ELEFGRGFYLOFKFKDEL@FBLBFBDAFCHQTMXCFAFBX@HKHKHINGPMLIFGBI@Q@S@OBMDKDOFUTCDGBG@_EE@C@]VCBCBM@QAI@SBGBC@OPONQJEDGDOFCTAPDPHJNLTNZZDJHNDLHNHHJJNPLDLFFHBD@D@DFHBF@JBFPTPPFFBD@FAFAHCF@D@BBBB@FANBVFBBDDBBF@DAHCJGDC@CB@@@@@RKZIHCBB@LARBJFP@JBFENAH@FBF@DADMHCFCBADAFAJ@HAD@DCBCDAB@D@BEB@B@D@FBB@D@BABA@A@CBEBEBEBC@@BABBBD@D@B@BBBBB@DBDBD@B@BAHADAB@D@`KFBF@BBDBD@DADAFEFCF@HAD@BAFAF@HGB@D@BBBDH@NAFAHEF@LCDEHED@FBFAJGFAFBBA@CCE@CRKB@@BFJB@B@HE@@FDBBD@LCJAFAFCDCDGDGBEBCDAHCDADGDAHALEHABABCAGBKHIFCLKFAXAJCD@FBD@DADAFBJFDDJ@FCDGFGHCNCF@HFDBDAB@D@FDFBH@B@FJDDDBH@B@BABAD@B@B@BABAD@DBDABABEBAB@FF"],"encodeOffsets":[[111863,37399]]}},{"type":"Feature","id":"610628","properties":{"name":"富县","cp":[109.384136,35.996495],"childNum":1},"geometry":{"type":"Polygon","coordinates":["@@PEHCFCRIPMPOD@HATAJ@RBN@DADA^UD@F@`FH@HADCVSPELCNCPAT@R@J@HAJENKHOJMLGLG@GAWBEDENWRSDGBEACAEAK@EFKLCLEPEZKHEHQFEFKN[FCHAjFRCNCPKFCjWTONIRENCH@LLFJRJPJPHVHR@R@RAFAbKTKPKVG`C\\ERAdCZBX@XFHDBBBB@BB@BBFB@@@DB@B@FFB@B@BB@BBDBDAB@@@B@@BBB@@@DADAB@FBJDJBNFB@DAFCD@B@DDBDHFDBDBBB@@BB@BBF@@AFADCFAB@@@BFBRFLBBBDBHJ@BB@B@FBB@BFBB@@D@DAB@@C~fTLpfNFHDBFPEJKFKJKPIHAHAPGTKTS\\@bDPDbJL@LGbYHIN[AECMG]GOCS@S@M@KBeW[EKEEKGECE@IDED@FAHCDEBE@C@EECAG@CAAEGAECG@[HEBGAMEI@I@C@AECCA@CFCBCAECMKICG@GBOFKLMNCDC@AACEAAEACAAABGBGACCAKAEACC@AFCLENADADCBCCECCGCEEEKO]EGIIEGGK@E@E@EAACCCAGCEAA@AA@C@C@CAGEGAE@GACCCAE@G@E@AGIIICACAMICCACAGEMCECCCBGAQEEAAAACAE@ALCH@BC@G@QBC@AA@IHCB@E@AE@CFK@MAEAEC@AAAA@@BEHCD@@K@C@E@C@ACEGC@SABGBE@AAAAA@C@A@AFEDEFCFC@AGCKAG@AB@DFFBDABABA@A@@@AAABA@AAAA@A@@@ACBEAAA@@AB@BA@IAA@E@A@@A@A@AA@CCA@AAAAB@@A@@C@AABCHG@A@AECECCGAEBS@IA@EACACE@ECCKEMGI@]HG@CCIEEAECGIAIEqACE@EBoJCDIBG@GAEEG@kLcPCLA@AFDJ@DABC@EAEGESGCMAOBAB@DDDBBDDBB@@DFDDDBDD@BA@A@A@CDE@A@C@@BMBKASMCKAgEQ@CEAEBQNIHobABC@@@GDCBIBC@[IG@AB@DBRAFEFC@IDADABIBK@UNeTMDULUJQDSHiHWDU@SGICcSWESSUOKGOOWGeG[EaCw@iBK@OEUEU@YEIAK@cQ@CAGEEEAUHEFEFGBSREBC@C@AA@@AAACCC@AA@AACCA@@AAAA@ABC@AB@@CB@BA@ABEDA@AB@DCDABABCBEA@AA@A@AAEACCCACACAC@EAA@C@A@A@C@A@E@@A@@C@ADEFCDCDCDAFADAF@D@D@BBBDBDB@DBTBV@VBP@PCRANKTOVSTCFAHBNDDZZDFFJHBTD~ZFXFNLJLFPFL@L@\\ANEZCJ@NBNFJHBJBTBTANBNDF``NJJNATCTALERBNBNDPJXFJNPNR@@@@@BAB@@@@A@@BA@@@@@@@@@AB@@A@@@AB@@@@ABC@@@@B@@A@@B@@@BDFDLJLDFFDBBAHENELEJYhADILKRINILGJGRKRGTIZ@FBFJTDDBD@DGJMfCXBPBZET@JBZH\\FRDFBBDD@@B@DAB@F@HBB@@@BCBAFCBA@BDDDD@@B@B@DCBE@@BCFEB@B@@BBBDB@@B@BABAF@@@BA@AHAB@DDBB@@B@DCBA@IBEDA@ADEDCBC@@DB@BD@F@BBDDFBB@D@BA@@FBDFFHD@D@DEHMBAPABBBDBHBDB@DBHA"],"encodeOffsets":[[111380,37241]]}},{"type":"Feature","id":"610630","properties":{"name":"宜川县","cp":[110.175537,36.050391],"childNum":2},"geometry":{"type":"MultiPolygon","coordinates":[["@@OA@BABADADCD@FDDDFBBF@F@HAB@B@@@BB@@BA@APJFBB@D@B@@CBEDGFGBABC@GAKBCDGJOTQHIFCF@HBF@F@DAJGHGDADAD@HBF@F@H@JCB@B@@@@B@F@BB@B@B@BABAB@B@J@D@D@FAD@D@DBFBB@B@B@B@DAJGFCJCREB@B@B@HEBAD@D@DAB@DCBAB@DA@ADCBADCFAD@DCDAF@F@BABALKHKD@DAHAD@BCFED@BADBBBB@BABA@EDADAFCBADGFCBAB@D@BDFFDDD@RBP@JBF@BBDBBBBBDFBBB@FBZB`BB@B@BA@@B@@DBB@@B@B@HEDA@@B@BDDBD@PA@ABCDEFGDEBC@EAI@E@EDI@GCGAIEICCGICEMMCECI@GBGFEFI@G@ICIIOEMCIAKBKBKBE@C@A@A@A@A@A@E@A@C@CBC@CBC@ABA@A@ABAAA@@@AB@BCBGBEBEBEDEDEFCHGBA@A@@@A@C@CBC@EAC@ACE@C@A@ABCBCBABEDCDCDABCBABEBEBCDCFGDIFK@EBEAEBEDMBEDCBE@CACGKCE@CBADGDEBEDADAJCFAHCDEBA@CAC@A@C@IAA@AAAAAAACAC@ECAAACACBIBCDIBCHGFEDEBEAEAGACAC@C@CDG@E@E@CAA@IAECE@C@CDAFALAJAF@HBHDFBD@HAFADC@CAE@C@IASK@I@EAEAECICGAI@KACAMKIGKIEAAAEAI@EACAGCACC@CAE@I@MBIAGAECICCECAC@EAE@G@C@EAE@EEECAEAAAC@G@AAACAGCCAAAECCAAAACAACCGICAAC@AAGAC@@CCAA@E@CA@CAEAECCAGAC@M@W@E@ABABA@AAIMAEAACCA@EAGACA@@AAAC@@CAGAEAA@ACAE@EAACACAAAAAAA@AACECA@CAEBC@G@CBC@A@A@CACAE@C@KDEBE@EBI@E@E@A@CBCDCDCBA@A@AACAA@CAC@CAE@I@JDHDHDBD@BCLAFGHMFKDG@ABITINEJURILMJGHGBIDEDIDED@HAJBHBDFDDH@H@FCFCDDP@J@F@DFDTHPJDD@D@JALBB@BD@HAB@B@@BGJKNCFC@I@CBCBEBO@[CKCC@GBCBABBD@BHDBBABABIDA@AB@BFFBBABA@E@CBGHAB@J@BGDMNEDIDGHEBAB@@@BBFBD@D@BEF@B@@DDBD@D@F@@@D@DADAFGJ@D@DBFBB@BGLEJEDGBM@EBC@ILIHGDA@CDCDGBABADADABC@KB@@AD@BBD@BCBGBC@CAA@C@EDCBIAEBGBEBCAAACKIIGCAAC@ABCFADC@EBCAMCMAG@IDGFGDC@A@AAAKCECCC@A@@AACCCA@C@EBEDC@@@ACCCA@@@CBCBODA@AAEIAAAAC@ABABABA@AAAAA@A@CBCBEBA@A@KKAACAC@CBCAA@CEAAA@C@A@EJA@C@CBABABA@@@AAAAABED@B@BAB@BA@E@C@CBGFID@@AA@C@CCCGICACAEAEBKBABGDABA@C@EJCLU`}rIHCFGJCNAf@L@N@TDTHPH^DNBFM\\GJr`RDL@HAVSFENELCPADBLHPHPLRJTH^PHBRDRFP@dFPDLFNHLRNJNLT@NBNAHAHAJ@LGNMLGJGJAFDFLDD`CFBDDFL\\bFBND`XJLPJDDDFBHDBNDHD@DELCPCDCBH\\DBDBBDBJAB@@@BAB@@@B@@AD@B@@@B@DAF@F@@@D@DBD@BB@HDDBDBB@@DBBB@FAB@DBBDPA@E@@B@F@B@@BBJBH@BA@BF@@B@BDBD@@EFABCDA@@A@@BE"],["@@@CDEBAAE@@A@EEAAAGOB@BFL@BABC@A@@@DDFH@@PB"]],"encodeOffsets":[[[112765,37257]],[[112765,37257]]]}},{"type":"Feature","id":"610631","properties":{"name":"黄龙县","cp":[109.83502,35.583276],"childNum":1},"geometry":{"type":"Polygon","coordinates":["@@E@E@EAI@I@KCC@AACAA@CAA@CBCAEAC@CCAAACAGAACCCAAAC@AACCAECCAA@AAA@@C@AAE@CAEC@@@A@C@A@A@ABAB@HEHCHEHA@AB@BBB@B@DAD@B@B@BABAJEJCDAD@D@F@FBD@JAJABAFCDEDABA@C@ABADADABAB@BA@ABAB@D@DADAB@BAB@B@B@D@HABA@@@A@@ACAEAC@A@ABABCDADCDCFCHAFALEDCBC@C@CFCBA@AEGEK@C@CDEHEDAHCFALAFADAFCBABAB@@A@@ACAACAEAAA@A@ABC@EBA@CBC@AEIAI@@K@UBwPI@EABELYB]@K@@CECAGAIAEAAAA@@IAAAACAAAAGAG@CCAECECEAGCA@@@AACCACCCAACAEAKEIEMCGAKAC@C@EBEAC@A@CECAA@@AAA@CBIAC@AGEEEIICGAAA@IAO@A@AEQSKICECCA@E@C@C@CDCHEDCD@D@@DDBH@DAFEFEFA@A@CAACEICCCAEACAA@CBABA@A@AAKIAAA@A@CBEBA@A@AACEAAC@C@A@AB@FERAFCBUTCB@@AAAA@A@A@A@AAACAA@KIAA@CBU@AA@A@C@CBCDE@GBI@G@MBMFCFAB@@AAGMAAC@C@CBGJA@AA@@@E@A@AA@AAABEDC@EBE@GAECC@CAC@EBKDKHCBAD@BBDBD@DABIFADABA@C@GAECGEGEECCAAAA@CBEHEDGFEBE@GAGCCAC@A@ADCLCJABCBEAKAG@I@KCWCK@EACACAC@I@MAC@GCIGECCAGEQQIPGHGHGDMBM@MFMHKLEJCDEDCD@D@B@@BAFAD@B@BBBD@FBBFHJJDDBDD~HTJNHLDLB^BRBPUh@@@@WrCB@@@BEJ@PBL@DBH@J@L@F@BBBRBFD@DKJA@@B@BD@BBN@D@BBB@BB@D@BADAB@BABCBMBABA@EDA@ABBB@BBBB@DBFFD@BBF@FBHBD@BB@BCF@F@HFFHHBDFBFDHBD@BAB@BCFO@A@CBAD@@@BD@B@BBB@DAL@D@BBDBDAB@BABABEBEDEBA@ABEBA@AB@BABABCDCFGFABABAB@BAB@D@@ADABCBEDABCBABA@@B@@@BD@DBB@F@DAD@B@HAD@D@F@B@DBDBF@F@B@BBD@DDB@BBB@@BBBABA@CCCDCFCDAAYKUAI@E@M@A@E@@BBB@BBB@D@@BB@BABABA@A@G@E@GBC@EBA@ABABAB@BADCFANCLDLTbFTD^@B@DFJLLFDBD@BCF@FBNBJFHFHbRBBBBBDBDD@DBD@DAB@DD@B@DB@HFFDDB@@LBD@FBNBH@J@B@HJBBFDDFAF@LCFIBOJ@B@D@HBP@RAH@BED@B@BFDBBAB@BCB@BBBBBL@D@BBBFFPBNAHD@B@BAHCBALAFAFBDBDBHJDD@D@DBB@@JCHEDAD@F@B@@ABA@A@AFCBABBBB@@B@BABADAD@B@FIB@D@B@BBDFB@DBDAD@DBBBLLB@B@FADADAB@B@BBBBB@BABABAD@BBBBFJBBB@PCDADA@@B@DDBD@@D@FCFAD@B@DDBD@BB@D@DDDFBLBBB@D@HCHEJCH@NBNDDBFAD@BCDEBAD@BBHDJJDLBBDBFAHAFAJBDAFCD@B@DBD@HADA@AAC@ABC@@LAD@BABCBCBAHADCDCB@HCJGJKD@FAN@HAFCFIHK@AAAAE@C@CHIBEBC@C@C@@@E@CACCC@@@AFE@A@CACAE@A@@BAFAHGJCFCNMHC@A@IBAHGDAF@B@BAAAEE@ABAB@JCBABAAAGC@AACBADAHAD@LD\\DP@FADADAJ@D@DELMHI@AA@A@GBC@@AAABK@I@CCCOISGEC@C@E@ICODCDE@E@GCGECACAGBI@GFCJCFCJCHAHGNIJKVQFIJMJSBAH@LCNEHGBEDK@AACGCGCIC"],"encodeOffsets":[[112850,36575]]}},{"type":"Feature","id":"610629","properties":{"name":"洛川县","cp":[109.435712,35.762133],"childNum":1},"geometry":{"type":"Polygon","coordinates":["@@BGAMEOAEAAC@K@AAAA@ADA@ABAAAEC@A@AFC@ABG@QAO@G@C@APIJADE@KBECEECAAGIA@I@G@MAEAC@KA@@CAECGEA@@C@ACCA@CBC@CAC@ACACAAAAaQEGEGAIAM@EDE@AACECKKEI@C@AC]ESSaCKDKBMDEBC@ABABABAB@FAD@HAF@H@B@B@BABA@AAA@@@CAA@AAA@AF@B@N@F@J@VBZLBBDCDEDCDDB@BAAA@AA@AAA@CCC@AAA@E@E@CACAA@E@C@C@GBA@C@CBE@A@CAC@@A@@@AB@BADABAFCDABABC@@@CBA@ABABABAHEDEDCBABA@ABAB@FABAB@FAFCFABABA@ABAACAC@A@CBK@CAA@A@AAC@@C@AB@D@BEPADA@ABC@GAECEAACGGEE@G@EDE@AAAC@GAEAE@AAC@EECAA@AA@AAABAB@FCB@BANADABA@ABABC@A@CAAA@AAC@M@AAC@@A@AB@LI@CECQAAA@A@E@K@IAG@CAK@OFI@A@@DAXq@@@@VgAOAQA]CKGKIMGSC}ACCCIIEGAA@EACAAA@C@EBAB@@@A@CDCFCDCFILKNGNEN@NAHCHGHGJOECKCQAQ@QFWRIBMBMBUJKFOJUJIBEBK@EBE@EAC@GAG@C@GDCBA@A@AAACAAA@A@A@ABADAF@DA@@@A@ACAAA@ECAA@AA@ABC@C@A@A@C@C@CBC@A@CAAAECCACCECCCCGAEAAAAA@A@CBE@A@@CAE@E@@IE@A@@AA@ABC@A@@@AAAAA@AB@BCBA@A@AAAACA@A@A@ADA@@@A@@AAC@ABCBCHCBA@A@A@ACAAAAAA@C@EEAAAA@A@CBA@CBCBCFCB@@A@A@CAC@@G@C@ABC@@@A@AA@@AEADOJAD@BBBB@HBFDB@@DABABCB@@KD@@@B@@FDFB@B@B@BAD@BBBFH@B@B@BABKDKFEBAB@B@BBDFFBB@B@BABABCBSDABA@@B@B@BBDDFJJBFBD@F@FABABA@ABIAA@A@@@@FBBLLB@@@A@C@C@CACBEBC@C@AB@@@B@BBBfTBDBB@DAB@@CBEBG@I@IACB@@AB@B@@BBB@TJBBBB@B@BABABA@CAEACACBA@AB@BBBDBHDHBHFBB@FAD@BCFEDABC@A@A@AC@AAE@AAAA@CAABABCBALABA@CBMDABAB@BB@BB@@F@NAB@B@BB@B@BABCBIDAB@@@B@B@BB@D@HBH@D@BBB@@B@B@BABA@ABCAICE@E@ABAB@B@B@@BBB@F@H@B@B@@B@@@BABIDABADADAHAH@BCBA@A@C@ICEAA@@@AB@BBDAD@BABABC@C@CACEGEACC@A@AB@@AB@FBFBP@D@DABABCBC@KAA@ABADEPA@C@A@GAG@A@@D@DADABABCBAB@B@B@BDDJHBBFBDBB@@B@BA@EBEDCDCFEDA@C@AAAA@CCEAACAE@C@CBA@ADAB@BB@BDFDFDBB@B@D@B@@AD@D@BBD@@BBFDDBBB@B@BAD@BABABA@A@E@I@IBCBAD@D@BFDHBB@@@@B@BCHCF@FABBH@DAFGLCHADBDBFFD@D@F@F@N@FBD@DBDAD@B@BBD@B@BAF@DAB@DGHADAB@D@B@@CBEFCFIJEHABABCB@BAB@B@B@B@B@BA@ABA@AD@BADCFNHLFDD@FDFDBFBB@@JATBFDHFDFD@B@BGHADBBD@@@@BA@BBBBB@DDB@@B@B@BB@F@B@JBB@@ABA@@BBFBDA@B@@@BBBBBB@BABB@@B@B@BABAACEE@CBAH@LBHD@BEDEDCFEF@B@B@DBBBB@BAFAHTBD@FHBDD@F@D@L@@@DCFG@AB@BB@BFDFBNBL@DEF@@B@FDAJGB@@BAD@R@HADG@KD@BBFBDBBFBRFHBDADDDFFNBHBDDDNJDBDBJJHJ@B@F@HBFDDBD@HBFFHBH@D@D@DBBB@FBHDDBDDBB@F@F@FHLFHJJFHP^FLFFHDDDDFADCDCBMBKFED@BDDFBLBDBBDAHAHBBDBFBBBDFBBD@DCNMLKPEHAH@JDNLFDDBDADEB@DDBFD@J@J@NFHBFA\\GH@FDHBBFDBH@DBFFD@F@FADCBG@EFCJCF@FDLHFFFLX\\DMHIDEJG~qV_DKFI"],"encodeOffsets":[[112400,36872]]}},{"type":"Feature","id":"610632","properties":{"name":"黄陵县","cp":[109.262469,35.580165],"childNum":1},"geometry":{"type":"Polygon","coordinates":["@@DEBC@ABCB@BAB@@A@A@A@A@ABA@ADABABAFGJIDEFEDA@@@A@CBABCHG@CBA@CBE@A@AAC@A@ABCAC@CAC@E@M@E@E@CECAEACBCDGHKBE@CAGBA@EDEDG@A@A@@A@GAEC@A@CBCDAJAJ@F@B@B@BABA@ABC@A@AAACAECAA@@AC@A@CBC@@@A@C@AAAECECACA@@ABABCB@DAD@F@DBBBDF@DBBBBD@B@FCDEDCFCFAB@@A@AA@CAEAAAIGCC@A@A@ABADABABABC@C@CB@H@HBB@D@B@FOBCBAB@LBD@DABABA@C@CAOAE@EBA@@BAB@D@BDHFDFDBD@D@BABA@ABCAC@ABA@@B@FBJDD@B@B@DA@ABGBGBCBCBAJCBA@A@@@AA@A@G@E@A@AA@@@A@ABABAF@F@JDDBBAB@BA@A@A@AA@AAC@G@GAC@A@@A@A@A@@BAJCDABA@A@AAAA@A@MBE@@@AAA@@ABABANCDAO@CAGCAA@ACGAC@@A@A@KBCBCBGDCFABABE@CBAB@@BBB@BDAD@DCDC@EBGAE@GBM@KBE@KCE@C@ABEBE@K@K@E@CAECECCAE@GBIBGBC@C@C@C@GCAAABC@CDC@G@A@CBC@ECO@W@]HI@A@CBGFUdABADBH@D@BABA@AAECAACDCHBB@D@DADABCDELGJCDCBCAG@E@GBE@C@K@YEG@AAECCAEAEAG@E@C@MBC@AAA@AAEGA@AAA@EBC@C@CAA@AC@EAAAACACAMCAAEECECECAAAA@A@C@ABABE@E@GAEBE@QHC@EBEAA@AA@@@C@E@AAACAECCAEAAAMK@A@A@ABGBCBA@A@A@@AAA@C@CB@@A@@A@C@AAACCGAK@AAA@@C@A@ABG@GACAAGCMGACGKEGACAE@C@E@AECAC@AAKAAAAECGE@AAA@ABCFCHGBA@A@@@@GEEEGEAA@A@ABEAA@ACAQG@@BG@EACAAC@EAMKOIGEEIAGCKGIMOEAECC@E@CACCCCECECEAQ@GBEBA@IAIEEGADC@AACAABA@ADCBCBE@G@C@ABAB@B@F@HAF@BBB@@@BCBABG@C@A@@B@B@BBB@D@D@FAF@BA@CBCAOCIAE@A@ABA@A@CAE@A@CBAD@B@B@BDDB@BBBBBB@D@DGJEFENM^@F@ZGPMJIRATAVMNODcFKHKPADCBC@AAE@A@ABC@CBC@@BCAABA@CBIDCBE@A@CAEE@AAAAAA@C@A@AB@BAB@@ABA@C@CAA@A@AB@BBB@DDFBB@B@@@D@BAB@@@BC@CAA@AB@DABA@CBA@A@@D@DBDBBC@CBABADA@C@A@AAECAACAA@AACBAB@@AF@DBF@BCBA@AAECEAC@A@CBA@ABCFA@@@CAEECF@B@HBFABAFADCBC@A@ABCB@BAD@@QBIFKNGH@BEBA@E@CFCBCBC@E@AB@B@DAD@DCFAFCBCBGAC@GBC@CBCBCDEDALAL@FCB@DGH@D@BCLGT@LETDNFJ@@@B@BBDBBBD@BAF@@ABADGB@BCB@@CDAFAB@D@B@BFFBBBBBD@DBD@BABCBEDCBAD@D@B@BBB@@B@D@BBHJDFDFBB@F@F@B@@BBDDBBADD@@@@BF@B@D@B@B@D@B@FBD@DBDBDBDDFBBBB@B@@BFBDABABADC@CBAB@FCBAB@@ADA@@BAD@BAB@BB@BB@DDBBB@@BDDBDBB@@BBD@D@FATQHAFEFEVGFBFFBH@DdRL@JBZFV@VFPFL@jAx@bD\\FfHXHPPLHVPTTXFdTJDTHV@XCjGTGRCVIVKNCfSVML@JABABCJCD@FEBEAQ@CBAH@\\JD@JADAHC@@D@BApaJGRMFAFB@DFRBhDLTNLBNA@AD@B@F@DCB@B@B@@ACCCACCCE@@AACCAACC@CBAPANBHDFTFHFBD@BA@CCIBEB@DKdOlKH@FFHBH@JADCpIFAF@BDFrBJHJFDFBJFDDH@^GJ@"],"encodeOffsets":[[111940,36635]]}}],"UTF8Encoding":true}