{"type":"FeatureCollection","features":[{"type":"Feature","id":"610824","properties":{"name":"靖边县","cp":[108.80567,37.596084],"childNum":1},"geometry":{"type":"Polygon","coordinates":["@@BIBEB@BEJODSHKJILAFDLPHHJFPBL@PAJCNCPDRDNBF@BDBNDBDDH@P@D@DABA@I@M@UBEB@@@@@FGJINGFAFBHJFDLBL@H@VANABA@@@@FA@@@@HC@@@@@@JEBA@CGEEGAC@AJKBEACECECEAOBQ@KEECGGCCCE@AHGLOBCAAGEOKCC@APKDC@A@GCiCSCGECcOOKCC@GBG@C@CCACAAABAFEBC@EGGKMIECC@CBA@K@ECCGECGEK@EBEFGFCJATAX@NDNDJFJFF@FAHEPIJEFEBE@@@@DG@EdKj_jOrQFCDIDGDGNC\\CFA\\o@K@}JYXgHCJMGACGBEFGVWFKBIAKCGIIGOAKCSBEJQLENEJCHGda@EBEHILIDGBE@GAAC@EBEHIFGBIAK@MBEACCCIAEAAC@O@EDEBA@GCIEECCAA@EBGDC@UGAAEM@EAM@AAAABKLGJC@A@CCECCAEBEDA@AAKGECE@IBWFOFAAAA@CFK@KACCGCCIBOFG@EBMNIFKB]FE@C@ACEQEIAAC@G@IDC@C@AAC@ABAHABGBG@C@ACAIAEECMKKKCCEEAAE@C@ADAJBHADCBO@YFOBIDAAAE@GFEDG@GCECAE@MH@@CCAAE@ECAAEKACCAAAAECAKCIAK@E@CCCEGcCIAACCE@C@GHE@AAECEAGAEAEBAB@FAFA@G@MEGAI@I@EACC@E@IACA@A@ABCNOnCDCDCDIHEBC@@A@I@ENQBC@CACCAE@CAAA@C@I@CCEAC@CDG@EACEGCE@CDCDCHCDABAAGAO@GDAB@D@FBL@NCBABmAE@A_B]FEAKEGECC@G@CACEAE@IBMDCAAAEKMQGGAAAIAAEAABIFOLEBEACEEKCCG@EBABCHC@QC@ADKJQBA@CA@MGAAOSAEBEJED@\\GF@F@BBDADIFKFIHENAPGNAJAHIDIBC@CCCMEEACE@KDKBE@C@ASKCECKCGCAA@CDADCACCKCAC@CAECAC@IDCFBJ@DADA@C@QKGAK@EBIFKHGBGBKAEBEFERCBC@GAE@IMC@CBQP@D@DBHAJEDKDGFCDCPAFCDGBG@AAEIIEcKCBGFCBA@CAACAMEKIKCEACDO@CEAE@GDGDC@ICKC@A@AD@DA@AA@IAEBABAD@FABCACACEAGAA@@EDGDG@CFA@CAECCCA@EFEJCB@@CAAAA@CBKNEBG@QAIBEFGPENBFBDFBH@HAVGH@FDDDBFFDJBNDJFFDBHAHELEF@D@FHFLFDD@JAF@DJT@FADGNMNIR@DFRHVBNAH@DBFFHBJBDKVKP[RKNGNAHEP@FBDJHDD@BCFEBYHCAICEAEBGLIJGDkPADBBDDRHFBF@FCD@BDBF@HBBF@H@DBBL@J@FEDUJmdQHE@AFERC\\@HALCHAHDLDR@VALKNITEFIDG@CCAA@EBEDE@IACCA@C@EBE@ACACAAE@CC@A@GHEFID[FS@CBABBFDFFJDHBD@BADEFADCFQJ@B@BHL@BCBAD@F@BD@FBBBBF@DBBD@DB@DMPEFUHEFCD@DDpDjBJ@TEPENCDGJ[XOT]rANAPNJ@DAHAFBDBFHFDFHBJ@PAL@JBNFNHJDJBJAF@dB^DlFfLfTdTRHVDfJdLF@JA@@JC\\KfSeRCR@bHnNnJTDNLNJNHTBN@J@RARER@TDPLNX@PCRK^AJA\\@PDLT\\LLBPANEPGTAX@@\\H~BnBRFPLXZnJNDL@NEJ@BAFAFCFGHABcRBr@@@bODAHAFADC@@\\SXYBUBEDEFQHUJKNIXOBGBODIDMJMNMBADAD@H@FD"],"encodeOffsets":[[111562,38833]]}},{"type":"Feature","id":"610803","properties":{"name":"横山区","cp":[109.292596,37.964048],"childNum":1},"geometry":{"type":"Polygon","coordinates":["@@LHH@D@D@D@dKSjE`eHKJIBAFCDCDAB@@CB@@AB@B@D@DCBA@ADABADCB@B@B@DAB@JALCF@DAD@LDH@BDH\\AVDFPCXIdERFJFN@@@@@@@V@JCHMHC@@FDF@HAFAB@DBRDJBL@LAXEHAHCDCBEHKDAHATCDBDBDBBFBFCLBXHpDV@HCRCXAXB`B`@@@@@@@HBBFBT@HBDBLNNTJJDBD@FCdKXAb@VDLHDDRDH@ZKjSRIPOXWROJEFAFBDHFNX^pDPDNHJHNV@LGFFL@DDDBB@DAD@@@@@@AD@DBDDBLFdRN@@@@@jBL@@@@@TC@@@@D@NQFM@@@@BA@@@@BC@@@@@@BCKY{{BCDEHE@@@@XQPQNaJOPO^@HGCMBKZUfQJU`wCAI@C@IDE@C@C@GBCA@EAGIGKKIO@@AC@CBAFAFADAFAFEDABCBABCBC@AB@DA@ABABGDAHEHAFAFAFABABCBAHCFCH@JCH@LCREHCJEDCFGDCH@J@F@H@JAH@D@FAH@D@DBHBHBFDF@F@DA@@@@@@JCHCJEDAF@FBBBBBFHD@HBD@H@HANEDCFAJAB@DABA@@@@FCLEHCNCFCBCBC@CFCHGBCDGFE@ADCHGHEHI@@@@I]AAA@A@IEKACEAG@CBEHABG@IACCCGC@I@EAKQEEEOAEDCDE@CCGCGCACDCFEBED@FBBJLFLBH@@ABEBMBEDEDCAAA@IACC@E@MDGBU@E@E@_SAA@GBWAIACWOUICAE@EDIDG@ECEIAUDGHENEFEEa@@QDAAA@C@ABC@C@G@G@EAA@A@C@CDEBA@AAC@A@@BAB@BBD@@@BCBGBCBAAAAAAA@CBADIHCDCD@@A@@AAA@G@AA@A@A@C@A@A@@AEEGE@@AAAEAE@ACACBKBEBI@GBEBEJEHCFABA@AAEOAG@SDM@@@@@@BMBABANHD@DAHCDAJU@CEEAC@ABCDC@C@AAC@@@@IKAEEEMKUMMGSSCGCKEGAI@CCCI@GBGFEJGPCDKBG@S@GACEAE@GBGAEQQCE@CDCBCHEDIDIDIJE@AACAEBCFEHE@C@ACCQAKCKCOGE@GDOHSDK@KAACBEFIFUBCFAFBHEHSAIEMEICAEBGBMFKJIFA@@A@GFKBCJEXUJEBEAGACC@EBG@EAKGGGGKCEMKWGgKcIE@iACBYAKCCECCCEGYEMEIIEKAI@Q@IEGGGEGEIBMAIGWEECo{IeIMEGGCOEQAcbGHIDMFKFIRAFDTBLHPJJDHBLAJELUXEHAFDHHBINGDWhIZ@~@L[pEB[DMDCHCHCJEDqRiPi`cL@FCH@@@@AFEFIFOJGFEBE@IEIEMCMCW@SBIBEDEHAF@FFLDHHFDD@F@LAB@DDDJFLNHH@FADEFABBBDBDB@D@DAH@HDDPLdPFDDHDTDj@H@BCDOL@BDDPLHFBBADKPGH@BDFDDHHFDLFR@PAFBFDFDBDAFIL@BBDFHHF@DABIF@@@@@@GD@@@@EB@@@@ABMBUBG@K@KAECGIEAEBMHIJEH@@@@A@AF@V@N@JABCBC@O@G@CCCAAMACE@MAQCOCMDIDOBK@OAIEGGKOECKBIJGLCTIPAFA@AFAJLFLHF@DBJ@JBBBDHDLDFBHAN@HBFDBHDHDDBH@HAFAFANFHDDBAHCJAFBBDDLJJNDF@HDHB@H\\HABBJ@D@D@FBB@D@D@J@F@F@BH@@@BixTXRrIRaP"],"encodeOffsets":[[111665,39023]]}},{"type":"Feature","id":"610822","properties":{"name":"府谷县","cp":[111.069645,39.029243],"childNum":1},"geometry":{"type":"Polygon","coordinates":["@@B@N@L@LCPCLCDCDC@ABA@AHIJEDAF@F@F@F@FBJF@@BBB@BBBBDBBBB@@BB@@B@B@BABA@@D@BABBB@B@BABB@@@BBB@B@B@F@@@BA@@B@@@B@@B@@BB@@DAHCHIHABAB@@@@A@@@ABA@@BAB@B@BA@@BABABABAFCDEDABCBADCBABABA@A@@BC@A@A@ABC@CAA@@@A@ABA@@@A@ABABABABABAB@DABA@ABAB@@AB@@AA@AACAAACC@@@@@A@@BCDA@C@CBC@@DABABABAB@BABA@ABCBA@@@@BCBA@@DAF@FABC@EFG@@BA@ABCDADCB@DABABAB@B@D@B@BB@@@AB@@@B@@@@@@@B@@A@@B@@@@AB@@@@A@@@@@@@@@A@@B@@@@A@@B@@@BA@@@@B@@@@@BA@@B@@A@@B@@@B@@@B@BAB@@@@@@@@A@@@@@@@@@@B@@@@@@@@AB@@@@@@BB@@@@@B@@@B@@@B@@@B@@@@B@@@@B@@@@@B@@@D@B@BB@@B@@AB@@@@@@@@B@@B@B@B@@@@@B@@@B@@@@B@@@B@@@@@@BA@@@@B@@@B@@@@@@B@@@@B@BA@@@BB@@@@@B@@@@@B@@A@@B@@@BB@@B@@BB@B@@@B@@@D@@@BB@@@@B@@@@B@@@@@@@A@@B@@@@@@@BB@@BB@@@@B@BB@@@@B@FALCFABA@ABAB@@AB@BAB@B@BBBBB@@@DBB@DDF@DBDB@@@B@@@@@BBBBBD@@BBBDDBDBBBBDBBDDDDF@@BBBBBBB@@BBB@B@B@B@@@B@@BB@BB@DBDBBBBBB@@B@@@B@@@@@B@@@BA@@BAB@@@B@@@BBDBDAB@BEDDDD@FD@@FD@@@B@@AB@B@@@@@B@@@B@@@@B@@B@@@BAB@@@@@B@@@@B@@B@@A@@BA@@@@B@@BB@BBB@@@@@B@BAB@@@@@B@@B@@BB@B@B@@B@@@@@BABBDBDDBBB@BBBB@BB@BB@@B@BB@@BBBBBBBB@@B@@B@BBB@@BBBB@BBB@BBDB@BDFBBBDBD@@BB@@DBBBB@BBB@B@B@B@HBBBDDFFDDBDBBB@BBBB@BBD@B@BA@@BBBBB@BBBB@B@D@D@BBB@B@B@@BB@@B@B@B@B@B@BBB@BBBBDBBBBB@DBDBDDBBDBB@@@DBB@B@BB@B@@ABAB@@AB@@@B@@BBBBFDDDBDDDBDBDBFBBDDBBBB@@BB@@BD@B@@@@AB@@@B@@@B@@DBDBBBB@BBB@@BBB@@@B@B@BBBDBBBBBDDBBBBBD@BBD@BBB@BBBBBBBB@DBBBB@B@@@B@B@@@B@B@BBD@BBDDBBBDBDDDBBBDB@DBFBD@D@DBB@D@BBD@D@BAB@B@B@@AB@B@D@BBB@BBDBB@B@B@B@B@B@BBFBBBDBB@BBD@HBD@B@B@BBB@BBB@B@B@BAB@BA@@B@B@BABBBBFBDBDBBBB@DDBB@B@BL@DDRJJL@FDDDBJB@@DFB@B@NAFBHF@@@BFBBB@F@DBBB@D@F@BED@@B@DCBGBCB@@@B@@@BDBP@HCBGACBK@ADALBTFF@B@@@DADAF@D@DBHBF@D@LAHBF@@@LBHDLDB@HDDDBF@LBDFDJDHFFDFBDABABABG@CDCDAFCB@DCDCD@A@@A@@@@@ABA@ABA@A@@@AA@AAA@A@@A@@BA@A@A@AA@@@AAA@@@@@@A@A@@B@@@B@BAB@@@@A@@AAA@@AAA@@@A@@@A@@@AAA@@AA@A@@@A@@A@A@@@C@A@@@@@@@@A@A@@BA@AB@@@@@B@@@@BB@@@@@@A@@@E@A@A@A@A@@A@@@A@@@C@@@@@@A@@@@@A@A@@@@AAAAA@@A@@BAB@B@@A@AA@AAABCBA@CA@ACACAQKAAGA@AAA@A@CBCBC@A@AA@A@C@A@CBAAA@A@CAAAA@AA@AAA@A@@@EAA@A@A@@AA@@@ACCAC@ADABAHADCBCACCAC@EDE@GAACA@CACAACAEBE@A@C@CCAEAIAEBIAEEAAC@AA@@KCBE@E@CACCGCG@ALEBADC@GFGACEAACAABG@ADCBCD@D@FBB@B@@D@BBDB@HDBDDBBBB@D@B@FCDAFCDCDA@A@CCCACCCAGEEACAE@AAA@CBC@CBCDCDEDCDCFEBCFCDADAB@J@RFFHBD@BP@B@DBXDJ@DAFEBE@IAIEOAGDEFCFAHBDBBB@D@BBDBBDDPFHDD@D@FCFCBC@EACCCEAECIGCE@CBCDELOHCFCFEJCJCLCJ@D@F@FBH@J@N@J@B@BAAA@@CAAAACACCCCCCAC@AAEACCCAACACAEEGCECCAECKAE@EBCBCDEDC@CAGACCGCEGECACACA@ABCBA@A@AECCEEGCAAECKEMCGIIIKGIGQGKEK@A@EBADCBAFCBAFG@GCICEAGAEEIACCICCCCKCEAECACAE@CDG@CAOCKEIEIIEUSMKMGMIOMIEGAIAQCA@GAGBC@OA]CUGOKCACCCAGCIEICCAMQQSACAGACBCDGDAJEJCDCBEBIFIBCFIJMBGBKA[DMFKBKAKGKOKEAECECAA@CDEDCLKJKBE@GAGGIIGEEAAAA@ACC@ACGACCE@CBCACEKCGCIEEEEEACAC@C@C@CAGCCAACAC@C@CBCBAHGFGBC@EGGEKIKGKGGAAEGGKGECCC@A@A@KDKJGLEHGBK@KBC@IDGDC@AAAA@A@EAACAGJ@HADCDAB@BD@D@@B@BADE@G@QC@@A@EACBABE@ABCBAD@@AHEBA@CBEF@B@BBBHBB@BBADBBFH@F@BA@BBHBLBFBDAB@BB@@DBB@@B@B@@ABCDGBABABCD@BFJBDBDADCDGDI@CBCFGRA@CJ@J@BBFBBDBDAF@B@LHHD@H@HEJCFILAH@JBBCFEDODODQDKPKHSDaRIFKDkEKHKBkZUFMLO\\ADCDCBCDEDCBABADBDBD@FADABADADCBA@EBEBCBABCBCBABADCDAB@B@BD@D@BBBFBD@DCD@B@BCDAB@F@B@B@DFBDB@@@@ND@@@@B@@B@@@@DBDBBBBHADDD@BABABCDC@CBGBCDABABEAEA@CA@A@C@A@AB@B@@@DAF@FAFAFCDCDEBG@G@CB@B@@BBBBFDB@ADCDEBC@E@CAEBCB@@AB@DA@@B@BA@ABCDABCBE@C@A@ACAAA@CAC@A@CB@@CBA@GDCB@@A@A@C@AA@@@@A@@@CHAD@DDHADCDCD@BBBBBFFDLDD@F@FEFEBEDEACAEGAAC@KCCAC@E@IFAFCBA@@BBB@@BBDDBB@BABCDBB@BJD@@@DCF@BDDLLBD@BCB@BABIBABABABG@AB@B@DBBBBABABE@AB@@ABAD@@@BA@ADABGBA@EAIAE@ADABABABABA@@@CA@AAAAAICA@krIF[L]DUHMDUTWfEJBFPLBBARGDGHGLENC`GP@DBBBB@@@B@@@B@B@@BB@@@B@B@BADHBB@BBFDFDDDBBDBBBDBD@BBBBDBDBBBBB@DBBBB@BBB@BBBB@@BB@BBB@B@B@B@B@BBB@@@@B@@@B@BA@@BCBABABC@CBCBA@@@AB@@BB@DBB@B@DBB@F@BBB@BBB@DBBB@BDBDBBBBBBBB@B@DBB@BB@DBDBB@"],"encodeOffsets":[[113087,40327]]}},{"type":"Feature","id":"610802","properties":{"name":"榆阳区","cp":[109.74791,38.299267],"childNum":2},"geometry":{"type":"MultiPolygon","coordinates":[["@@E_ODO@KGEICOBKHMLIPETFNLFP@PGNLNRGRALCTOTSL[LQPQNGNGTGNAR@NBTFPFLFN@ZBnDbEdERCXCVCZCRAN@JAHEJcAOCSBIPEZQNGNENAPCZKZ_BBLCDAD@B@@AB@@@B@BBBBD@B@B@@@B@B@@@B@B@B@D@DAB@@BB@@AB@@BBAB@B@B@B@@@D@B@D@B@BAB@B@FCFCH@F@JAD@DBJ@F@B@FAFCD@FDDBD@BBFBBBFFB@BB@@BBD@B@@@BABA@@@@D@@@B@B@B@F@B@@BB@J@DBB@D@FDBBD@D@D@FAHAFADABABGBE@CAEGI@AAC@OCG@C@A@C@EDEFEDCBAFA@AFCDAFCHEJGJGFCLIDABCBG@K@I@EBCBCDEHIJG@@DALAOOAACGCGCG@CA@EB@AAABE@@KCE@ICEAEGIGWMWISAIDOLIDC@ECCBIDGBEAEGCIEACBGFEVED@@CDCJGJCBICGEAEDQBGFICCCACAECCCAAECA@UFCBCCAAACAAAA@A@AR@D@DACEBCAAIAEAE@KHULC@CD@DAD@BABEBC@C@MBI@O@KEKE@@HEBIAGIOGKEAI@A@@BCBAB@@A@C@@BA@CDABA@CBA@ABAB@BA@ABC@ABCB@@A@@@CAA@A@A@@@@B@@@B@BA@CCA@@@@B@@ABBBA@@B@@A@@@A@A@@@CDA@@BA@@BA@A@@@@AAA@@@@A@C@AB@B@@BB@D@@@@CBCAC@CAAEAA@C@@CGAC@CDABADE@AACCCCA@C@CCGAIACAA@@GCAC@EAEEAKDCHGFG@A@KKGME[@QFuBOBQBSFMFMZJIPCJEPGLKDG@ADCHAHAJEFGFIAEIIAC@CBADCDABAFABCDABACAMCEIEG@GBEJCDCAEGIBA@A@ABCDIAEGCGBGDGHCDC@C@EACAEAC@ACACBEHIB@DBHBDBDBD@FBD@JADABABCBABAZEJ@JAFEACAAQACAACACOMA@BC@CJAH@FDP@FBFAFIFABEBC@@@EACEEACAAC@G@C@CBAFCBCB@@A@C@A@C@A@EBAD@DCBK@E@AADCDEBCAAAACAE@C@IBGB@@A@B@BDFBB@BBBD@@ADA@EB@@@BBBXBBBBDCJGDI@KB@HCBKDGBEAAABCBAFADA@C@CCE@ADCBCCG@A@C@C@@BAB@D@FABAB@@AFAD@BABADCHEHK@@@GGIQEOEKGGICKAQ@M@IBGBCHEdMHCHCDEBGBKDKdSbQ@C@ECEUQAC@CDEDGFEBABIBAPG@AEYACCCCAQ@CBABCDA@IHUVEFADGHGFMDEDGDGDEDABC@GAIGGAGDONEDGBE@EBEHKNGFCD@BBDlP@BAD@@CFELEL@@GJGFGHCD@BEFCHADGHED@DADADEDMDGDKFED@@@@ABCBA@IBEBCDMFGBG@C@GAC@EGAAAAEAE@CBIFGDID@@@@@@CBE@E@ECGAGACAC@G@EBC@G@IBG@E@I@G@CDEHCDIFGDQFKDG@IDG@EDGDABADABEBEBEBGBGFCBAHAB@BCBA@@BADADABADCBEFEBCBEBEBAB@DBD@@JPLLJHBH@FDBHAD@D@F@JCD@J@DB_xIVeRYVALDNGH]@OPIPMbORWR@@@@GFCFAD||LZAD@@@@@@AD@@@@AB@@@@ENMRC@@@@@SD@@@@K@iA@@@@M@cQKECAAC@CBC@@@@@@BC@CAACC@CEKHE@KMUIGMGOCoCW]EMCGEAEBIFQPWXOPQJiTYLG@QCCCKGUCa@WBcLEDC@CAIIMSKMCAGAS@EAAA@G@@@@@@A_A_BWDWDQ@GCUGoAWDKAEAECACACASDGBCBGLAFCDGDGBWFKBK@IAQCCAA@EBGBE@EC@@GDGNIDU@@@@@@@M@IEQEcFWJODCEBUG[ACG@KCC@CBE@KDIBA@CBA@A@A@CDABCB@BABCDC@A@A@@BA@@DA@CBCDEDABIJGL_fiFTcLC@C@C@G@KGwX±@@KJEFEFEHCBEHCFAD@D@F@DDFBB@FAHCHCHAF@DDDDBFBHBFDFDFLFFFFFHDHHHFHBD@DIJGJGFEFBFBJFJFHFHDJBHBFFFFDBD@BNLTtJ`HNJDHDLFJHPHJJLFJHDHDDDFBJBHBH@L@JCFADCFEF@F@BDDLDJDJFFHDBFDFDHBJBFDFFFFFFFHFDJFB@NDRPftJFDBJBNFLDJFDDJJFJDHFHFFDHBF@D@DDFHHHFLHJJHFHHJFHHHHHHJJFFHHHFHHHF@B@@@@@@@@@@FDLHBBDBDBHAHADAROZUFAHATEF@DBFFDDHFFJDDJFNFLHFFDD@DADGBEDGHIHIHKJIHIHCDAFAHAFBDDHDH@H@HDHDHDFDFJBLDLDNDLBHBFBHBH@J@H@JBFBFDDHBJBHBH@HBFBHFFFHHDFFFDJHFFFDLFDD@FAD@DBFBDFFHFJHJDJFFDFHHFFFFDFBH@BBHHHHHHHFDBBDBBB@BBBBDBD@DADADCBAFEBABABA@@BABAh_H@NNZPFBBBBBBBBBDBFDFDDBDBFDBDDBBDDB@BDFDDBBDDBBDBDBDBF@DADCDCB@DABD@BADAB@BDDBDDDDBBBBBBDBFBBBBDDBBBBBBDFDB@DBBBBBDBDBD@BBB@D@BTdT`BDBADCBAfkJMHCRGHILOPI`OXSHEDCDADCDCFCDCBAFCDAFEDC~cLERIXM`UPYP]AGKGqFCBCBABABIFCDCBGDGBC@GBE@E@G@E@C@ECC@G@CACACAGAICA@C@GCICCAAAC@ACEA@CAAACBC@C@CAK@CBC@A@A@IBE@CBGBABEBEBIFEDAFAHGDABCBABADADBBBDBB@HAB@\\AXM`U"],["@@KMOHF`JOLI"]],"encodeOffsets":[[[112466,39604]],[[112477,39591]]]}},{"type":"Feature","id":"610821","properties":{"name":"神木县","cp":[110.497005,38.835641],"childNum":2},"geometry":{"type":"MultiPolygon","coordinates":[["@@BC@A@A@A@@AA@@@A@A@@@A@@AAAA@CHOD_FMHKHGHCBQAAOKAEFIXeVSNCVG^C\\KJElqB@JDBBBB@BDB@@B@BABABABABCF@JBFBB@HABABCB@@A@@BCBA@@BAF@BABAAAAA@C@ABAH@BABABAJABA@ADA@AACKKCC@ADE@C@@IC@AAADCBA@AAACCAA@@AA@AB@DABEJEF@D@DBLDD@BBFHDBFBFCFAFE@E@ECCCKEEAAAA@ADCDCBCCG@CBCDG@@B@@@@@BBD@B@B@@@DAHCB@DA@@DAB@D@DBB@BBBDB@D@F@DABADCBAB@@A@AB@@CBA@@DAFADBF@D@FADCBCA@ECAAAA@@@ADAH@H@FADCDCBEBE@EBE@C@@@ABAB@D@B@B@@DFBFBBABADCHADAD@DCBABA@ACCBCAGAACACA@@@@@AA@@@@@MC@@@@CAEA@C@A@A@EBADC@A@ADC@CACAEAAC@C@@A@ABADCBCBADADABADAFAFAB@DABCBCBABC@EACACBCBADAFCDCDADCBCP[NKVElYLALGlFLCJEbQTCLGLORCPCPCFCDEAA@IBGJKDEFI@G@GGCKGA@E@CBCAAAAE@A@IDIB@HQDEDAJ@HCDCBCACACEI@ADCBABAHADCBA@@@A@AA@CA@@AAA@CBEAKAGAAAB@@A@EEGAABCAAA@GAAA@A@AFEDAB@FABG@@BCDABAF@BADAFBB@@@RDH@F@BC@A@AC@C@@ABADCBC@GHIDBBB@F@BBBBBD@HCJCD@LAL@HAFGHKLILCA@AACCECKIEGCI@MDMFIBEAECEIGGCIEGCCGGQCMCIEGEE@G@GBGHGLKFIBEACBEBCBCDCLCLCF@H@D@BC@EAEAEEEGECEAC@I@GDKBI@MCE@C@C@C@ACGCEECC@GAE@A@C@E@IBABCAA@AAAACACCEA@A@C@KBCDEBC@A@CAUAKBIFMBG@EEEGCKEICIEIEIAI@GDMHIHGBMDS@OBGAKEKGEICIAIAICIESSUGMEUBMAECGGGGCWEG@OCM@KCIGKIKKKKKOEIGKEGOIQEYAkDaBSAMEMMGOASBYCQGY@MBUAMAGACAAECGCA@IAK@QDIBGAIAAACDCDEDAB@@B@D@B@DBB@BD@BAJCFCDC@EAICKAC@@BABBBHF@B@BCFA@AACAA@OFOFCB@B@BBBBBD@HADABB@@AHCFA@A@QCC@A@EJEH@B@BD@JBDBBB@BADABA@KAM@A@CBABAD@D@BBBD@D@JCD@@B@BGL@D@BBBRHFB@B@DAHADABABG@OAIAEBA@ABAD@DBBDDJDDB@B@BCFCDCJCDCBMBGDCBAB@DBBNLDF@B@DADEDC@E@CAGGAAC@ABAB@L@H@BFDFDBBBB@DADABCBC@KAKCABA@@BBL@DA@ABC@GAGACBABAB@BBBNJBD@B@D@D@DCDEBIBKBCB@@IHGJCFADAD@F@J@LAHADCBKJEDIHIHGFEDCBED@BEBABCDEFCF@F@D@B@DDH@PBD@BHJBF@DAFAHABCBEBGBEBC@C@C@AAECC@A@CAI@A@@AA@E@A@A@A@@@C@@@@@ABAB@@A@C@AA@@AAA@EEAAEAAAC@CAECC@EDEBA@E@I@CAC@IBE@G@EDEDA@A@ABA@C@A@C@@@A@A@A@A@AB@AA@@BA@@AA@CBC@A@A@A@@@A@A@@@A@A@C@AAAAA@@@A@@BA@C@CBKDAAY`YLODMBMFMHYROFAJDTBPIdGFIBM@QBYDUDWDQDcFaFmCYAM@KEOESEMAQ@MBSHMHMHORKRK\\STSPKDQBQHKJIP_VWN[BA@GBA@CAAACACBABABADCBGHEBCBEFAJAFAFABAH@DAF@J@B@BAD@DBL@D@DADBDBB@DFBBDD@BBDBJDHDD@B@JDHBDBDBDBH@D@FDD@F@H@F@F@HAD@HAHCDADCJEBABADADArELHBHO^OZ_VWNQJKF}dCDEFCBEDABCDEDCDCDCBCDGFWT_POJKPGJQHGDINelABCDABHHPFAHADEPJ^BJIH]T@DNZD@bGHFFLFLHTjBBBBDDBBDBDDBDDDBBDFFDDDDDDBDBBDFDDBBBBDDBBFDDDHDBBFBD@D@DBJFBDDBBBB@FDBBBBBB@@BBBA@@XXTVfPB@BBBDBBBBBBBBBF@BBBRNRD\\GRGHOJIz@FF[h]^ALD@B@DBB@B@D@BBBBDBHFFBFDDBFDB@BD@B@B@BB@@BDBFDF@DBDBFDBBB@BBB@B@BBDBDBDBDDDDDBDBBBBBBBBB@B@@@@@B@B@@ABABABCBCBABEBABC@ABA@ABCBEDCDCBCBCBCBA@ABA@ABCDCBABCBABABADABABABAB@BA@ADABCBA@CBA@ABA@@BABA@A@@BA@@@A@@@A@AAA@AA@@A@C@A@C@C@A@ABA@ABA@ABABABCDA@ADAB@BAB@BAD@BAD@B@B@@BBB@@@B@BABAB@@AB@BA@@B@BB@B@D@D@B@BBBBDBBBDBBB@DBB@BBF@DBB@DB@@BB@BBBBBBBB@B@HCB@BA@@@@@AB@@@@@@A@@B@@AB@@A@@@AB@@A@@BA@@B@BAB@@@BAB@@A@@B@@A@@B@@@B@@@@@@@B@@A@@@@@A@@B@@@BA@@B@@@BA@@B@@AB@@@@AB@@@@ABA@@@@@AB@@@@@B@@@@A@@@@@A@@@@@@@A@@@@B@BAB@B@B@@A@@@@@A@@@@BA@@@A@@B@@AB@@@BA@@@@B@@@@A@@@AB@@@@A@@@ABA@@@@BA@@@@@@BA@@@A@@@@@@B@@@@A@@@A@@@A@@@@B@@@@@@A@@@@@@@@BA@@@@B@@@BA@ABA@A@@B@B@@@@AB@@@BA@@@AB@@A@@BABABA@A@@B@@AB@@A@@B@@A@@@@B@B@@@B@@@@@@A@@@@@@@@B@B@B@B@@@BAB@B@@@B@@BB@B@B@D@@@D@B@B@D@BAB@D@@@D@D@B@B@B@@AB@@@BA@@@@B@@@B@BBB@BB@@D@@@@@B@B@B@@@@@BABAB@B@@@B@BB@@BBD@BD@@B@BBB@@@D@@@B@D@BBB@@@H@DBF@@@BBB@@@@@B@@A@@B@BBB@B@@@BBB@@@DBB@BB@@B@@@B@@B@@@@BBB@@BB@B@B@@@BBF@B@DBD@BBFB@@BBB@@BB@BBB@DB@@B@BBD@@@@@B@BA@@BAB@@@B@B@D@B@@@B@@@@B@@BH@BBB@@BB@@BBB@DBBBBB@@BB@@BB@@@@@BB@D@BBB@DDB@BB@@@BB@@@B@BB@@B@F@B@B@B@B@B@B@FBB@B@BBDB@@B@@BBBB@FDB@DBB@DBBBBBBBB@@@D@D@B@DB@@B@@AB@D@DBB@B@BBB@BBB@BD@@B@B@@BB@BBBB@@BBF@FD@@B@B@BBF@DBB@D@BBB@BDB@BBBBBBBB@@F@J@F@D@B@FBB@DADA@AB@B@@B@@D@@BA@@BCBB@CBABCDCFAFAH@B@B@DA@@@@B@@@B@BAD@BABAFAD@B@B@@@B@BADADADAFAFEFCHADABADAFAF@B@DABCHADABABADABABGNADEBCB@DAB@B@DIPCDEDCBC@GAG@M@E@A@ABEHCHCJALAPAL@DCL@BBBBBD@@@BBDBBBBB@B@D@B@D@BAB@BBB@BBBB@BBDBDBB@DBDBB@BB@@@BBBABNG¢[LEJLL@\\MPQJGrDPABGYQMIDABAFAD@@AB@@@B@@AB@@@@@@@B@@@@@@AB@@@B@@AB@@@@@@AB@BA@@BA@@BAB@@@B@@A@@B@B@BA@@DA@@BA@A@@@@@@@@@A@@@@B@@ABA@AB@@A@@B@@@B@@@BA@@@@B@@AB@B@@AB@@@@A@@A@@@@@@@AA@@B@@@@@@A@@B@@@@@B@@@@@@@@@B@@A@@@@@@@A@A@AB@@AB@BAB@@ADADABA@@@@@A@A@@@@B@B@B@@@@@BAB@@@BA@@DA@@BA@@BA@@@@@A@A@@@@@@BA@@@@BAB@BAD@BA@@BAB@@A@@B@@ABABA@@B@BA@@B@B@BABA@A@AB@BA@AB@B@@@D@BA@@BA@AB@@A@AB@@@B@B@BA@@B@B@BAB@DAB@B@@ADABA@AB@DABA@@DA@@D@BAB@B@B@BAB@B@BAB@BAB@@AB@BA@A@@@A@@A@@@@A@@@@@@B@@@B@@AB@@@@@B@@@@A@@@@@A@@@@B@B@@AB@@EBABCDEBB"],["@@HM@OEOMKSEOFKJGNALDPFJLHP@PCPG"]],"encodeOffsets":[[[113036,40255]],[[112471,39584]]]}},{"type":"Feature","id":"610825","properties":{"name":"定边县","cp":[107.601284,37.59523],"childNum":1},"geometry":{"type":"Polygon","coordinates":["@@IAEAAA@AAC@E@AAAAAAACCA@AECCACGMCIAAAAA@AACACAA@CCCCAAAAE@CAA@AACCAACAA@EAcKGACAC@G@C@AAE@WGA@@ACAAAE@]BE@EAEA[SIEACAABAHMFCFCFEFIFCNCJADA@AAEEKAEBEFETIBABGBEJAXGJCDCBE@CAQACA@EDGBC@@CBEBG@ECCEAEBEJABGAOEACBE@@NCD@@IAKCCKGACAKACGAKAQKKIECCG@IGGECEAEBCBGASQGAOBKBEL@PCNFPBFCFMDG@EAAICIGCK@KBEDCJAPAFQCBEHOAAAAIAAAAIEUA_@QEMKOIKMGSCE@CBGHCBGBCAGAGCIBCBCAAAEEGAKDEDEBGAMAECME_K[IAA@G@MAEA@EBIDE@ECIIACAM@AAAA@@@CDA@A@@AAAAA@AA@A@A@@@AD@D@@@@AAAA@@A@@@@B@B@BAB@@A@@@@A@A@@@@@A@@CBCB@@@B@B@@ABABCBAB@BA@A@@BAD@@@BA@EBMAEBEDC@@AAC@E@A@AAAAAA@A@@@@BAB@@CA@AA@C@AAA@A@CBA@@@@CBE@ABE@@A@@@ABABA@ABGDA@AFAF@B@BB@BB@DADCF@FBFHXAPCPUh@H@JABMDC@B^InENAJEJEFCBGAGCGAABCDEBI@I@GAADBDBFHHDF@FAFCDCDG@IAIBIDEBE@OMGKCECAC@IBG@ECOQQOCGCAI@E@@C@EFCDABEAIAO@CDADBB@BABCAEECGASCEAKMBEPKFBFBDBFABA@CEIGKAC@@ACAA@AA@C@EBA@C@C@AA@@ABABADABABE@A@AACA@@A@ABABAB@@A@AAA@A@@@BB@BABABABA@@ABABA@AAA@A@AB@AA@@@A@A@AA@@@A@AB@@AAGCCEAAC@ABCBA@A@AACAGIAA@EAADC@@B@B@BBDA@@DCBAD@BBB@@DBBBBBDB@B@B@BC@@BABAFEBA@@BA@@@@@AA@A@AAAAAAEG@CBEFGDC@AAA@CBAJEZMDEBE@AAAEAEAA@CGECECIOCGCCC@M@GBAD@DBDABCDOHEBI@EAEA@C@EHGDEBE@CDADB@@BAAAAA@A@@B@D@B@BABA@C@CBC@CAA@A@A@AD@@ABAD@BA@AB@BAD@B@@A@A@ABC@EFIDIB@BA@@AAAA@A@CDEBA@@D@D@D@BB@@@DAB@B@D@F@BAB@BABBB@BBB@H@@BBF@BAF@L@@A@A@A@AAA@C@GBCBCBAB@D@B@FDBB@F@LBD@BBBD@D@BBBA@@@C@A@ADADADA@ABAFCBAD@D@D@DCBABA@A@@AACAAA@A@@@AB@@A@AAA@G@A@@BA@@@@@@AAID@@AA@@@AA@A@@@A@A@@@@@@AA@A@@A@@BA@@@A@@AA@BA@AB@@ABA@@@A@ACA@@@A@@B@FA@@@A@C@A@@@AB@@@B@DBH@@@B@@CCA@@AAC@@CA@AA@BAB@@@@ABA@@@A@@@@A@@@A@A@A@@@AAAAG@A@@EBA@@@@@@@CAA@@@@@@A@AD@B@@AA@A@@@A@@A@@BABAJAHCF@@A@@@AA@ACCAA@ACKAEDCFCBCBALCBCEICEAC@@BALEFEDIDSBIFCJIFOAM@ODI@GEOAI@EDAFA@C@CGMACCAKAUESGUOIICAAAC@AA@AA@@@@@@@@@@@@@@AA@@@@@A@@@A@A@AA@@AA@@A@AA@@A@@@AAA@@@@@AA@@@@@@A@@@@@@A@@A@@@@@A@@@@@@@A@AAA@@@@@AAA@AAA@@AA@@@C@@@@@AA@AA@A@@@CAA@AA@@A@A@@AA@@BA@A@AA@@A@A@A@@@@AA@@@@A@@@A@@@@@A@@A@@B@B@@@@AB@B@@@BA@@@A@A@A@@BA@A@@@CBABA@A@@@A@AB@@A@A@@@EBC@ABA@C@AB@@A@A@@BAD@BABA@@BA@@BA@AB@@@@@@AB@@A@EB@@ABA@A@[BIAE@YSC@G@G@EBCBObAFIFCFH@DDFHBHAHMHKJmbSXUHYCKCCAICECE@IAIAGDEDKDG@I@GAI@IBBIBGBEDCFYTIFEDGAEACC]QAAC@C@ABATAFCBGBC@CBA@@@B@@BB@@@B@@@@BB@@@@BB@@B@@@@@@@@@@@@@@A@@@@@A@@@@@@@@@@@@@@@@@@@@B@@@@@@@@@@A@@@@@@@BB@@@@@B@@@@@@@@B@@@@@@@B@@@@B@@@@@BB@@@@B@@@@@B@@@@BB@@@@@@@BB@@@@@@@B@@@B@@@@@@@@@@@@@@@@@@B@@@@@BA@@@@@@@@@AB@@@@@B@@@@B@@@@@@BB@@@@B@@@@@@AB@@@@@@@@AB@@@@A@@@@@BB@@@@B@@@@@@BB@@@@@@@@@@@@B@@A@@@@@@@@@@B@@@@@B@@@@@B@@@@@@@@@@A@@@@@A@@@@@@@AB@@@@@@@@@B@@@@@@B@@@@@@@@B@@@@A@@@A@@@@@@B@@@@B@@@@@@@B@@@@B@@@@@@@@A@@@@@@B@@@@@@@@A@@@@@@@@@@@@A@@@@@@A@@@@@@@@@@@@@@@@@@B@@@B@@@B@@@@@@@@@@@@@@@@@@A@@@@@A@@@@@@@@B@@@B@@@@@@@@@@@BBA@@@@@@@@@@B@@@@@@B@@@@@B@@@B@@@B@@@@@@@B@@A@@@A@@@@@@@@@@@@@@@@B@@B@@B@@A@@@@@@@@@AA@@@@@@@B@@@@A@@@@@@@@@@@@@BB@@@@@@@@@@@@A@@B@@@@@@@@@@@B@@@@@@@BA@@@@@@B@@A@@BA@@@@@@@@B@@@@@@@@@B@@@@@@B@@B@@@@A@AB@@@@@@@B@@@@@B@@A@@B@@@@@B@@@@@@@@@@@@B@@B@@@@@B@@@@@@@@@BA@@@AB@@@@@BA@@B@@@@@@@B@@@@B@@@@@B@@B@@@@@@@@A@@@@@@@@@@B@@@@@@@@AB@@@@@B@@@B@@@@@@@@B@@@@@B@@@B@@@@@@@@@ABA@@@@B@@@B@@@@@@@B@B@@B@@@@@B@@B@@@B@@@@A@@@AB@@AB@@@BB@@@@@@B@@@@@@@@AB@@AB@@@B@@@B@@BB@@@B@@@@@@ABA@@@@B@@@@@B@BB@@B@@AB@@@BA@@@A@@@@@@BB@@B@@@B@@@B@@A@@@AA@B@@AB@@AB@@@B@@B@@BB@@@@@A@@BA@@@@BB@@@B@@B@@BB@@@@@@ABA@AB@@@@@@@B@B@@@B@BA@ABA@A@ABA@@BA@B@@B@@B@@@B@@@@@B@@AB@B@@@@@BB@B@@@BBD@@@@BB@B@@BB@@@@@BB@@B@@@B@@@B@@@B@@@@@@BB@@B@@@@@AB@@AB@@@BA@@B@@@@@B@@AB@@@B@@@@@B@BA@@@@B@@ABABABA@ABABABBB@BB@BBDB@@@B@DABAB@BAB@D@B@@@@@BA@@@@B@@@@@B@@@@@BA@@BA@BB@B@B@B@BA@AB@@A@@BA@@BA@@BA@@@@B@@@@D@B@DABAB@DBB@FABABAB@B@@@@@@BABABC@ABABCDAB@DAF@BB@@@BBD@@B@@@BA@A@A@AA@@A@@AA@CBC@@@@B@@B@@BB@@@@B@@BBB@@@D@@@B@B@@@@@@B@@@DAF@B@@ABABA@@BA@@BBB@@BBB@D@@B@@B@@@BAB@@@@AB@@A@@@@B@@B@@@@@@BA@@@@@@@AA@@@@@@@B@B@@@@A@@@@@@@@@@@@@@@A@@B@@@@@@@@A@@@@B@@@BA@@@@@@@AB@@A@@@@B@@@@A@@@@@@@A@@@@@@@A@@B@@A@@B@BA@@@@BA@@@@B@@@@BB@@@@@@AB@@@@A@@@@@@B@@@BA@@@@@@@@@@BA@@@@@@@@B@@AB@@@@AB@@A@@@@B@@ABA@@@ABA@@@@@AB@@A@@BA@@@BBB@@@@BB@@B@@B@@@@BB@@@BBB@@@B@@@B@@AB@BB@@@@@@@@@@@@A@@@@BBB@@@B@@@@@@B@@@@@@@B@@@@@@@B@@B@@B@@@@BB@@@@BA@@@@@@@@@BB@@@B@@BB@@@@BBB@BB@@B@@BB@@@@@B@@@@@@BB@@BB@@@B@@@@@@@B@@@@B@@BB@BBB@@BB@@@@@BB@@AB@@@B@@@BB@@B@@@B@@@@@@@@@B@@A@@@@@@B@@B@@@@@B@@@BB@@B@@B@@@@@@@B@@A@@@AB@@@@@BB@@@B@@@@@B@@@AB@@@@@@@B@@@@BB@@@@@@@B@@A@@@@@@@@@@B@@@@B@@B@@B@@B@@@@@@@@AB@@A@A@@@@@@B@@@@@@@@B@@@@@BB@@@B@@B@@@@@BB@@@@@@@B@@@@A@@@@@@@@BA@@B@@@B@@@@@@@@BB@@B@@@B@@@@@@@@B@@@@A@@@AB@@@@@@@@@B@@@@@BB@@@AB@@@@@B@@@@@B@@@B@@AB@@@@@@@@@@@@@@@B@@A@@@@B@@B@@B@@@@A@@@A@@@@@@B@@@@@@@@@BB@@B@@@@A@@B@@@@@@A@@@A@@@@@@@@BA@@@BB@@@@@@@B@@@@@@@@@BA@@@@@A@@@@B@@@@@@BB@@@@@@AB@A@@A@@@A@@B@@@@@@@@@B@@@B@@@@@@@B@@@@@B@@@@@@@@@@AB@@@@A@@@@B@@@@@B@@@@@B@@@@A@@B@@@@@@@@@B@@A@@@@@@B@@@@A@@@@@A@@@@@@B@@@@A@@@A@@@@@AB@@B@@@@@B@@@@@@@B@@@A@@@@@@@@B@@@@@@@B@@@@@@A@ABA@@@@B@@@@@B@@@B@BA@AA@@A@C@AB@@CDABCBCBCBCBCDGFCBCBCDABABA@GFOHIH@F@DFDLBJBJDFDHATEF@BB@@@@@B@B@@@B@@@B@@@@@BA@@@@@@B@@@@@BB@@@@@@B@@AB@@@@@B@@@@@B@BB@@@@@AB@@@@@@A@@@@@@@@@@@@B@@@B@@@@@@AB@@@@@B@B@BA@@@@@A@@B@@@@@B@@@@@B@B@@@@@@@@@@@@@@@@AA@@@@@B@@A@@B@@@@@@@B@@A@@@@BBB@@@@@@@@@BA@@@@@A@@BA@AB@@@@@@@@@B@@B@@@@@@@@B@@@@A@@B@@A@@@ABA@@@@@@@@B@@@@@@@BA@@@@@AB@@@@@@@B@@@@@@@B@@@@@B@@@@A@@A@@@@A@@B@@@@@@@B@@@@AB@@@@@@IDADKFKJELK\\GX@HCHABBLDFFJBJCXAD@H@FFJN^FTNzBJBHBH@J@JAJ@F@T@L@HDHFFHHLDJBHDHDlZHFLHHHHHBDDNBFDDFDBDDHDH@DBHDN@FDFBHBHBDBDBBAHEHABEAmKIBIBCB[fADEFCD@@B@B@B@DADADAJAF@BBBBBBfADDLDHDHF@BCF@DBBFBDDFDDDHFhhFB`EHADDBV@FCBE@yJ@DCJAHCFBFDFDBN@NBH@JALGJEFAJ@HBJBLBHBHBJ@JBFBHFRLNNHPDNDXAH@B@@@@@@APH^JLpNJBLBN@HBJ@FBJ@J@J@J@LFNHF@H@@@@D@B@BE@C@CAC@CBEDAD@BB@BBFFDDD@D@BA@A@EAC@@DADAFBD@BBD@DEBCFCDEDGLCL@hhLTH^TrC^@@GFCDCBFBLDdPDFFLDHD@L@D@FE@@CCGG@CBCBAF@TEJCPKPOJIFCJCFCD@LALC`CHAFAJCLCD@TAbIB@BBBBBBDBD@H@LADAD@JCJGDCBAD@LExU@@B@@BBBHFBBB@D@DAFAFAFAFAHAD@B@DA@@@@@AA@@@BADAH@NINGLAM@A@@@AC[@K@@@A@@FITYBA@I@@AI@A@@BAD@F@F@D@D@@@HCJMDK@Q@GBCJGDEDE@ECIAIKQGK@A@CJKHODABAH@fDPBJAFARKJCRAXCVCPELENMLGH@R@NDLHJHLFP@LAJBJHJNHPFFHDTH`FXBdATAZELGJQHMFETGGACEGEAEACBEBG@CMIBOBM^qPS\\WHIDCFMFO@SAICiCo@CDCFEVGFENO@CCAC@AA@CAEAAEAC@@A@EBCDA@AGK@A@ARIDEBCFE"],"encodeOffsets":[[110971,38306]]}},{"type":"Feature","id":"610826","properties":{"name":"绥德县","cp":[110.265377,37.507701],"childNum":1},"geometry":{"type":"Polygon","coordinates":["@@BGAC@CHKT_NQDEJYDE@G@KDIJCLBRBH@FCAGCIDGHCH@JHH@DCDGCEKIMACE@EF_@EACYCCACCBKJCHCLOPOR@CDODIJI@@@@HIFANMFE@AACAEACAA@@CBGBGDC@GCMCKAA@A@BABEBE@AAC@A@@BCBA@@B@FABABC@C@ECC@CBC@@B@J@BAFAF@N@D@JAFCHCFGBG@CE@GAKCGECIAUCKCGEKEIAMAQBUHMNKVE`CN@PCZGHCBA@AB@@CBAAGCKIMKEKEGCAE@EDIHINM@I@GCEICEAOBM@G@@BGFMLELCLAPADE@gEKAE@EBGHKPKNCFE@EBSFIDM@EAGIACDCRKHALAFCDC@IEIGGIEEAUAOCCEACBEDG@AECIAO@KBGDCDCJCFCFIHQBA@@AIECAA@A@ABEH@BCBA@MEEGCAA@cPEFEFA@C@OAWCQEKAQ@MDOHibIFubKJOFCCECCACQIOECI@GAGCWOGIEGG@A@CDCPAP@ZBFTHDDJNFLCPEP@FDHNDNAHNIRQVIBMBMAGDGDYCICCEEIKCWCcMIAMAK@IDMPKXEDIACAEGCIAMEGSKGPUh@@@@QdAPBXAHENKLCFG@ODS@MBBJHJRLRJRDXPFLBL@NDPBRCHMLGFELKNAN@PBJ@@@@DR@PBPCZGRCNCTD`FXDFNDNFFFBF@HAHGL|CLLHDFBJCJGHIHCLILKRQVURIJAFAHDFBT`DDFBDBDBBDR`RTJ@LAJEDITAPFVHXFZ@FAZQNGHIJAbNbLJLFR@J@JFFDDRHVHTJjTFBjARWBC@EEW@CDADAD@NND@NANCJ@H@FARM"],"encodeOffsets":[[113199,38623]]}},{"type":"Feature","id":"610827","properties":{"name":"米脂县","cp":[110.178683,37.759081],"childNum":1},"geometry":{"type":"Polygon","coordinates":["@@D@D@DADEBECKCE@GDCDCHE@EAGDIBEJ@DAD@BA@AAEAE@EJM@CDADBB@F@FBB@D@NGNELGHGVy@K@I@GDIDCJ@J@J@RBPC|SFAB@F@FBB@DA@@BEDCHCJAFC@A@AGEAA@ALCFGBAF@D@@B@B@D@B@BB@F@F@FCB@B@FBDB@HDH@F@BHBDABA@A@A@CDA@CBE@ABAD@@ABAAG@C@EAK@GBEBCD@D@B@DAFCBA@C@@@@@E@M@GBEHGTMFCDCHCJ@R@FCDEDCHEHCHARCNGJEHCJGFGVQTKHEHODGBIKMGIDKHED@H@DDHHD@FCRYNIBEIWEEiBEAiSSIUGQGCCEE@I@IEQIKaKaMIBGJMHYREBY@WEUGOESBCJIFKBI@QSQ_ACCACAEACCS_EAGCEBIBQJUVQRKLKJGDGJIHIDEAGCKK{DEDIBQ@SASBoFSDA@OCCCCAA@A@ABCBEDI@Q@U@C@CAECCAA@CBEBABAB@F@DADCDAFCFEHCDEBE@E@ABABABAFADEDA@GAC@A@AB@BAJBJBFBFBDAFAB@D@BBBBDBBAB@@CBA@A@A@CA@@C@A@AAACCGCE@@CAA@C@@B@@EHADCBC@A@CAEACACAAGA@A@ABGN@F@F@BA@GAA@ECAA@BA@AFEV@FADCBC@CACCEGCAECEACAE@E@G@K@C@CAC@@@EF@BA@AA@@A@AD@@FbEFMFGFCHBVFJFDH@JCFCF@DBVJXPBDBJAX@HBB`TF@F@V@HANCF@D@BD@JBBDBFCFCNAFABA@@AGEKIKAA@EFCFADEDCDBDHDH@DCFCDBFFPFFLRFBJ@D@DHDDJBH@BAFGDAH@FBBDFL@J@BBB^BJ@@FKFKDE@@BC@AkOAC@ADCHELMFGFAF@HAFCPMHCHBJHHBD@BAFCHCHCFCNCHEHGBCFEVUJGB@DCBADAR@DBDDBDFZ@BOHABAJABEFCHCF@DBDVRDF@F@DaRcTCLALAHCFGDGDcNGFADAH@J@NBRDLHJLHPFRFHJ@H@@GLGFCDABABC@EB@BA@ABEBC@A@AB@@@D@D@BDHADCD@BDF@D@DCBEBABADBBFBHALCDA@GLAJ@HCDIACAAWAAA@A@@FAB@BC@@ACAAA@EAACA@B@@@HAJAD@F@DBBBBBADCFCDBBF@L@DA@CBCFAB@D@B@D@B@@@DADABEDAD@H@D@BBBDFFBD@F@@ADAFEBEJEBEAO@ECG@IB@DADB@PNBDBDDBRBBBBDEFIBI@YFABABADABCBIBC@EAC@CACAGACAA@GJAFBDBDD@FBDBFBD@D@DCHGHCHAHDBFCJAD@B@BABHJBFCDIDAF@HFHFJNDDB"],"encodeOffsets":[[112773,39005]]}},{"type":"Feature","id":"610828","properties":{"name":"佳县","cp":[110.493367,38.021597],"childNum":1},"geometry":{"type":"Polygon","coordinates":["@@CAGGGIGOAMAS@YBQDMJOJQBKAICGQSOOAI@K@CFKFIDM@K@KISCO@G@KDKBIHIHCLCFCDEHMDG@ECEKMEIAI@KDIHKLGHCNGLEDCD@HCNCHAH@D@B@B@BAD@HEFCNELGNSDIDIBGBEDADEFGX_JGDGFEAC@C@ABAFABAHIPQHSJQ@SBGFIDCBAHCJIJEdMbKVEVI\\SLIHI@EAEGIGGIASCgGQIGK@K@AMAQCICKBABCHIFKFIAIAAAAIBI@ICCEAE@GBKDQLGDMBIBICIKGCEAK@C@IBEDCFAFADGHGFIFK@UEQNEBG@I@MDMBC@MMC@CBCB@DFX@FADQXFFJXAFMJQZEDC@GGCCG@C@GFCLHJLNAJCHGPGFSLUREHIHGDIFMHQDGBGDGFCDCFEDQ@I@GDCDEDSNGHAF@H@N@F@@@@@DABEDCBA@C@C@ADAF@HBL@F@DBHAB@BC@AB@BAF@DCB@D@B@BABCBGA@A@ECG@GCAEAA@A@EDE@E@A@@A@A@C@A@AC@E@ABEHKD@BBBHF@B@BEDIBGDCDAF@@CBA@EAE@A@EB{TODQAI@I@I@CDCJ@H@J@LUzGHKHMFMHC@A@EAE@A@CACB@DIN@FBFBF@BABC@CBI@AFCJBH@FGFCDCD@HDFDLAFCFCBC@C@ABCBADEBABCBCDAB@DBDJJBFEJEHIFGBGBCD@BCHKLOHIFODIJYENENATARAPEv@RF\\HNLLB@H@HEDGLCFBBF@FBDHD@@BBBDBJDH@D@DDBDDBD@BCFABCB@DBDDH@@@DBBBFDBD@DBDA@@@@@CAA@@@ABAD@B@@@@@BB@B@@B@B@@AB@@AB@DC@@B@B@@@B@@@@AB@AABA@@@A@@B@DDB@@A@A@@@A@@B@B@B@DB@@B@@@DABAD@BAB@@ABABAB@DAB@BADCB@@AD@B@@@BADA@AB@J@FBHLJPBHAJGF@@LFLFP@J@NAD@D@FABA@ABC@CDCD@VKLGF@FBJBBBADDFCBC@Q@@B@BBBBBBDBBDDDAVEB@FDBBDDFDDBDBDDEJAHCRBFHFJDDAHIDIDC@@FCFUHEDAFBDJFHFBHAJCDAFDD@JCPKJCTBXJXNJHFHFBJDF@LD@@AFBB@BFAB@@DDHDHDHBBPPJAFADC@C@C@C@AACMIAA@ABABADAHBHBD@BAB@@CAK@AB@BALDLBD@DABABC@CAAAAECEC@A@G@KBABAD@BBHHDBF@D@FCBC@C@ACEMKAA@CBADAHCNADADCDIDCDE@A@ACAICCCAA@CBCBAB@FAJBPBH@BABABCBG@C@AEAQGAA@A@CHK@A@AC@IDC@C@AA@A@CBCBADAB@N@LBB@BABC@AAACAIAC@@A@AFGFIB@D@RDB@B@DEBG@@AACBGBC@AAAA@A@ADAPEPEB@DBBBB@DE@A@AGEAABA@AD@LBJDFBD@DCDEBI@AACA@CAA@C@A@@@BAFCDCDC"],"encodeOffsets":[[113176,39127]]}},{"type":"Feature","id":"610829","properties":{"name":"吴堡县","cp":[110.739315,37.451925],"childNum":1},"geometry":{"type":"Polygon","coordinates":["@@FKLIZKPELETAXCRCLELIFGLGNKBC@CCGCGIEGCG@I@I@EACCCGAIBEFKFGBEBIBI@CAG@M@C@CDCDERSNOFGBGAGIIGKKGKGEAACBG@IBGAGCCGIEIEIAMAI@KBGBG@GAEGMCICICCGCIAGAO@K@ICSAOASAOCOA[@@DAHEHGDEDIBC@M@E@EBABI@A@@@AD@DDD@F@DADABEBA@@@ABAD@@@BBD@BAFAFABB@B@LBNDHDD@HCHADA@@BBBDBFBD@BEFMNEBGJ@@@@IJCJCP@DQOPKPGDIDALDDDBZDBD@FE`@FDFNBLJDFCHCDG@IGG@GDCHDJBHEDG@QAKAIDCJ@L@HCFIZCFMRS`GL@DBDAHVFL@JEHEHGBCBEDEFCJAD@L@FBHDJLJDJANAHCRKLCHAF@FBDD@JAJBJBBJBJBLEJEDGBALAJDRDNB"],"encodeOffsets":[[113361,38617]]}},{"type":"Feature","id":"610830","properties":{"name":"清涧县","cp":[110.12146,37.087702],"childNum":1},"geometry":{"type":"Polygon","coordinates":["@@AAECCECK@MACAICCCEKEEEEGCMEGGGOKIIKMIIIMQUKKOOYWYOMKGEGGCE@GAE@GBGBI@GCEGIEEOEQGECIEGEEEIMEICCKGEGCCCGKQMKICKAMBM@KAGAICCCCCAG@CBABADAHCLATAH@FAFEBCAGCEECGAG@I@KDGFMLEDGDKBKBSAG@ECECAEBIBEHILINCNEHAFEHIHMDGCAACAAACE@C@E@A@@BA@C@A@@A@A@CGEEAC@CACAE@GBEBABCBAA@@GG@AAEAACA@A@ABA@A@CACC@A@C@@B@BAB@DDD@BCHCDAB@FBD@@EJGNQNIDMBM@QMMKGCUIO@OFAJELALMHWFKJMNUFcJ[DS@CAGKGKCIEGKEQCSEEA@@@@MEUEOEOAEFGHGDO@SFEJIJGJILILIFKFOFSJIJALATBPEPGRENEHGLCPCBHPBNFNFLFT@N@HCFGBKAECQMEACEAEEACBGJMRCJ@FBFJR@J@@@@BLEJMLGJKLMLGJBDJFRDJALIFKLCL@J@\\JFHBJ@LDJHJFHFNBLBZAJADGDCB@@EDA@G@CBABAB@B@B@@AD@H@BBDD@D@B@@A@CBABAJ@BA@A@AAABABCDAB@LAD@B@DB@BBBBBB@D@@A@AB@BAHDD@F@B@BBBBB@ABDFBBBBB@B@B@@F@BADCD@@@BDD@BBDB@ADBD@HFJLJJJFJFFBD@ZCF@DFRHFJFHDBF@LJPFJFDHBLDJ@XIBBDFTLFHBNDJFHDBJBFCLWNOJCL@NBJBdNXDLDFJDFJDZDHCHCNBNAJARUJQGMMBMCCG@EFODOEKIMCCSGAE@YBODODCB@H@FHHJXPHDHBJ@FDJPDRDBFDDDPELIvaJEjaPGNCR@LBRFXDPBD@B@FEFEdOB@DBFHNFB@DA@AFGBAB@B@DBJF@BB@RAJGDEDEDIDCHCLAP@JBFD@BCHAFBDDFPDVBFBJFHHFJ@JCDEDKBGBQLCDBDHJFBN@JCTEFAF@DELMLOHGFAF@LBhFF@BCBODKFKNKHE@A"],"encodeOffsets":[[113318,38177]]}},{"type":"Feature","id":"610831","properties":{"name":"子洲县","cp":[110.03457,37.611573],"childNum":1},"geometry":{"type":"Polygon","coordinates":["@@HKBG@GAEEEMEMCCEEWC_DSDMHQDYAO@OCQ@@@@AI@OBMLMFKHENKDGAQCO@MAKEKWOQCQIQKGIAINAT@PCH@DELKFMBGAWBORc@@@@VgHOCEAAWJI@KCGAECEIIO@KAEGCIEGEEQ@CDE@YACEEEIIIKIEI@GACBCA@AC@ACC@A@@DCBC@A@EA@A@A@AAAACEBAA@AAAAA@E@C@GCABA@@B@BC@A@AAAA@ACAA@C@KBA@CBADABBB@B@BABI@ABAB@D@BA@C@C@AC@A@GBC@@@AICEGC@E@EBCBGACBAB@FEN@@C@CAGECCE@I@OFCBEHEDMDIDQDGDEHCN@BAHALGLCBAA@WCCOIGGACHUFGBA@CEK@GAAE@GB@DARAFEBAAEKIGCAA@C@ABABCBA@GAGAC@IBKFSHSGGEKIEIMIKFQHcAANEDIAKCEBBHFJJNJPHNHTB@DBDBB@B@BABEBG@AB@B@FBD@HAD@F@B@DB@@B@ABAFAJ@D@BD@BDAFIPCJAHAJ@H@DA@G@@BBB@BB@ABEBAA@@@CDGBA@ACAOAE@A@EHAB@@@@ABEJAH@BABA@@B@FBDBDBD@@ADAF@B@@BD@@@BA@E@G@AB@B@DDHDFDD@B@BMJA@C@ECECCAC@EBKDGBEDEDAB@DBDAJ@B@BFHBFBB@@BDADOPYFSEMCsMMAOAIDI@SBCAKGQFEDC@SDMBYNOFG@EBKNGLCLAHOFOHQLEJOFMBQ@G@OHCLILjBF@dJhLXHNLDFHLHHLHFBH@FAD@BDBHAFIFWVIFADEL@H@BB@JELINEHAFADBFJFNBJGTGFEAEBADEVEJAFBDLBL@TCPGHCF@PHLDLDRBDD@B@DGFEFADBFBD@BIFCJCJCJGFADCD@DDFRRBFAH@HBFDFHBT@H@LADCHOFIHEHAJ@DD@DBJFHDLDHTTNHVNNLFFBFJL@@@@BD@B@DCDAD@BBDFF@DIVCBGDCBC@MGABABAN@@@@@@CN@TBHFPBBB@BADEFGFIFAHAJ@FALADADB@BBFBFBB@@HFFF@BB@B@D@B@B@B@@B@HBB@BB@@@DCDCJGBCDAB@BBBBBBDAHADA@A@@AC@ABA@AB@D@BBB@FADCD@B@B@FBH@H@D@D@BAD@B@BBRCBCB@@@BBB@@AFE@@D@DBD@L@H@F@F@DBFBFDDBFHDDDBD@DABC@EFUBEB@@ABBFDB@HBB@@A@E@EHMBAB@B@BHDBDBFBDBB@D@DABCFG@@@AD@B@DB@@DFDHBDBBB@D@@@DBB@B@B@DA@@BAAAACAA@A@CBABEACAEAEAIBI@ABAB@D@HBB@FCBCBEBABABAF@F@FADCFGDEBEDCBC@C@EBABAFADAB@DBFDDBD@V@R@J@FCDABAB@B@DBDDPDB@TCpETATBR@JAFC"],"encodeOffsets":[[112761,38606]]}}],"UTF8Encoding":true}