{"type":"FeatureCollection","features":[{"type":"Feature","id":"610102","properties":{"name":"新城区","cp":[108.959903,34.26927],"childNum":1},"geometry":{"type":"Polygon","coordinates":["@@@B@@@@@D@D@@@@@@@@@@@B@B@B@@@@@BB@AB@@BB@@@@@@@B@B@@@@@D@@@@ABB@@@@@@B@@@@@@@B@@@@@@@@@@@@@B@@@@@B@@@B@@@@@@@J@@@@@@@B@@@@D@@@@@B@@H@@@@@@F@@@@D@@@@@BP@@@@@L@@BDBD@@CD@BB@DA@@BL@@@@@@@B@@@@@@@@A@@@BB@@@D@N@B@BAD@@@@@@@B@BA@@@@@A@@F@@EJ@@CB@D@BBB@HDF@D@B@B@BA@@B@BABA@@BCBA@A@A@C@G@C@C@C@@@@@@@@@ABA@A@A@ABCBC@C@@@@BEBCBA@C@A@A@@@A@C@G@E@K@EK@@DA@@B@@@DO@@@@@@@@LCA@@E@I@@D@@@B@LE@@@@@E@@@@@A@@@C@A@@@@@@D@@@@@B@@@B@@@@@H@@@@@@@@B@@@D@D@@@@@@@@@B@@@@@@@B@AJ@@@@@@@@@@@DE@@DG@@@@@@@@@@@@@OA@@@@@@C@@@@@C@@@C@@@@@A@@@@@A@@@@@I@@@A@CB@@@@@A@E@@@@@@@E@CC@E@C@C@@@@@@@C@A@G@@@A@@@A@@@A@@@@@G@@@C@@@@@A@"],"encodeOffsets":[[111562,35082]]}},{"type":"Feature","id":"610104","properties":{"name":"莲湖区","cp":[108.933194,34.2656],"childNum":1},"geometry":{"type":"Polygon","coordinates":["@@@A@@@@@C@@E@@@@@@@@GA@@@@@C@@@@@@A@@@@@@@I@@@@@@@A@@@A@@@@@A@@@@@@@@@@@@@A@@@@@@@A@@@@A@BA@@@@@C@@@@@A@A@@@@@@AA@@BAA@@A@@@@@A@A@A@@@@@@@@@@@C@C@@@@@AA@@@@@C@A@A@E@@@@@@@@@E@@G@E@@@A@@@A@@@@C@A@@@@@@@A@@@@@@@A@@@E@I@@AEA@@A@IACAAA@@@@A@A@@G@A@@@A@@@@@@@A@@@@AB@@@@KFEB@@@@@@@@CBA@AB@@A@@EG@@@AAAA@CE@@FFF@@FDABA@@B@@@@AB@@@@@FA@K@K@G@M@K@I@@DAF@D@@@@@@@B@H@B@@@@@B@B@D@F@F@B@F@B@@@@@H@@@@@F@D@HlE@@@@P@@@@@B@@@B@B@B@@@@@B@B@@@@@B@D@@FD@F@B@N@N@D@R@@@F@@@L@B@D@@@@@J@J@@@@@B@@@@@D@@@B@@@L@"],"encodeOffsets":[[111569,35116]]}},{"type":"Feature","id":"610103","properties":{"name":"碑林区","cp":[108.946994,34.251061],"childNum":1},"geometry":{"type":"Polygon","coordinates":["@@B@@@@@D@@@H@@@@@B@@@B@@@B@@@H@B@D@@@@@@@D@D@F@D@@D@F@@@@@@@F@B@@@@DAB@@@J@@@@@B@@@@@B@@@@@D@@@D@@@@@D@@@@@@@PB@@@@@@@@@@@@H@@CF@@C@@@@@@@@@@BIA@@@@@@@A@@@@@@@@@C@C@@@A@@@@@@@@@@G@@@@@A@@@A@@@@@C@@@@B@D@@@B@@@@@F@@@@@F@@K@A@@@CS@UI@@@@WI@@@@A@@@@@AAKCA@A@@@A@@@C@A@U@A@@@@@A@O@@@A@@@@@@@@@@@@@@@@@@@@@@@E@@@@@G@@@@@@@@A@@@B@@A@@@@@@@@@A@@@@@@@A@AB@@@@@@CBA@EBED@@A@CB@@@@@@EB@@@@ABEB@@@@@@@@@@@@@@@@@@@@@B@@@@@@@B@@@B@HB@B@@@@@BBDBJBB@@@FB@BJ@F@@@B@@@@@@@B@@@@@@@B@D@@@@@@B@@@B@@@F@HF@@@@@@@@@F@B@B@D@@@@@B@"],"encodeOffsets":[[111562,35082]]}},{"type":"Feature","id":"610112","properties":{"name":"未央区","cp":[108.946022,34.30823],"childNum":1},"geometry":{"type":"Polygon","coordinates":["@@K@@@A@@@C@@@@@A@@@@@I@I@@@@@C@A@K@@@E@@@Q@C@M@M@A@E@C@@EC@A@@@@@A@A@@@@@A@A@A@@@A@@@@@O@@@@@kF@G@C@E@@@@@G@@@@@A@E@A@E@E@C@A@A@@@@@A@G@A@@@@@@@CBEC@@A@@@AK@@BC@CA@@@A@@@AC@@A@@@@@@I@@@A@A@AA@@@@ECC@A@ABAFECW@BDBLAJ@B@BBBDDBD@DBB@JW@@@ABAF@F@BCFKDCFADB@DB@BB@BD@D@BADAFCD@B@@@@DD@DBF@F@BAFBFAB@DAD@B@D@@@DDBDBBDCDAB@BBB@@B@D@B@BB@@@D@B@B@@C@@BDHBNFDLJFDF@VEF@FFBDDDHBDBBDFDDDFDFDFFDBDBFBF@HBF@J@LAH@HBHDHDHHFJDBHBTA@@N@JDFFHFJDLFLJDDDBDBHDHDDBB@FBFDFDB@FBFBFBFBH@LADALBPAJAAAAE@AACAACAA@AAACEAAA@A@C@@AAAABAAABE@ABEAC@G@ECE@C@CBEAE@CAE@C@ABC@E@C@C@E@G@I@AAA@A@GBE@EBEBCBCDADA@@DCFCDATIJEJGII@A@@BG@@@@O@@@AA@@@@DAB@@@AA@AA@AAM@A@@AA@E@A@A@OG@@AA@AC@@@@@@GK@@CK@@@@@ABA@@@@@@@C@ABA@M@C@@@A@@A@@@B@@@@@@A@@@@@@@K@@AB@@CAAC@@DC@CA@AK@@@@@O@"],"encodeOffsets":[[111569,35116]]}},{"type":"Feature","id":"610111","properties":{"name":"灞桥区","cp":[109.067261,34.267453],"childNum":1},"geometry":{"type":"Polygon","coordinates":["@@CACCA@AA@ABABA@A@AAAAAAEACACACACA@AC@ABA@CAAEAEAC@AAC@CCAACAC@@CAAAC@C@A@ALAB@BABC@A@C@ABA@@@AB@ACAAAA@@@AB@@AAA@A@@@AA@CAAAAC@A@AD@@ABAB@@A@ACA@AAE@A@@B@DA@ADAF@D@F@@@BB@B@@FAB@@A@@BADBB@@BB@DA@@@BB@B@D@@@BA@@@@@A@AB@B@@@BA@ABAD@BAD@@@AAAEAAA@EAA@@ABCAC@A@ABABAAA@CB@BC@ABABCD@BAB@B@DCBAB@B@F@B@BBB@D@F@BAB@@ABA@@B@B@B@@@BAB@@BBBB@DBBAB@D@DABADADC@AB@@BDBB@DBBA@@A@@@@A@@@AB@F@@@@@AA@AAAB@B@B@D@@@BABABBB@DBBB@@@B@@A@C@@@AB@B@B@B@B@B@@D@B@BA@AB@DAB@@@B@D@B@D@FBD@B@BDBD@BB@BBD@BBBB@BB@BDB@B@B@FBD@B@@@BB@B@D@B@@B@B@@ABAB@@B@B@@D@B@@AB@@B@BB@BBB@B@B@B@@@D@BBBABAB@@A@@@@AA@@@@BA@A@A@@B@B@BBBB@@BB@BB@BAB@B@DBF@B@BB@DBBB@BB@@B@@@BC@ABCBAAA@@AA@A@AAA@B@@A@CAC@E@@@A@@AAAA@A@C@C@A@CAA@IEACCCEAIEGCCCICC@ICECEEEG@AAAAA@@AAA@A@ABAB@B@B@B@BAB@@ABA@C@AAC@CAC@CACAA@CAAA@@AAGEECIGMIKICEACAAECAACA@C@@@AAAAC@CBC@ADE@ADE@AAA@C@A@A@AFEDAFCHEF@DAD@BAB@B@DAB@B@BCB@DA@@B@DEBA@@@CA@@AA@AAC@AAC@CAC@A@C@C@CAA@@AA@@@AA@@@A@AA@@AB@@A@@@ABA@@BA@@BAB@@@D@B@B@B@B@D@B@BAB@B@@@BA@@BA@@@A@AAA@@AA@@A@A@A@@@A@A@A@A@A@AAA@A@@AA@AA@@AAAA@A@AAC@@AA@AAECDA@GBCBA@A@C@G@A@C@C@ABA@ABA@A@A@C@A@A@A@A@A@C@AACACAC@A@C@A@A@A@A@ABEDABA@ABABAB@BABA@AB@@CFCBG@CBEACAABA@CD@@A@@A@@@A@A@@BABABC@C@@@A@CAAEAAAAA@@@A@A@A@A@A@@@A@@CAA@AAA@CAC@E@CD@@AB@@ABA@AB@@@@@@@BA@@B@@@@@B@@@@AB@B@B@@@@@B@DAB@BA@@B@@ABA@@@@@@DA@@@@BAB@B@@AB@@@B@@AB@@A@@@@BAB@B@B@@@@AB@@@BAB@B@B@B@@@BAB@@@@@B@@@B@@BD@BBB@@@B@@@@@@@@@@@@@@AB@@@@@@@@@D@B@B@B@BB@@B@B@@@B@@@B@@@B@@@B@@@B@B@@@B@B@BBB@B@B@D@@@@@D@B@B@B@B@B@@@D@@@BAB@B@@@B@B@@@B@BA@@B@@AB[@E@@@@B@B@DABADAF@@@@@DADAD@B@B@BAB@B@@@@@@@@@D@D@D@H@D@B@BABAD@@ABABA@@@ABA@A@C@E@GCA@AAC@A@@DI@@FE@@@@BL@@DL@@H@@@@D@@BBB@@PHB@B@F@B@@BB@N@BBB@@BBB@@A@CB@@@@BB@@P@@@@@AH@@@BJJIHIFSJCBEDCD@@CBCBADADAF@FAF@H@BBB@B@J@H@F@D@D@FAD@B@DBF@DBFAF@D@DDF@F@HBDAF@BAFBBABBBBB@@@D@BBBFBBDBBB@DBBBBD@BBFBB@BTHTHRFNDFBBBD@@BD@FCFEHIDGDGBA@@@@DAF@F@HA@@H@F@HA@@BABA@AB@B@B@D@DBDBB@BBDBB@BAB@@AB@BC@ABEBADCB@"],"encodeOffsets":[[111751,35249]]}},{"type":"Feature","id":"610113","properties":{"name":"雁塔区","cp":[108.926593,34.213389],"childNum":1},"geometry":{"type":"Polygon","coordinates":["@@@CJ@L@N@H@L@L@B@@E@@@@BA@@@@@AB@BAEC@@EE@EF@@DBBBB@@H@@FB@@@BAB@DA@@@@@@@@FALE@@@@BA@@@@@@@@@@@@@@@@FABA@@@@FA@@@@@@DAB@@@FCFAB@DA@@@@@@BAB@@@@@@@B@@@@@@@@@B@@@@A@@@B@@@@@@H@@@@@F@@@@@@@@@@@@@@@@@@@@@@@B@@@P@B@@@@@B@V@B@D@@@B@@@B@B@LDBB@@@@B@@@@@XJ@@@@VJT@J@F@@@DB@K@@@@@@P@@C@@@AB@@CL@@F@L@F@H@D@BF@\\@BA@@@AB@@A@A@@@A@A@@@ABA@A@@@C@@@A@A@A@A@A@C@@@@@C@A@AAA@A@A@A@@@A@A@@@A@@@A@@@A@@@A@@@A@AA@@A@A@A@A@C@@@@@@@@BA@@@@@@@@@@@@@@@A@@AA@AAC@@@A@@@A@@@@BA@A@@@A@A@ABA@A@@BA@@@@@A@ABA@A@@B@@@BA@@@A@@BA@@@ABA@A@@B@@C@@@@CD@@A@A@C@AACAECC@AAA@AACCA@ACA@@@AAA@@@A@A@A@C@A@ABCB@@G@I@C@@@@@E@@AC@@@CAAAA@AAAAA@@@A@A@EAKCGBA@ADCDGDCBA@C@E@A@CBC@C@CAA@C@C@A@A@A@ACCA@@A@@@A@A@E@@@E@A@A@A@C@ABC@CBA@A@C@ABE@EAGCAAAAA@CCCEAACAC@@@AB@@ADA@@@ABA@C@A@AAEAGAEAC@CDAFAJCDC@C@@@C@A@A@CAA@A@A@A@AB@@ABAB@@A@ABA@C@A@A@A@C@A@C@A@A@ABA@ABABAB@BABAB@B@DA@@@@@@B@B@BA@@BA@A@A@C@CACBC@EAA@AB@B@B@BB@DHDDFH@D@BAD@@AB@@A@@@CCE@AAE@A@A@ABCB@DBHBHBBADABEF@@EHABAH@D@B@FBFBD@@X@FDBEBAB@D@FD@@@@BBB@B@@@J@@@@@@@@BD@@B@@@B@@DBD@@AL@@B@@@BD@"],"encodeOffsets":[[111468,35077]]}},{"type":"Feature","id":"610114","properties":{"name":"阎良区","cp":[109.22802,34.662141],"childNum":1},"geometry":{"type":"Polygon","coordinates":["@@BA@@BABA@@DABA@ABA@A@ABA@C@A@CBABC@CDCBAB@BCFADA@A@A@AA@A@AAC@AAAAAA@AA@@C@A@C@GFIBEBAFA@@DC@AAA@@AA@@CAAACAAA@C@@@EBC@SDQABA@E@AACAEA@CAAA@@@A@I@C@A@@BAB@@A@K@AA@CA@CAABA@AB@BC@ACAAACACG@CAAC@AW@@@ABAB@@C@@A@E@EAAAAA@CA@@@@B@@A@@@A@C@@AAAA@@@@@A@@B@@@D@B@@@@@@A@@@@@AAE@@@@@A@@@@A@@A@@@@@@BAB@BABAB@B@B@B@BB@B@@B@@@@A@@@A@AA@@AC@@AA@@@@@@A@A@@@@BC@@AAA@@@AAA@AB@@A@A@AA@@A@@A@@BA@@B@@A@@@@AAA@@@A@AA@AAA@@@A@BAB@@@B@@BD@@@@@BA@A@ABAA@@A@AAA@ABA@AA@@@AAA@@A@C@EAC@A@A@A@AAA@E@KACAC@A@@@@A@A@A@@A@CAC@C@@@A@@AAA@@A@@AA@A@A@A@@@A@A@A@@@A@@AA@@@A@@BA@A@A@EAA@A@A@@A@BA@@@A@@@AA@@KBA@@@CA@@CB@@A@@@ACA@A@@BAD@BA@@@G@AAA@KAA@A@C@C@C@C@EAE@AAA@C@C@@@A@@@@@AA@@A@@@A@@@@BAA@@@@@@@@AA@@@@@@@A@@@@A@@@@@@B@@@@AB@B@B@@@@@B@@A@@B@@@@A@@@A@@@@@@@A@CAA@ABA@C@ABA@@BAA@@AAAB@BADABA@AB@B@@@B@BC@ABA@BBAB@BA@A@C@A@@BA@@D@B@B@D@@@D@BAB@B@BADABAB@BCBA@CBC@A@@BABAB@B@D@B@B@@@BA@A@CDCDCBCBABA@@B@B@DA@@@A@A@@@AB@BA@A@A@C@AAA@A@C@E@@D@B@B@B@B@B@B@B@BBDDBBBBBDDBBDB@BBBB@@@@@BBBBBD@@@B@B@B@B@@CH@HBFBDDFBD@B@BBBBBBBDBBBB@DBD@BAD@D@L@FBH@B@B@B@B@B@B@@@BA@@@ABA@C@@BA@@BA@@B@@@B@B@B@BB@@B@@@D@@@B@@AB@@AB@B@B@B@B@B@DBB@B@@@F@BAFCBAB@DAB@B@BBDD@@BFBFBBBBFB@@B@B@@ABAD@@ADA@AD@B@B@B@D@DBBBBBBBB@B@D@B@B@D@B@BA@ABA@ABC@CBA@@@AB@B@B@B@B@B@F@B@B@B@B@D@B@B@BB@BBBBBBBB@DBB@D@F@D@D@B@D@D@FBD@DBB@B@HBDBB@DBDBB@BBBBB@@BBBBB@BBD@B@BBBBBD@@@DBBBDDBD@B@D@D@D@D@BBD@B@D@BBB@BBB@DB@BBB@@BB@BAD@FAB@D@B@D@D@HBFBD@F@D@D@D@DA@@B@B@BBD@BBB@BBB@BBB@@@B@@@"],"encodeOffsets":[[112037,35577]]}},{"type":"Feature","id":"610117","properties":{"name":"高陵区","cp":[109.088896,34.535065],"childNum":1},"geometry":{"type":"Polygon","coordinates":["@@BEBC@AB@BABAB@BA@AB@@ABA@C@A@A@A@A@C@@@C@@BA@AB@D@@@BAB@@AB@BABA@AB@BC@@BCBA@ABABA@AB@BAB@B@@@BABA@@BA@ABC@A@CBA@ABA@A@A@A@AAA@A@A@AAA@AAAA@@A@C@A@C@CAA@A@A@A@ABABABAB@BABA@@BAB@@ABA@A@ABA@C@A@CBC@C@E@A@CBA@@@C@@BA@ABABA@A@A@CBC@A@C@A@ABA@AAA@C@A@A@C@A@A@A@A@A@A@A@C@A@ABA@A@A@@BAA@@A@A@A@@GIAAA@ABMLABC@A@C@GGCCEE@@AAAA@@IGGE@@A@AAEBA@A@CDABAF@BADA@@BA@ABA@CAAAA@CACAC@A@A@A@@BABAB@@GBE@G@@@GBE@E@CB@@@@ABCHCHGJEFEDC@@AC@AAEAMCQESGSG@AIBOBKACBKBG@EAEAEAEAA@ECECEAA@CAGCGCCACAB@CP@DAD@D@BAB@BAB@B@@@BA@@BBDFDB@B@BBB@B@B@BAB@B@@@BA@ABA@A@AB@BAB@B@@BB@@@@BB@@B@B@DAD@@AB@@@B@B@B@BAB@DAB@BAB@B@B@BB@@BBB@BBBBB@@BD@B@BAD@B@@AFBB@FBD@F@@@B@BAD@@A@@B@B@@@BBD@@BB@B@BABA@EF@@ABBDBDBJ@BBB@B@D@D@DBF@B@BAB@B@BAB@B@B@D@BBD@B@B@B@BA@@BCBC@A@CBA@ABA@@BAB@B@B@DAB@DABABABCD@DAB@B@B@D@@BBHFB@D@D@B@B@FAHBH@BBD@BBBDBBBDD@@@D@@@DAD@F@FBD@BBDB@@BB@BBBBB@BB@BBFBBBJ@HBFDDBJBB@H@B@TBB@F@FBH@D@D@F@D@D@B@D@D@B@B@BA@@BA@@@AB@@AB@BAB@B@B@D@BBB@D@B@D@B@B@@AB@BADABABABAB@@AB@BA@@BABABAFAD@F@JBRBHB"],"encodeOffsets":[[111751,35411]]}},{"type":"Feature","id":"610115","properties":{"name":"临潼区","cp":[109.213986,34.372065],"childNum":1},"geometry":{"type":"Polygon","coordinates":["@@BEBEBC@EDQF]@@@C@C@AAA@A@A@A@ABA@ABABA@C@CBE@C@C@A@AVB@@C@@BG@EEBE@CAICIAEACCEGGICC@@GAC@A@CAA@IAC@A@EDC@A@@AGKBIBGBEBI@CBCNAH@BADCBABA@AAA@AA@A@C@CB@@A@C@A@AAAAA@@AACAAAC@ACGCEAC@AAA@G@A@CBA@CBEBABAD@BAD@DAD@BBD@DAB@DABABADA@ABE@A@C@A@ABADABADADCB@BC@A@A@AAAAA@@CA@ABAB@BABA@@@A@A@@@AAA@A@A@C@A@CBABABADADABADAB@DAF@HA@ABABABCBA@A@A@C@A@A@A@AAA@C@AB@BADAD@BAB@B@B@D@D@D@@@@@@A@@@@A@BA@@@@BAB@@@@@@@B@@AA@@@@@@@@@A@@@A@A@@@@@@@@A@@BA@A@@A@@A@@BA@@@@@A@@@@B@@@@@@@@B@@B@@@B@@@B@@@@@@A@@@A@@@@A@@@@@@A@@@C@@@@@@A@@@@@AAAA@@@@@@BA@@@@@@B@@AA@@@@A@@A@@@@@A@@@@@@@@@@AB@@@BAAABA@@@@@AA@@@A@@AA@@AB@@@BA@@@A@A@@AAAA@@A@@A@@@@BAAA@@@@@@A@AAAC@@B@@@@A@@A@@ABA@@@A@@@A@@@@B@@@B@@AA@@AB@@@@@@@@@@@@A@AAA@@@A@@@@A@@A@@@@BA@@A@@@@@AA@@A@@@@@@AB@@@@@A@@@@A@@@@@A@@@@@A@@@@@@B@@@@@@@@@@@@@A@@@@AA@@@@@@@@@B@@A@@@@@A@@@@@@@AA@@@@@@@@@AA@@@@@@@@@@@@@@BA@@@@@@@@@@@@@@@@AA@@@@@@@@@@@@BA@@@@@@@@@@@@@@A@@@A@@@@@@@@@@A@@@@@@B@@@@@@A@@@@@@@@A@@@A@@@@@@@@@@@@@@AB@@@@@@@@@@@@@@@@@@A@@@@@@@@@@@A@@@@A@@A@@@@@@@@@@@@@@B@@A@@@@@@B@@A@@@@@@@@@@@A@@@@@@A@@AA@@@@@@@@@@@BA@@@@@@@@@@@@@A@@@@@@@@@@@@@@@A@@@@@@A@@@@ACAAACAC@C@CA@@CAAACAAAC@@@@AEACAA@C@AAAAABAB@BAFCDEJCFAB@DABABABEBA@CDEDIDABG@A@@A@@@A@@@@A@@@AA@@@@@@A@@A@@@@@@@@@@@@@@@@@@A@@@@@@A@@@@@@A@@@@@@@@@@@@@@@@A@@@@@@@@@@AA@@@@@@@@AA@@@@A@@@@@@@@@@@B@@A@@@@@@@@@A@@@@@A@@@@@A@@@@@@@@@A@@@@@@@@B@@@@AA@@@@A@@@@@@@@@@A@@@@A@@@@@@@@B@@@@AA@@@@@@@A@@@@@@@@A@@@@@@@A@@@@@@@A@@@@@@@@@A@@@@@@AA@@@@@@@@@@A@@@@@@@@@@@@A@@@@@@@@@@A@@@@@@@@@@@@@AA@@@@@@@@@@A@@@@@@A@@@@@@@@@@@@@A@@A@@@@AA@@@@@A@@@@@@A@@@@@A@@@@@AA@@@@@@@@@@@@@@@@A@@@@@@@@A@@@@@@@A@@@@@A@@@@A@@@@@@@@A@@@@@@@@AA@B@A@@A@@@@@@@A@@@@@@A@@A@@@@@@@@@@@A@@@@@@@@@A@@A@@@@@@@@@@@@A@@@@@@@@@@@@A@@@B@@@@@@@AA@@@A@@@A@A@@@@@@@@@A@@@@@@@@@AB@@@@@@@@A@@@@@A@@@@@@@@B@@@@A@@@@@@B@@@@@@A@@B@@@@A@@@@@@@A@@@C@AA@@CA@AAAAA@AAAAC@A@A@ABAB@@CB@D@B@BA@A@@AA@ABADA@C@E@C@C@A@AB@@ABA@@AAA@@CACAABA@A@ABA@@@A@A@C@ABCBCB@@C@A@A@A@CACBE@C@A@C@A@A@ABAB@BA@@B@DAHCBIFA@ABABA@ABADCD@DCB@@AFA@BB@B@BBB@@BBABAD@BAD@@A@@@AAA@AA@CAAA@E@CAA@A@ABA@@AAA@@AAAAA@A@@@@B@BAB@@@@BB@@@@@BA@ABABAAC@@@A@A@A@A@AAA@@A@AA@@BA@C@@@@A@AA@AB@BA@A@@@@A@C@AAA@@A@C@EAA@A@A@ACA@@AAAAAC@AAA@@AACACA@C@EAC@A@C@A@@@A@CBA@@BABA@C@@@@A@A@A@A@ABA@@D@B@@@@A@@AACAA@AAABAB@@C@A@A@A@BB@BBB@@@@E@A@@B@@@B@@B@@@ABCAA@CA@AA@@BCDCBABCBC@A@ABCAA@AA@AA@AB@@A@A@A@@@AB@BA@ABE@C@A@AAA@E@A@A@ABCDA@A@ABC@ADAB@BADA@@DBBABAB@B@BBDAD@BB@FBB@BBBFBB@@C@ABC@AB@BAB@@A@A@@B@B@@@@AB@@C@A@A@@A@@CBA@@AA@CAAB@@@BA@EB@@@AAA@@E@C@E@CB@BCBA@@@@BBF@BDB@B@BA@AB@BC@@B@BBDBBDBB@@B@@@BBB@BA@@B@@BBBBBDA@@B@@AB@B@D@BADABA@KB@B@B@DBDBB@DD@DBBBDDD@BBD@FBFBBB@DAB@BBDB@BDBDBDBDBFBBBB@B@BABAB@BBBB@DDDBB@FABBB@@@HFJH@@BBBB@@FFDDHHD@B@D@BANKBAB@BBHJ@@@B@B@BB@AB@@@B@BAB@B@B@D@B@B@B@B@B@B@B@D@B@B@DBB@BAB@B@B@D@BAD@D@B@BABAB@BAB@@@D@@AB@D@B@F@DAD@D@B@DAB@B@BAB@BA@AB@@ABABA@ABABAB@B@B@B@BBB@D@D@B@D@BB@BB@BBB@B@B@BBB@B@B@B@BAB@BAB@D@BAD@BAB@@ABAB@@A@A@ABA@@BABAB@BABAD@@ADA@@BABABA@@BA@AB@@C@A@@BAB@@@D@@@D@B@B@B@B@DAB@BA@@BABA@ABABA@@BADAFDBHDBFBDAJALAH@HBJAJ@B@D@DAF@@@BBDBB@BBD@B@B@D@B@B@BBB@@BBDD@@@@DBBBB@@@B@B@@@B@B@@@B@B@@@B@B@BBB@F@D@B@B@BBD@B@B@B@@ABA@@B@B@@@B@@C@A@AB@BADADADCDCB@B@@A@@@A@A@C@ABABA@AB@D@DAB@DA@ABABABC@A@ABA@A@C@@@C@A@A@CB@@AB@D@B@B@@ABAAAB@BAD@@A@A@@@ABAB@BABC@ABABB@@BB@AB@BAD@B@BAB@DBB@@@@@@@B@@@B@@@@@@AB@@@@A@@@@@A@ABA@@@@@A@@@@B@@@@@@B@@@@@@BB@@@@@@@@BB@A@@B@@@B@@@BB@@@@B@@@D@D@B@BBF@FBD@D@D@D@B@B@LBB@BBH@@@B@@ABC@AB@B@BD@@B@@@DA@@DB@@B@LA@@BB@@B@@@B@@A@BB@B@B@FBB@B@B@@AB@@@B@@BB@@@B@B@B@@@B@B@B@B@@BB@@@BB@BB@@@D@D@DBB@@@@B@B@B@@B@D@DBLBF@B@BBB@B@B@D@FBD@B@@@BB@B@@BBB@BAB@BBB@@@BBBAB@B@@A@@@@AC@@@A@@BA@A@B@@BB@BBBB@@@B@BB@@@@@BA@@@AB@@@BB@@@BBB@B@@@BAB@BB@@B@BB@@AD@@@@@B@B@@@@B@@BD@@BB@@B@B@@@B@@A@@@@AAAA@A@A@A@ABABA@AB@@@@@@@BB@@@@@@B@@@@BF@B@@@@@B@@@@A@C@@@A@@@@B@@@@BBBB@@@D@B@@@BA@@@@@DBB@BBBB@F@F@BD@@@BABA@@X@@BBDDBH@BDBDBBBDD@@ABAB@BADBB@@DBBL@B@@@BA@AB@D@J@B@@@B@BB@DFBDBBBF@B@BA"],"encodeOffsets":[[112053,35488]]}},{"type":"Feature","id":"610124","properties":{"name":"周至县","cp":[108.216465,34.161532],"childNum":1},"geometry":{"type":"Polygon","coordinates":["@@D@D@BBB@BAB@@@B@B@D@B@B@FBB@D@D@F@B@B@@@@@B@@@HA@@B@@@B@B@@@B@BAD@@CBADAFAFAB@B@B@D@D@DADAFAHCDCDABAD@J@N@FBFFHDFBJBF@H@F@B@D@DAD@DBF@H@HAJCLAFAPIHEHENKDAHCFADAB@HAH@FBFAH@J@HBHBJFJFLDFBH@D@F@JAPCFALCJCDCBCBADANAD@J@JBHBHBJDLDHDHFBBBBN@L@N@PCN@NAD@HEHCDAFBJBDBD@HHJDLBF@JCLCFBJDFBBBTHLFDFFFFBHBH@CGAA@AAA@A@@AC@@@C@@BA@@@@@ADEFAFEBGDE@GAEA@CAEBG@GBGBI@GAIEAC@IBIDCAMAA@AAA@EAA@A@CAC@CAE@AAAEIEIAAIQ@@AEACACACAC@G@E@A@CAA@EACCC@C@A@GIG@IFKBKDOBG@AB@@ABA@A@@@AAA@A@A@AAA@@@A@A@A@ABA@ABA@A@@AA@@AA@@CAAACAECA@@AA@@A@AA@@AAC@A@AAA@C@ACG@C@A@@@ABA@AB@BADA@@@AAC@AAA@AAACAACA@AA@AAACG@@@@CGECCC@@AA@C@C@ECACCAC@C@A@CBA@C@CAG@E@G@CAEAC@CBC@EBCBC@ADCD@B@D@BAB@BC@CBEDGBE@CAC@C@C@A@C@A@CCAAAA@AAACAACCCEECCCAACC@C@E@CBC@ABA@AACAACCEGCCACAAAAAA@CBAACAAACCAGCC@@AAAAEACAACCCCEC@CCCAACAAACAAAAC@C@E@E@C@CAAAACCAC@ECEAAACAE@CAA@CCAA@GAG@GAIBIBC@AAAC@CBA@AAAEAE@ECC@EACC@CACCCCECAGAGCAAAAAACA@@C@G@QFKBE@EACEECQGICIACCBA@AACEAAAACCCCCEECCCEAC@AAAGCE@C@A@C@A@EBGBC@A@@@ACACCCECABC@@@CBEAGDGDC@AAAEAACC@C@CAACAEACACBEBEBCAIAC@CBCBCBCACAEAC@ABCD@@GDGBGDCDCCEAC@A@AACCAAEEG@EFKFEFGD@@IBG@GBE@C@GAEAGCKKCECCEAA@ABAAABEBMBEBMHE@ED@BCBEDEBC@E@ABCBABEDA@A@AAE@A@@@CBEDEBC@E@EBGBCBC@EBE@GAAAABCBCDEDEDCDABABA@GCIGEAG@@A@EAACCCAABEBA@IAABA@@BCBEB@B@@@BCDCBEBCBABCJABA@C@CC@AACC@CAAEAA@C@EAEACCCCEEGACAAC@A@EAA@AAAAAAAGCCCEAC@CCE@AEAECCAA@A@CBABEBAB@@CA@@EAA@I@A@EDCD@BC@ABABA@@BCBCDABIHABA@A@CCEACAC@EBCBCBCBGDCBCBC@E@A@A@C@EDABA@A@A@C@CB@@A@C@@AMEA@A@A@A@A@EBC@CBC@C@E@C@A@ABEBCBMHA@CBA@K@I@CASA@@A@AF@BABCBABAD@D@@AJ@JMLOHOL@H@@@@AB@BAB@B@@@BB@@@BBB@DBBBDBDDDDDFBDBD@@@BA@@BNJBNIJCLVDPPBZD@DBBBB@@BBD@B@BAD@@@D@BBB@BDBBD@B@@@DAD@BAD@@ABABBFJXF^B^FTCVCLND@@F@FBDBDBDDBB@BDBB@DBDBDBDDDBFBDBDBFBFBFBFBBBBBB@@B@FFHBDFDBDDDBD@BBDDD@DBBBBBDBBDBBBBBD@D@DBF@BBB@@@BDBDBBDBBBBBDBBBD@B@BAHAD@FADABAFABA@ABC@AB@BAB@BAD@B@@ADA@ABABABABAB@@AB@B@B@D@D@DBD@DBB@B@@BB@BDB@BDBB@BDBFFBBDBBBDBFBBBFBB@B@D@D@BBB@BBDBBBHBD@H@H@D@B@@A@ABAB@@CBABC@A@@BA@ABABCB@FABAD@BB@@B@B@D@D@B@B@BAB@B@BAB@B@B@D@D@DBD@B@B@BBB@@B@@@DCD@BBD@B@B@BA@@DABCFABADAD@B@F@DBD@D@F@BADCF@DBFBDBDBD@FAD@DDDD@H@DBD@DD@B@DHDLJD@DDBBBD@@@J@DAB@F@B@BBBBAF@BBBF@@DBFFDDDBBDDDBDBDDDBBBBDDFBBHC@@DBAB@@@@BABA@@BADAD@BBDDDBDAFAN@BBBBH@LABABADAFD@B@BBB@AHDHBDBAFDFDDDBD@BBDBHBB@FBBDBF@DF@FCJ@@@DBD@BBDDDBDBD@FBB@F@BBBD@DD@D@BCBCB@B@BAF@DCJF@D@@B@@B@D@D@@@DBBBFBD@BAB@F@DABBBBBBFBF@"],"encodeOffsets":[[110655,35056]]}},{"type":"Feature","id":"610116","properties":{"name":"长安区","cp":[108.941579,34.157097],"childNum":2},"geometry":{"type":"MultiPolygon","coordinates":[["@@@@ACAE@E@A@CBGBAFG@@FEBABCAAAGAG@CDABAB@B@F@BBF@DD@@B@@@BA@@BC@A@CEGCCCGA@@A@A@ABAB@FBD@DADBD@B@B@B@@AB@@A@A@A@@@@B@@C@ABABA@ABABABAB@BAB@B@D@B@D@B@B@B@D@B@BAB@@@BABA@@BAB@B@B@B@DBB@B@D@@@D@D@DCBIBEDCD@FBHBFBBBB@D@B@BA@@B@BC@@BA@@D@DBBBDFDDB@BBBBHDFBF@BAD@B@B@DAD@BAD@B@B@B@F@@@F@B@B@@@B@@@DBBDB@B@B@D@D@B@DBD@D@DAB@F@D@B@DAHCDCBCB@HALDFBB@B@@@B@BBBBB@BBDB@@D@@BF@@@@@D@J@H@@@DABAB@D@B@B@B@@@B@BB@@B@BDB@DDBBB@BBD@FDDBBBD@B@B@@@DC@@@@B@BA@@@AB@@ABA@C@A@@@@@A@ABA@@@@@A@@@@@AB@@A@@@@@@BAB@BA@@BA@@DCF@D@DBB@BBB@DB@@@B@@@B@B@B@B@B@@BBBBFBBB@D@B@@@DADABAB@@@B@B@@@BB@@@DCB@BADBFBDAH@DADE@@BAB@BA@ABABABAB@BAFCBAB@B@B@B@D@B@D@DBDBBBD@B@B@B@B@B@D@B@B@B@BAB@BAD@D@B@H@D@B@B@DAHAB@DC@@BCD@DA@@@A@AFG@ABABAHC@A@CAA@AAA@@CCCGCCCC@AAC@@@ADAJA@@FA@ABAAE@CB@DAD@B@B@FC@ADAHEBAD@H@B@@@D@BABABADABABA@ABABABA@A@C@A@A@CAA@AA@@AAAA@AACACAA@AA@@E@A@AACAAAABCBABC@A@C@ACCACCICCA@AC@C@EBGDMDEFGFIBC@A@A@C@CAACAAAA@AC@@ABABCBCBCHIBABABCDADADEBGDADEBA@ADADADCBABCBCHIBC@G@E@EDC@ABCDCBEDE@C@EAAAC@@@@BABABA@@ACBCBEBKDE@@@AFCD@@@DA@ABC@ADEDCBABC@EBCDCDEDADADADABADA@C@ADADCDABC@C@E@EAE@E@GAC@AACAAAAAAAC@EBE@G@CAE@C@EAC@CBABADABADCFAF@FCD@BA@C@C@C@GBEBEBABA@ABAB@EACCCACCAA@AAA@ACACAG@G@C@K@EBEBC@CDAB@@CBCBABA@CAC@EAEBABA@CAEACAC@CACBCFABABE@C@AAC@C@ABAAACAAC@C@ABEBCDABA@E@E@CCABC@AB@B@@ABAB@D@D@J@F@BAFBB@B@DEBCBABEFADCBA@C@C@CAA@CAA@CBCBC@ABA@ABC@GAMCEACDEBBD@FGHA@GBG@CDADA@A@CAC@AAAAAABAACAECCCE@AACAACCCCCAACCCCAC@GCAAAAAA@AACCACCEAE@E@E@C@A@CACAACAAACC@C@C@A@EACAG@GBCBA@C@A@ECAAECC@EACCEACAC@C@C@A@C@CAE@CBC@EBA@ABABAAC@A@AAAECC@C@E@C@C@CAC@AACCACCCAACC@C@A@A@AC@CCAEAECE@A@C@AAAACCAACAAAA@AAAACACAC@AAA@C@A@@BABCBE@ABC@ABA@AC@AAAA@CAC@AA@CAA@CAAA@A@ABCBA@C@ABABCBA@@BC@A@CCA@CAC@A@CAA@ACAA@@AAA@A@EFABA@A@AAB@@CA@CAA@CAAACAAAAAAAC@A@EDC@AACAA@CECC@E@AA@CDIDGFA@ABCDCBCBABABABCFAD@B@DDDBDBFBF@D@D@B@DABABC@E@CAE@A@A@ABABCBA@CACAIECAA@EAA@AAC@ACAAC@C@C@C@CCCAC@C@C@@@GBABA@@D@@H@BDHLBDJHHH@FCDBFFFBB@@BB@@B@@@@@@@BB@@@@@B@@@@@@@BB@@@@@B@@B@@B@@@B@@BB@@@@@@BB@@@@B@@@@BBB@BB@@@@@@B@B@BBBB@B@D@@@B@@@@DDDADAFDLFD@BBCD@B@D@@CBEDBBBDADT@ABGFGDA@GEGAEFEBGBCBAB@HCF@BFDFCRIPG@@@B@@@@@@@B@@@@@@@@BB@@@@B@@@@@@AB@@@@@@@B@@@@@@@@@@@@@@B@@B@@@@@@@@@B@@@@@@@B@@@@B@@@@@B@@@@@B@@@@@@@@BB@@B@@@BB@@B@@@@@B@@@B@@@@B@@B@@@@@@BB@@@B@@@B@BBB@@@@@@@@BB@A@@@@@@B@@B@@@@B@@@@AB@@@@AB@@@@@B@@@@@@BB@@@@@@B@@BB@@@B@B@@@@@BB@@@@@@@BA@@@@@A@@B@@@@@@@@AB@@B@@B@B@@@@BB@@@@@BB@@@@@B@@@B@@@B@@B@@@@@B@@@@A@@@@@A@@@@B@B@@@@@@@@B@@@B@@AB@@@@@@@@B@@@@@B@@@@@B@@@@@BB@@@@B@@@@@@@B@@@@A@@@@@A@@@@@@@@@@B@@@@@@BB@@B@@@@@B@@B@@@@A@@@@@@@@B@@A@@AA@@@A@@@@@@@@@A@@@@@@B@@@@@@@B@@B@@@@@BB@@@@BBBB@@B@@@@@@B@@A@@B@@@@@AA@@@@A@@A@@@@@@@A@@@@@@@@B@@@@@BB@@@A@@B@@@@@@@@@BB@@@A@@@@B@@@@A@@@@B@@@@@@@B@@@@@@@@AB@B@@@@@@@B@@B@@@@@B@@@B@@@@@@@@B@@@@ABAB@B@@@B@@@@@@ABA@@BB@@BA@@@@B@B@BA@@BA@AB@@@@@B@@@BAB@@@@@@@@@@BB@AB@B@B@B@@@@@@B@@@B@@BB@@@@B@B@@@@B@@@@@B@@@@@@@B@@AB@B@@@@@B@@@@B@@@B@@@B@@@@@@@@@@@@B@@AB@D@D@BA@@BA@@@CB@@ABEBABA@@BAB@BA@B@@B@@@@B@@B@@@@@B@@@@@B@@@@@@@BB@@@@@A@@@@B@@@@@B@@@@@B@@A@@BAB@B@B@B@BB@@BBB@B@DAB@B@B@B@@AB@@@@AB@B@B@J@B@@@B@B@B@BAD@@BB@BB@B@@BB@@BAB@BABA@A@ABA@CBA@AB@BA@ABABABAB@@AB@@@BABAB@BA@@BAB@@@B@B@B@B@D@B@B@B@B@B@@@B@BBDDFBB@@BB@B@B@@AFCHEBCB@BBBBBFB@BDFB@@@@D@B@BB@@BB@FBF@DCDADBBF@FAD@@@BABABA@@B@B@B@@@B@BABAB@BA@@B@@A@A@A@C@C@GAAB@@@@@@A@C@A@CAA@AB@@AB@B@BA@@B@BADABAB@BA@@B@BA@@B@@A@A@C@A@E@A@A@A@@@AB@@AB@@@@@B@B@B@D@B@B@B@B@DBB@B@@@@AB@B@B@B@@IFCF@D@B@@@@DF@BBBB@@BB@@@@B@@@B@@A@ABA@CBA@A@C@ABC@C@A@C@A@A@@BA@@BAB@BAB@BABA@EBEBEBCFBDBF@HCFCD@FADAB@BCFAD@DA@ABA@@BABABABAB@B@B@B@@@BB@@BB@BBF@BBD@BBB@DB@BB@@DBDBBBB@@BBBBB@BB@B@B@@@BAB@@AB@@A@A@A@GAICI@KBKJABABA@ABADADAFABAFAHAB@BABA@CFPHH@FCDK@ABA@ABABAB@BADA@@BA@A@CBCBAB@@AB@B@B@JCFADCJAB@BAB@@@BBB@@B@@@@AF@J@JBB@B@@FBB@F@D@B@@@BBAB@BAD@@ADABAB@B@BAB@B@D@DB@BBBBBB@@N@DBD@DBD@B@B@H@D@D@DD@@@BBBBBBB@B@@BB@@B@F@@@BBBADADABCBABAB@@ABAB@B@B@ADBDB@FDBF@B@B@BCDEDABAB@BB@BBBBB@B@D@D@DA@@H@B@DAD@LAF@JBF@H@NAA@BCDELCDE@A@EBEBA@@X@@IAA@CACCCAA@A@ABIAKAC"],["@@D@@CMMAIKGMCADADCBEFDDFHABDFFDDDJ@NCF@"]],"encodeOffsets":[[[111423,35071]],[[111793,34623]]]}},{"type":"Feature","id":"610122","properties":{"name":"蓝田县","cp":[109.317634,34.156189],"childNum":1},"geometry":{"type":"Polygon","coordinates":["@@@@@@@@B@@@@@@@B@@A@@A@@@@@@@@@@@@A@@@@@@@@@@@@B@@@@@@@@A@@@@@@@@@@@A@@@@@@B@@@@@@@@A@@@@@@@A@@@@@A@@@@B@@@@@B@@AB@@@@@@A@@@@@@B@@@@@@A@@AA@@@A@@@@@@@A@@@@@@@@@A@@@@@@A@@@@A@@@@@@@A@@@@@@@A@@@@@@@@@A@@@@@@A@@A@@@@@@@@@@@@@@@@@@@@@@@@@@@@@@@@@A@@B@@@@@@A@@@@@@@@@@@@@@@@@@@@@@@@@@@@@@@@@@@@@@A@@A@@@@@@@@@@@@@@@@@@B@@@@@@@@@@@B@@@@@@@@@@@@@@@@@@@@@@@@@@@@@@@@@B@BAF@F@F@DADAD@BA@CB@@A@CAABABADA@@DA@ADCBAB@BADABADA@@@@@@DABCBABCB@DADAJADAB@BAB@DAB@BAB@BADABABABADGB@@@@@B@F@DBBBBBB@BBB@D@B@B@DAB@D@DAB@B@D@BBB@B@FBBBBBDD@@BBFAHCD@F@FBB@DADABADAHAHCHAB@DAJELCJA@AFA@@DCJCJCHAB@@@B@BAB@@@BBBBDBBBBBBBBBDBD@DBB@D@@@B@B@B@B@B@@@B@B@@AB@BABABABAB@BADC@@B@D@B@F@B@B@D@BBD@DBDBB@DB@@F@@@@@D@B@D@@@DAD@BAD@DAB@B@B@D@D@B@BAD@B@BABAB@BAB@D@B@D@B@@@B@B@@@BB@@B@BA@ABABC@CBCBA@ABCBA@C@AB@@A@AB@@ABA@@BAB@BAB@BAB@F@BAD@D@B@@@F@B@@AB@@@@@BA@A@A@@AA@@@CA@CCAAAC@AAAACECCCAAAAAC@A@@@@@AB@@@B@B@@@B@B@B@B@DC@@BAB@B@@@D@@@D@@@BBB@DBB@B@B@@@BAB@@AB@B@@@B@@@B@B@@@D@BA@@B@@@BA@@BAB@@AB@@@BCBA@@B@@A@A@@@A@AB@@AB@BA@@B@@@@@BAB@@A@@BABC@AB@BCDA@@BA@@BAB@B@@@B@@BB@FD@@B@BBBBBBB@@@B@@@@AB@@@DEDA@@BA@@BA@ABABABABA@@@AAA@@@AA@CCCAAAC@A@@@AB@@ABABABABA@A@@BA@@@A@AA@AA@@AAA@AC@AACAA@GCA@@@A@@B@@AB@D@@@B@B@BBB@BBBBBBBB@@BDB@@@B@@@@@@AB@@A@@@E@@@ABC@E@C@AA@@AA@ACCCCCECECICEEEGIEEAACCA@CAA@A@A@A@A@A@A@AA@@A@AA@AAAAA@A@A@A@C@A@C@ABC@CAA@A@AAC@A@C@A@A@@AAAAA@AAA@A@C@A@C@A@@@ABA@@BA@@BA@AB@@CDABCBABA@AB@@A@A@A@@@A@@@AAA@A@AA@@A@A@@@A@AB@@AB@@@BAB@@@BA@@B@B@BABA@@BA@@@A@@@@A@@AA@AAAAACAGCAAGAGCEAEAC@C@A@@@A@@BA@ABA@A@ABA@@@ABABA@@BA@@@@A@@AA@@@A@@@ABAAA@@@A@AAA@AAAAAAAACAACAA@EAA@A@C@A@@@AAA@@@AA@@A@@AA@@A@@AA@A@A@A@C@CAA@@@@A@A@@@AAA@A@A@A@A@AAA@A@A@A@A@A@C@C@A@C@A@A@C@C@C@EAC@E@@@IAEBA@A@EA@@A@A@AAA@@@AAAAAC@@@@AAA@@@AAA@C@A@A@@@C@A@@A@@@@@CAA@A@A@AAA@A@@@@AAAAA@CACAA@A@AA@@A@@A@@@AAA@@@A@C@A@@@A@ABABA@@BA@@FCBA@@BA@A@A@@AAAAAAA@AAAAE@A@AAEAA@@AA@@A@@@A@A@GBA@C@AAAAC@AAC@@CI@AAE@CA@AAAAAAAABABABABA@A@AA@@AAAAAAAAAAA@A@A@ABABAB@DA@ABAB@BADAB@DADABAB@BABAFC@AB@DABADADCB@B@BAB@B@BAD@BAB@BADAB@D@BAB@DABABA@ABADCB@BADABAD@NAFE@GCIIE@A@@@A@A@A@C@ABA@A@A@CBA@C@A@AAA@AAA@A@C@A@AACAA@AAC@AAAE@A@C@A@A@C@A@A@CBA@A@C@AAA@AAAA@@CCCAA@A@A@A@A@AA@AA@@A@AAA@AA@AAA@AAAAAAAAAA@@AAAA@@CACAA@C@A@A@AAAA@A@A@AAA@A@C@A@A@A@AAA@ACAA@AAA@A@A@CAA@A@CAA@A@A@C@AAE@@@AAA@AAA@@AAAAC@ACCC@@@A@CBA@C@CAE@C@E@CBE@C@CBEBC@CBC@A@C@CACACA@AAA@A@ACAA@CBA@A@A@CAACACAACAA@CDABABABCBC@C@GAC@A@C@ABCBE@E@E@CAGBG@C@G@C@CBAB@DADAB@BCBEAC@G@E@C@CBABCBCDCBA@EBADABCDABEBCBCACAC@E@C@A@CACCAAE@ABEBC@CCAAAAAAAAC@CAAAAAC@C@ABC@A@C@CBABC@CAC@CBABCBABAB@BADADADADCBEBCBABC@CBI@E@E@CBEBC@CBABCBC@C@A@ECCAAAC@CBCBC@C@C@A@A@AB@BABABAFAF@H@D@D@DABC@EDE@EBCDABCBABAB@DBD@F@DBF@D@HAF@FBDBBBBBBBD@BBD@H@FBF@F@F@DADCBCDCB@B@DCBABCBCBCBCBCFCDAD@FADABCDCF@BAD@BCB@@C@ED@B@@CFALAFADBD@@ABABAB@@@@BDBB@F@DCFAFCDAD@BCD@F@F@HADGJADADABCDCBCB@BABCFCBAHCFCBCBADABABGJADADADAB@BD@@BBBBBBDDBD@B@B@D@JAHEFENCHCFAD@D@@BDBJDDDDBBDD@B@D@BADABABBDBBBB@F@@@BBB@DBDBBBB@BB@BB@@BBB@D@B@B@D@BABABAB@BABABCBABABABC@@@A@G@C@ABGFCB@BEDA@A@C@CBA@@DBFAB@BEB@@IBCB@B@@BD@BDDDDDHDD@@BB@BBB@D@BGDABAB@BEH@B@B@@CBC@AD@@BF@BBB@@BD@B@BBBBB@@BBB@@BB@B@BBB@B@B@B@B@@@B@B@B@@@BB@@BB@B@B@@AB@@AB@@A@A@ABA@C@A@A@A@A@C@@@A@AB@@AB@@AB@B@@@BA@@BB@@B@B@@BB@@B@@BB@DBD@D@B@D@DBD@BBD@BBB@@BB@@D@@ABCFA@@@CBA@ADA@A@CBA@A@ABC@CBE@GFEDCBEF@B@B@B@DBB@BCF@BCF@BAD@DBDBB@B@@@DDBBBFDBBBDDFLJNJJHFDHFBB@@BBDBB@DBDBD@DBD@BBD@B@BA@@BA@A@A@A@ABABAB@B@BB@@BBBB@BFHFFFDJDD@JDDDHDJFFBDDBDJFB@DBB@D@D@B@B@BB@BB@@@F@D@DBB@@@@AB@BE@@DA@CDCBCBAB@BABAB@JEDABG@C@AB@@ABABAB@B@D@B@D@F@DADBB@B@B@D@@@DADABAD@B@B@@@B@BAB@B@BADBDB@@BB@BB@BA@@BAB@D@D@F@D@B@BCBAB@@BB@B@@A@A@CDA@@BABAB@B@D@BBBBB@BBBBB@@DB@@B@D@@@B@@@@@@@B@@A@@@@B@@@@A@@@@@@@@B@@A@@@@@@@@@@B@@@@@B@@@@@@A@@B@@@@@@@@@B@@@@@@@@@B@B@@@B@@BB@@@@@@A@@@B@@@@@@@@@@@@@@B@@@@@@@@@@B@@@@B@@@@@@@@@B@@@@@@@@@@@BB@@@@@@@@B@@@@@@@BB@A@B@@B@@@@@@B@@@@@@@@@@B@@B@@@@@B@@@@@@@B@@@@@@@@@@B@@@@@@@@@@@@@@B@@B@@@@@B@@@@@B@@@@B@@@@@B@@B@@B@@@@B@@@@@@@@@@@@@B@@@@B@@@@@@@@@@@BB@@@@@@@@@@@@B@@@@@@@@@@@@B@@@@@@@@@@B@@@@@@@@@@@BB@@@@@@@B@@@@@@@@@B@@@@@@@B@@@@@@@B@@@@@@B@@@@@@@B@@B@@A@@@@@@@@@@B@@B@@@@@@@@@@@@B@@B@@B@@A@@@@@@@@@@B@@@@@@@@@B@@@@@B@@@@@B@@@@@@@@@BA@@@@@@@@@@@B@@@@@BB@@@@@@@@BB@@@@@@@@@@@B@@@@@@@@@@@@@@B@@@@@@@@B@@@@B@@@@@@@@@@@@@@@@@@@@BB@@@@@@@BB@@B@@@@@@B@@@BB@H@BAJCFCDCB@FABABABA@CBADEFIDCBE@ABABABBBBD@B@DBFB@B@@D@BBDBBBDB@@DBD@D@DBBBDB@B@@B@"],"encodeOffsets":[[112079,35144]]}},{"type":"Feature","id":"610125","properties":{"name":"户县","cp":[108.607385,34.108668],"childNum":1},"geometry":{"type":"Polygon","coordinates":["@@DEB@BA@ABABGBEBABEBCBCBAB@BABALILAJ@JDHBB@B@B@@@BA@@BA@A@@@A@AAAA@AAAA@@AAAAAC@CA@@ACAA@AAC@AAE@AAA@@AA@@A@@@A@A@ABABABABA@AB@BAB@@CBCDE@ABABC@EDCDE@GAEACDEFAFAFAB@BA@ABA@ABA@AB@@AB@B@D@B@D@D@BAD@B@B@DAB@BAB@@@@A@@@A@@A@@AA@AA@ACE@@@@@A@CDEJE@@@A@A@ABA@@@@@AAA@C@A@A@A@A@C@A@A@A@@@@BA@@BA@@B@B@B@F@B@D@B@B@@@@AB@@A@AB@@ABABABC@A@AB@@A@ABA@@BAB@DBB@D@B@@@@@@@BAHBD@D@B@B@B@@@@AB@@ABABA@A@A@@@A@A@AB@BABA@A@@BC@EAECACBCDE@EAA@@AA@@A@A@C@@A@CE@AEAAAAA@ADAFADGBE@@@A@AAA@@AACEAC@A@A@@@A@A@A@A@A@C@A@A@A@A@@BA@AB@@ABABA@A@@BA@@BABABABAB@@ABAB@DAB@BAB@B@BA@ABA@AA@@AA@A@@AAA@@BC@A@A@A@A@@@A@I@A@ABA@@@@BA@@@A@A@ABA@C@AAA@AA@@A@A@A@ABA@AB@@@@A@@@@@A@@@@@A@@B@@@@@A@@A@@@@@@@A@@@@@A@@@@@AA@@@@@@AA@B@@ABA@AB@BAFABA@@DA@@B@@AB@@A@C@CBA@@@A@@@@@@@@@@A@@@A@@@A@@@@@@A@@@@@ABA@@@A@@@@@@@A@@@@@A@@A@A@@@@@AA@@@A@@@A@@@@A@A@A@A@@BAA@@@@@@@@@@BA@A@@@A@@@@BAB@@AB@@A@A@A@@B@@AA@@AB@BA@@@@@@@A@@@ABABA@@@@@A@@@@@@A@@@A@@@@@A@@@@A@@@@@@@ABA@@@@@@@@@A@@@@@@@A@@B@@@@@@A@@B@@@A@@A@@@@@@@@@AB@@@A@@A@@@@@A@@@@@@B@@@@@@@B@@@@B@@B@@B@@@@@AB@@@@A@@@@A@@@AAAA@@@@AA@@@@A@@@@A@@@@@@@A@@@@B@@@@@@@@@B@@@B@@BB@@@@A@@@@@@B@@@@@@AA@@@@@A@@@AA@@@@@@@A@@@@@@@@B@@@@@B@@@@@@A@@@@@@@A@@A@@A@@@@@A@@@@@A@@@@@A@@@@@@A@@BA@@@A@@@@@@@@@@A@A@@B@@@@@B@@@@@@A@@@@@AA@@@A@@@A@@@@@A@@A@@@@AA@@@@@A@AA@@@BA@@@@@@@@@AB@@@@@B@@A@@@@@@AA@@@@A@A@@@A@@AA@@@@@@@AA@@@@@@@A@@@@BA@@@@BA@@@@@A@@A@@@@A@@@@B@A@@A@@@@@@A@AAA@@@A@@@A@@A@@@@A@@@@A@@A@@@A@@@@@A@@@AA@@A@@@AA@@@@@@@@@A@@@@@A@@@@@A@@A@@@@@@@A@@@@@@@@@A@@@@A@@@@@@@@@@@@A@@@@@@@A@@B@@@@A@@@@@AA@@@@@@@@@A@@@@@@@A@@OHQJEDEC@ADE@GBADAHAFAFEHBHFB@HCHEBAS@BCACAAFCDA@@@C@ADCAAC@KEECCBCBCC@@@@@A@@@C@AAAAAA@A@@@@@@@AAA@AA@@@@@A@@A@@A@@@@A@@AA@@@A@@@@AA@@@@@A@@A@@@@@@@A@@@@AA@@@@@@A@@@AA@@AAEEAEDC@EGGIGACGKACG@@@ABBB@BA@CBEBC@C@C@C@EAGACBC@C@EBABC@E@C@C@CBCB@DC@A@CCACAACCGCEAEAGAEACAGAC@CAA@CA@EBEBC@C@CAACAEAA@AAAC@AAAAAAC@ABC@@ACAE@AACCACAA@CACCACECACA@C@AA@@BCBCBABEBCACACCACAC@EBC@CAA@CBC@C@E@A@C@A@C@ABAB@DADADADCDABCBC@CB@DAB@D@DAB@BG@EBCBA@@BG@E@A@ABCBABA@CAC@GBODEBA@ABODIHG@CACACAICCBC@CBCAECECCC@@GEGAGGEICAC@CACAGCGAICGCGAA@AECGAAK@CBADABCD@@A@EFCB@B@@@D@BABA@EBKBG@ABCD@FAHADCBABDB@DBB@DBFBDBBDF@FBDDDBBBB@D@D@F@F@DBDBBDBBBDBBBDD@DFDDDDDBBBDBFBB@BD@HDDBBDBBBDAB@DBBBBBBBDDDFHDDBBBD@BAB@BAD@D@F@DDDBBDDFDDFDDBBBDBBB@BBDB@D@B@D@B@D@DBD@DAFCHAF@DADA@ABC@A@C@CD@BADAD@FAD@DBDBF@D@H@FBH@D@DAB@D@B@DBDDDDB@F@D@DBB@@DDFDDH@@@@DHBB@BBBB@BDDBBB@BBB@BBD@B@@CBABA@@BAB@B@@@B@DDH@B@DBB@B@BBD@BB@@B@BB@@BB@FDDBBBDB@@BB@@BB@@@BAB@BAB@B@B@B@B@@BB@B@B@BBB@B@@@BAB@BA@@BAHCPALEL@JJH@H@B@DDDBD@FBB@D@B@F@HBDBDBDBDBF@@JRBBFJFJBB@BBF@DBD@D@BBB@FBB@BBBBNCDAJ@JBDJFHBJ@HAHAH@FADBB@BF@HCFAHEFEBCF@B@@@@AB@@@D@@BD@@@BBB@BBBDHB@JDHBFDFDF@H@HBF@DBB@B@D@F@D@B@B@BABABAB@FAD@D@F@BBDFDDBBFBJ@D@H@JBDBFBHFFDFDHBFDDHDDFDDBH@BEB@^L"],"encodeOffsets":[[111250,35085]]}}],"UTF8Encoding":true}