{"type":"FeatureCollection","features":[{"type":"Feature","id":"640402","properties":{"name":"原州区","cp":[106.28477,36.005337],"childNum":1},"geometry":{"type":"Polygon","coordinates":["@@@DCLAN@DAL@F@D@HAHAFAHAFCHAHCHCHCFEJADCJELEH@DCFEJCFBHFHB@LDDBBHCLBFHHRAJARCNCHJBJJJ@@D@H@JAFBF@JDLDHBBBFAFCDAJCLEDB@@BHBFB@H@DALOJETIH@NLLDJBL@F@L@TJND`HJDFBJBH@HBFDBDDLFHLJd\\NFXNFBF@PCL@F@DBDFBJJ`DJBBDAFEFANBDDFDF@LABAF@BBBBAVBNDNHRPX@B@@A@KKEAA@A@@RALALADA@CB@B@DBFJDLFHBD@D@BBFFDF@HBHB@B@F@LAB@DDDJHHDDHBF@HDDBH@HATEHCJ@H@B@FDHDDDAFB@B@B@BAB@DABABAB@BAD@DBD@DBBBDBB@BABABCDCHGLIDCDCDCDAD@BBDBBBB@B@@@@CBADA@@B@BB@@@@BB@AB@@@B@@@B@B@B@BADABA@A@C@A@A@ABCDABABCBA@@B@B@B@B@@BB@@BB@B@@@B@@@A@@B@B@@@@ABBHDH@@@@BBB@@@BCB@@AJIBCD@D@DADAFAF@DAFCBCAAAC@CBCDC@CACAC@C@CACACCCAAEAEACCCCAAAA@AA@@A@A@A@@AAACAE@A@@@@BA@@B@B@B@@@B@FEDC@C@C@CCACAAE@CA@@@ABABA@A@A@@@@BABBF@BA@@BAAA@A@ABA@A@@AAA@EBE@E@AAA@E@CACC@AA@A@@BABA@@B@DAB@BBD@FBB@B@@@BB@@B@B@DADAHKDEB@DDBDDABAFAD@BCAAACACBEFABADADEAECAE@C@ABEDEBC@EBEBCBCCBCACBM@KAe@CBAAE@K@CCC@@@CA@@@AA@@@@A@@A@B@@@@A@@@@@@A@@@@@@@@@@@@@@@@@@@@A@@@@@BC@AB@BG@A@A@@@@A@A@@BA@@@@@@AA@@@@@AB@@@A@@@@@AB@DCBA@ABA@@B@@@B@@A@@@@DAHE@CBGAC@CBCBE@CCAADCFCDABA@C@ABADAH@BADEDAB@@@BADCBABA@AB@BA@@B@B@BA@@@@@A@@A@@@@@AA@@BA@A@A@@B@@A@@@@@AA@@A@@@@@A@@@AAC@C@AAAA@ABA@C@A@A@@BA@@B@@ABA@@@@@@B@@A@A@@@@BA@@DCBCBA@ABABA@A@AB@BC@A@A@A@@BA@ADA@@BAB@B@B@B@@ABA@ADCB@@@BAB@B@@A@@BA@ABA@@@A@@B@@@@@B@@@BABC@A@@@A@@@@@@B@@@@@B@@BB@@BBB@B@B@@B@BB@@@@B@B@@@B@@@@@B@B@@@DADAB@AC@@@A@A@@AA@A@@A@@A@@@A@@@@@@@AA@@@@@@A@@@@@@@AA@@@@@@@@AAA@@@A@@AA@@@AAA@@@@AA@A@@A@@A@@@A@@A@@@@AAA@@@A@@A@@A@@@@@A@@A@AA@@@AAA@@AA@@@A@@@@A@@A@@AA@@@@@@@A@@@@AA@@@@@@@@@@@@@A@@@@@@AA@@@@@@@@@@@A@@AA@@@@@@AA@@@@@@BA@@@@AA@@AA@A@@AA@A@@@A@@@@AA@A@@AA@@@A@@AA@@@AAA@A@@A@@@AA@@@AAA@@AA@@AA@@@@@@AA@A@@AAA@@@@AA@@A@@@@@A@@A@@@@A@@@@@AA@@AAA@@AA@@@@@@@AB@@@A@@A@@@@AA@@@A@@A@@AB@@@@A@@A@@@@A@A@@@A@@@@@A@@A@@A@@BA@@@A@@@@A@@@@A@@A@@A@@@@@@A@@@@@@A@@B@@A@@@@@AA@@@@@@A@@@A@A@C@@BA@@@AB@@@@A@@@@@@@A@@@A@A@@@@@ABA@@@@B@@@@A@@@AA@@@@@@@@@@A@@@@@@@A@A@A@@@A@A@@@@@A@@AA@@@@@A@@@@BA@A@@@@@A@@@A@@@@B@AAB@@@@@@A@@B@@@@AA@@@@A@@B@@@@@B@@AA@@A@@@@@A@@@A@@@@@@@@@A@@@@@@@A@@A@@@@@@AB@@@AA@@BA@@@A@@@A@@@@@A@@@@B@@@@@@@@@@A@@@C@@@@@@@AA@@@@@@@@A@@@A@@A@@ABAA@@@@A@@@@@A@@@@@A@@@@@A@A@@@AB@BA@@@@@@@AA@@@@@@A@@@A@@@A@A@@@@@A@@@@@@A@@A@@B@@A@@@@@@@AA@@@@A@@@A@@@@A@@A@@AA@@@A@@@@@A@@@@AA@@A@@@A@@@QiEUJEFEFCFGFGDGDCBADEDCBGDGDGDEDEHKZMJCDCHEDGLMHGBCHGJM@IBMCGIGOKGCGMCASEM@CCEQGCC@CBEFMNOLO@MFMCACGIKCUGOEOIQIQQ@@C@E@@@C@AACAAACCA@EDKDMBUBABA@UJGDGDE@E@CCACAECIGQAIAABCFG@@BABCBA@CBC@CDEBEDCHCFADCBADABC@@BCBA@CBCBA@CAACCC@C@@F@BABC@EACACAACC@CAC@CBCBGDGFGDEDA@@BABABCDC@A@@@@AACBCAAACA@C@@@A@AA@AB@BABA@A@CB@@AAAAA@@AA@@DE@AAA@@A@A@ABA@A@A@@BA@A@AAA@AA@E@A@CAAADABA@AAAACCCC@AAIGEIEAA@ABAB@BABA@AAACAAA@ABAB@BA@@F@B@BCBA@@BAB@D@BABABAB@FAB@BA@@B@@@BDDBHBHDB@@@@@@@@@BBDDBBB@@BB@@B@@BBB@B@@A@ABA@@B@BAB@@@AOCIFIHKHEDCBEBGAACCCCAC@ACBCBKHMPEDCBCAMGIEKGAAAC@E@GEICEIEC@CBGHCJGRCDABC@GAUKQECAA@EBCBEBKAGAAAAA@CGGCAA@AFEFKBG@E@K@KAMAMBICKCGDIFIFIDGBGAG@IEICGCMEIBGDIDEDIHGDIBIAMEEACBCIAAC@ABABCBC@AB@B@B@BBBBHBDA@@BCBEBGD@B@B@BCBA@C@K@A@@@GBC@EDIBGDEBGBEB@DAD@HBFFDDFBDFFHDDFFDFHDFFFDF@F@FDF@FDDABCBCBADAB@B@D@B@@@@@@B@@@@@@@@@@BB@@@@A@@@@B@@@@@@@@@@@@B@@@@@@@AB@@@@@BB@@@@@@@@@@B@@@B@@@@@@@@B@@@@@@@@@@@@B@@@@@@B@@@@@@B@@@@A@@@@B@@@@@@B@@@@@B@@@B@@@@@@B@@@@@@@@@@@@@@@@@@@@B@@@@@@B@@@@@@@@@B@@B@@@AB@@@@@@BB@@@@B@@@@@BB@@@@@@@@@@@@@B@@@@@B@@@@@@@B@@@@@B@@@@@@@@@B@@@@@B@@@@@B@@@@@@@@@BB@@@@B@@A@@@B@@B@@@@@@@B@@@@@@@@@@@B@@@@@@@B@@B@@B@@@@@@@B@@@@@@@BB@@@@@AB@@@@@B@@@@@BBB@@@B@@@@@B@@BB@@@@@B@@@@@FBFBDBBBBBBF@F@BAFCD@DBDBF@BAB@BAB@B@@DBB@BBBB@@ADCFADABBB@BAD@BADA@EFCLCHABCBC@CBG@CDCB@D@B@D@B@BEJGNCBC@ABA@ABABC@A@CB@B@BAB@D@D@DBFDRBF@BADABADBBHDTJBB@@@@BBBBB@@B@BBB@B@@AB@BAB@B@BB@AB@B@B@BABABADA@@B@@@BBB@@@B@BBB@@BBDBDB@@B@@@B@@@B@@BBD@BBBB@BB@@@B@@@B@BAB@B@@AB@@@BA@@BABA@@B@@A@@@ABA@@BAB@@@@A@A@@@A@@B@@@B@B@B@B@@A@@B@@A@BB@@@@BBBBBBB@@B@@@B@B@@@D@BAB@B@@@DBDB@BBB@@@@B@@@B@B@@BBD@@@@B@@@BABA@@D@D@D@B@BAB@BB@@BBB@B@BBB@@@B@BB@BB@@B@@B@@@B@@@BA@@B@@@B@@BB@@@@B@@@@@BB@BBDAFAB@B@B@@AB@@ABA@@B@@@B@BB@@@A@@B@@@D@B@B@@B@@B@@@@@@@BA@@B@D@B@@@BA@@B@@AB@@@B@@AB@@@BCDGJEJCJCHEFEHAHAHCH@LAHEFENAFAD"],"encodeOffsets":[[108548,37063]]}},{"type":"Feature","id":"640423","properties":{"name":"隆德县","cp":[106.12344,35.618234],"childNum":4},"geometry":{"type":"MultiPolygon","coordinates":[["@@BEBGDG@GBCBEDGCGAGAE@GBEDMBKBIBIDKBG@IBCBG@GBGDK@GDEDEFEFCFEFCFGFCFGBGBEEEEAIBI@EBI@EC@G@IDGHKFEJGFGFEFIBGBGDEDGFGBE@KAE@EAGCCCCGACAEAEAEAE@ECCAAC@GAI@MAIBGBIBKDKBIBGHCFCJAFB@AB@DA@@BAB@B@@@B@B@BBB@@A@@@A@A@A@CAE@C@ABA@CBC@CBA@A@@BA@AB@BAB@DAB@F@B@BAD@BAB@BAB@DGDIBG@IACAECGIEGECECCEEECEECAAD@BC@E@E@C@CBC@EBCBC@CCGAC@C@E@E@A@@@G@CBEDCD@DADAHAH@DC@@@@A@A@@@@CAAA@@@@A@AD@PADCDE@AACAAEAIACCIAAC@GACCECCEEEEEEEIECCEAG@C@BCBCAEAAACAC@C@CCEAABCAEC@CDE@ECACBC@CDCBAAEE@C@CBCD@D@D@FAD@DEDAF@FBBDDBDABG@ED@FBBDF@B@DABA@C@I@G@A@ADCHEL@BDDBD@DABCFEHABBDBF@D@DCFAD@F@BCBC@@@ADD@@@@@BABB@@B@BBBB@B@BABA@ABA@AAGHBB@DBD@@BF@HAD@FA@@BADAHAB@D@D@BBBBB@@B@@@@@B@@@@@B@@@@@B@@@BB@@@@@@B@@@@@@@B@@@@@BA@@@@@@@@@@@@B@@@B@@@@@@@@@@@B@@@@@@@@@@@B@@@B@@@@@B@@@@@@@@@@BB@@@@@@@@@@@@@B@@@@@@@B@@@@@@@@@@@B@@A@@@@@@B@@B@@@@BB@DBDBBDBD@DBDB@FADCBCFCDE@EBE@C@ECAACE@CBCAGAGCCC@ABAF@D@FAFCBAA@EAAE@CBEBCAA@@CC@E@A@@AC@E@CAE@CAEAC@E@C@EAC@EBAD@D@D@BABABCDCBADBBD@D@BDBB@F@D@DAD@BCDC@C@CACEC@ABCBCDCBABGDE@C@GBCBEBC@EBG@MAQFKDK@I@GBIBIBE@E@EBC@EBCDCDCBCDC@GCC@E@G@EAAA@ABEAE@CE@C@C@GBCBEFAACKAE@C@CAGCMCCAAEAGS@EAAGMEAC@KJAZ@JAF@FBFDDADAD@B@F@F@F@DADCDCAOGADBDDDFF@DC@C@ADAFADDDBB@DABADAB@D@BADADADADFFDDFDFBFBJBDDJDDDHDDFBJBF@FBDDFBHBHDFFHBBABCBGLCFCFAFAH@F@FBDDBDDHDFBDDBB@D@DBFBB@BBDBDF@FAHEFADCBAB@B@BB@DBBBBDAH@JABAB@B@B@BBD@DALEDABAD@BDB@D@D@BAB@B@DBBDDDFDBBD@F@BBBB@LDDBDBFBJ@BDBF@FBBBBB@D@B@BBBBB@B@BBDBBDBJDFBDBDALAFADAFADAF@DBD@B@D@FADAB@DBD@@@BA@ABABABBB@D@B@D@JCH@D@DBBBD@B@DADCHADAD@DDBBDB@B@BD@BADCDAB@BABA@AD@BBDAB@BCB@BAD@B@B@DABAB@BBADGR@H@D@BABABABADADBB@@@BC@AAEBEBE@CBABE@EAGBCBC@A@C@C@ABEBEBEDEF@BADCRAB@B@BD@B@D@B@@B@DABA@CB@BAF@B@BBBB@@B@BABABC@GDABAB@B@@BDDJDJDJHCFADA@AB@ACAGAA@A@A@ABAD@DABABAD@BBDJDAFBNFJBJAHCJGFCJCHCJANFHDJDJFH@HBHAJCJEJEHCLDJDNANBLBL@F@H@LAFEBE"],["@@@@@A@C@A@CA@AAA@@B@BAD@BA@CBAAC@ABC@@B@D@B@B@B@BCBADEFAFCBA@CACACAACAAA@C@C@CAAA@A@A@ACCECCAAA@C@ABCBABC@A@AACGCCAC@AB@BBB@D@BADABEBCDA@ABAA@@@A@ABABAAC@A@E@CACE@EAE@GACAEAAC@@BA@AEAEACACAAB@BADCFABC@AA@AAAAAC@A@C@A@C@AC@E@CA@A@CBCBABC@C@C@C@ABCA@AA@ACAAAAA@A@A@C@AAEAGAAAAAC@A@A@C@C@A@@AA@AAAACAADA@AD@D@B@DABAD@BAD@F@HAF@HBJBFBBB@B@BB@BDBF@F@DBHBH@B@BABABCD@D@DBD@FBHFHHBBB@B@B@D@B@D@DBD@D@BBBBBBD@B@F@FDHBDDDD@@B@FBB@B@@ABAB@BBB@BBD@B@DBBBB@@BBBBBB@D@B@DB@@B@B@F@D@DBB@DDBBB@BBDAB@DAB@FBHBDDB@BDDBBBD@B@DADAF@B@BBBBBBD@F@HBF@DABA@ABA@AACAAEGACAA@C@AAA@C@A@CBAB@BA@A@AAAAAAA@ABCBA@@BA"],["@@@@@AAC@ABAC@CFAD@BBD@BHG"],["@@@@A@CBCDEDAB@@AB@BBB@BBD@DAB@D@@@B@BB@B@BABC@@BADCDAB@BA@@@AACAA@@AA@A@ABA@A@A@A"]],"encodeOffsets":[[[108741,36620]],[[108600,36306]],[[108620,36306]],[[108619,36271]]]}},{"type":"Feature","id":"640424","properties":{"name":"泾源县","cp":[106.338674,35.49344],"childNum":1},"geometry":{"type":"Polygon","coordinates":["@@BCBCAA@A@C@CBEBADC@AGIAG@G@G@EB@BCBGBAB@B@B@B@D@BABA@A@C@ABABA@@DAL@FABA@C@ADAFBD@D@DG@C@ACI@E@ABCB@H@HDFDBBBB@D@HBDBBB@B@D@B@B@@@DDDH@B@BAD@BBBDBHBBBDBF@DBDBD@DAB@B@@@AACE@A@A@AD@D@B@@BBBB@TBNBLBPAFCBIHEJCFBFDF@JCFCD@@ACECCCECECCAA@@GKAACAA@C@A@@@CAECCA@A@C@C@E@C@A@A@A@CBCDCBA@A@AAAAA@A@ABA@AD@DDD@@@B@BA@CAC@CBCBCDC@ABA@ADAD@DADADA@@BAAAAA@AAAAACAAA@@AA@@@A@CDE@@DCHCDCBABABABA@AAE@C@G@A@EBABADABABABCBEBIBE@ABA@A@AAA@ADCDABAB@BA@ABAA@@@@@EA@@AB@@@@A@@@AB@@@@A@A@@@A@A@@B@@A@@@A@@@AB@@A@AB@@@@AB@@A@@@A@@@@@@@A@@@A@@@@@A@@@@@ACACAC@ACIAGAGAAACAEACBEBA@ABAAAAC@C@ABAB@BA@CAAEAEAACCCCCCC@@@A@ABCBC@ABAB@FAD@DA@A@AACAAACBALCJEDCBA@CBA@EBCBC@AAC@K@@@A@A@@B@@@@A@@@@B@@@@@@@@@B@@AB@@@@@@@@@B@@@@@@@B@@@@@@@B@@@@@@BB@@@@@@@B@@@@@@@B@@@@@@@@@B@@@@B@@@@B@@@@@@@B@@@B@@@B@@@@@@@@@B@@@@@@@@@@@@@B@@@B@@B@@@@@@@@B@@@@@@@B@@@@@@@@B@@@@@@B@@@@@@@@@B@@@D@@ABCAKAGCIAIJAAA@@@@@@@@@@@@@@@A@@@@@@@@@@A@@@@@A@@@@@@@@@@A@@@@@@AA@@@@@@@@A@@@@A@@@@@@@@AA@@@@@@B@AA@@@@@@@@@A@@@@@@@A@@@@@CBCDADELSFI@EBE@A@ABAB@DCBA@ACCAA@AGOA@ACAMACBAB@BAB@@CBABCA@@CAC@CAEBABCFABCBEAAACBABCDA@@FCDA@A@@AAC@C@AACCAACCE@CBACAAAC@C@C@CCCACBEBEBCAACCCAAACEACCCECCAACCCCAGAEAC@C@C@@CCAAAECCAECACEAADE@CAAAECA@CAACCGCACC@AAEACCCCAC@ADGDC@ACECE@EAE@EACACCCAC@ABGFGDI@ECAEDKFIFGBKACEACCACCCCACCK@CBCBAD@D@FADABGDC@E@CACACBCBCBCDADCDAFEDCBC@AD@DBDBF@D@DABCBCBCDABADCFC@EAE@CBCDAFEDCDEBGF@FBDBD@DCDADCDADCDENCFCBE@C@E@E@EBIHAD@DAD@FAFABEFCDEDAD@DBDBDLHBF@B@FCDEBABAFCPAF@D@B@FAD@D@DAB@D@BDBFFFDFFDDDFHFJFDHBFBD@JAHCJCHA@ABA@ABC@ABA@E@A@CBA@ABA@@BAB@@@BAB@DAD@DAB@B@DBF@D@B@B@B@@@BA@AAA@A@@@A@A@AB@@CBA@@BEAIBEDGDAHAJCLALAJAHBJ@NBJ@HBDDBFDF@FBFBFBDBHBDDDDBH@FBF@LAFEHCHCFAHAHEJEFEHIHEFGLCH@J@HFDJ@FAJ@JAFBFFAFAHEHEDEHEDEFEDEFCFCF@HCLAH@HAHAD@JAHCLAJAJALCNAF@HBFBHDHCHAFAD@HCHAHAFB@DBHH@DBBBBHBLBFADAFAB@DBRFVLHBD@BADCHQDIHGDAD@JFDFFJ@H@FBDBBLHJFNHDBDAFCNOLGDADA"],"encodeOffsets":[[108868,36633]]}},{"type":"Feature","id":"640422","properties":{"name":"西吉县","cp":[105.731801,35.965384],"childNum":1},"geometry":{"type":"Polygon","coordinates":["@@BCBEFMFEBG@KDGBGBGFGFEDGDIFIHIDC@A@@BA@@@A@@BA@@@AB@@A@@@A@C@AB@@A@@@@@@@AA@@@@A@A@C@@@AB@@@A@@A@A@@@AB@BA@@BA@@@A@ABABEAC@AAA@@@@A@@@@@AA@@@A@@@AB@@A@@@A@@@AA@@@AAA@@A@A@@AA@A@AAA@AA@@ABA@A@A@C@C@CB@BA@A@@@A@@C@AA@@@A@A@@@A@@A@AAA@AC@C@@@ABA@A@C@@@A@A@@@AA@AAAAAA@@@@AAB@@@@AB@@@@A@A@A@A@@@AB@@@B@B@@@@@BA@AB@BA@@B@@@@AB@BA@AB@@A@@BA@@@ABA@A@A@@@A@@AAA@AA@AAC@AA@@@A@@@A@@@CACAAA@@AA@A@A@@AA@A@@@AB@BCBABA@A@A@ABAA@@A@ABA@ABA@@@AAA@A@AA@AAAA@@@@AASIGCAABCBABC@AAECQAE@C@C@CBA@A@ADAB@D@BABAB@BAD@DAHMFI@A@A@C@A@CDADCH@DAD@DABADGDKFEB@BC@ABC@AAABABCDEBC@@AAAAA@CA@@@ABA@ABA@AAEAC@CDCBE@A@EAEAAAACAEAEA@@@@A@@@@@A@@AA@@@@@A@@@A@AA@@@@A@@@@@A@@B@@@@AA@@@@@@A@@@@@@@A@@@@AA@@@@@@@A@@@@@@@@@@@A@@@@@@@A@@@@A@@@BA@@@@@AA@@@@@@@@A@@@@@A@@@@@A@@@@@@@@@A@@@@@A@@@@@@@A@@@@@A@@@@@@@@@@@@@A@@A@@@@@A@@A@@A@@@@A@@B@@@AA@@@@@@@@@A@@@@@@@@A@@@@@@@@@@@@@@@@@@A@@@@@@@@A@@@A@@@@@A@@@@A@@@@@@B@@A@@@@@@@@A@@@@A@@@@@@@@@@@@@@A@@@@@@A@@@A@@@@@@@@@@@AA@@@@A@@B@@@@@@@A@@@@@@@@@@A@@@@@@B@@A@@A@@@@@@@@A@@@@@@@@A@C@ABABCDADABACC@ECE@E@ECEEECEEGECCEGCEEACCEECAE@GBC@CFAHAFAHCJAFCD@HA@@B@L@D@B@DA@A@A@ACICICIAC@@@ABABAHCD@BABA@A@AA@AA@A@ABE@ADAB@BA@C@AA@C@A@C@@A@ABADQBC@AFEFCFAFABAD@D@B@D@DAHAFBF@BADAF@FAFABBD@@A@@AABCBCBABABA@A@C@GHQBCAAA@ABCBA@A@C@ABA@ADA@CBAAC@@BABABA@CBCDABC@@A@ACAAACCC@CBGBCDCBA@C@AACAC@G@IDC@A@C@A@AAABAB@BAB@@C@CAA@CBEBC@A@C@CAE@CBEBCBEBKBCBCAEAICCAAAAC@A@AAAAA@A@A@CAAAAEAE@CA@AAIAEACCC@KAAAAE@C@AAECCCACCAA@A@ABC@C@A@ACC@ABCBKFCBC@AAA@A@A@ABIBG@CBAAAA@CAAA@A@ABCDEBGFEBE@ACAC@AAAAE@C@CAACCEAGCCCCAAC@E@EBGBEDEDEHKDABAAAEGCEAGAGCEAC@EAEAICEGCCCICCCIAEAEAECCCEEMICACAE@ACCACBEFCDCDADADCDABEBA@CD@@@@@@@@@B@@@@@@@BA@@@ABAB@B@@@B@@B@@@DBB@BA@@B@@@@BB@B@@@@B@@@@@@@B@B@@AB@@A@@@ABAB@B@@@@D@ABCBCDODE@C@GBCDADEBBHCBCAE@CF@BBBHBF@D@B@BD@D@DDD@BBBBFADCBCBCAAAAC@CACCCCAIDGB@FBHDHAFEDG@IAEEE@ADCBAFCBABE@CB@BADBFDJBDFD@B@DADBDDBBD@DCFADCBCBE@GBCDABCDC@EAICE@AB@DBD@B@F@D@DAFBBHFHDDAFADBBFDDDDDH@FBBDFJJF@BC@AAEAABABCBEBM@GBEH@DABAF@FBBDDDBDBBDDBBDBBFDDDBBDBD@DBBBFAFABCDEAEAABCDC@EAACAC@A@CCAEBMPEBEBEACBADCDE@C@EACCCCCBEBEBGBAB@B@@@@@B@@@@@@@@@@@@@@@B@@@@@@@@@@@@@@@@@B@@@@@B@@@@@B@@@@@B@@@BABC@E@C@ACBC@CACAAC@EBAD@DAF@BADABEBAA@@@@@@@@@@@@@@@@@A@@@@@@@@@@@@@@@@@@@@A@@@A@@@@@AA@@@@@B@@AA@@@@A@@@@@A@@@@@AAA@@@@@@A@@@@A@@@@@A@@@@@@A@@@@@@AB@@@@A@@@@@A@@@@@@AA@@@@@@AA@@@@@@A@@@@@@A@@@@@A@@B@@A@@A@@A@@@@@@@A@@@@@@A@@@@@@@@@A@@@@A@@@@@A@@@A@@@@@@@AA@@@@@@@@@@@@@@A@@@@@@@@@A@@@A@@@@@A@@@@AA@@@@@A@AA@@@A@@@AA@@@@@@@@@A@@@@@@@A@@A@@ABA@@@@A@A@@@@@@@@@@@@@@@@@@@@@@A@@@@@@@A@@@@@@@@@@@@@@@A@@A@@A@@@A@@@AA@@@@@@@@A@@A@@@@@@@@@@A@@@@@@@@@A@@A@@@@A@@@@@@@@@A@@A@@@@A@@@A@@@A@@@@@@@@@A@@AA@@@A@@@@@@@@@A@@@@@A@@@A@@@@AA@@@@@@@A@@@@@@@@@@@A@@@@@@@@@A@@AA@@@@@A@@@A@A@@@@@@@A@CAAAEACC@CBCACEBC@E@C@CAEACBEBC@C@E@@CFM@CDC@C@C@ECECACACAAEC@ABADCL@DBDBDHJBDBB@D@DAFADCFABCDEBG@EBIBEEECEAC@ADCBEDE@EAGCIAEEEAC@CDCDE@EAC@ABADCBG@C@A@EBCDCBAFG`ADABCBCBEAECAACCE@C@@H@HDJBP@DBDAFKHGDCAE@CAEBADADCDADAL@X@DAD@H@HADCBEAIIA@AB@FAHADC@C@EAECCCIIECACCEEKEKEEEBABABAFABADADABBDDDRT@BCACACAE@CB@DBBBDBB@DCRAD@BCDADADADDDHDFBBBBBDDDBBCDCBADCHABBBDBD@B@F@DCHGHADIDGDEDCAEAGBC@GDGFADCBAAACEAE@IFGBGFAFCBADAFCJEJAHBDDBFDF@BAD@DBABAFAF@HAJ@F@BABADCBEFCBCDAFBDBBBBBFDBBD@BDVBFAD@JDNATAL@D@F@@@@@BBBB@@@@BB@@@@@B@@@@@@@B@@@@@A@@B@@@@@@@@@@@B@@B@@@B@@@B@@@@AB@@@@@@@@@@@@B@@@@BB@@AF@B@D@B@BB@@BABA@@@AB@@@B@B@@@B@BB@@@@@B@@B@@@@@@@B@@A@@@B@@B@@BB@B@@@BAB@BB@BB@@@@@B@B@B@@BBB@B@@A@@@@B@@@B@@@B@@BB@@AD@@@BBB@@@B@BB@@B@BBB@@@BAB@B@B@D@B@@@@@@BABAB@DABA@AB@@@B@@@B@B@BB@@BBBBDFDBBBB@BB@BA@@B@BB@D@BDDBBBBDBB@D@B@@BB@B@@AB@@AB@@BBB@B@B@BBB@@@ABABA@@BB@B@B@D@F@D@BBB@BB@D@B@B@BBBBBB@@@@B@@@BABA@@@@@AB@@@BA@@@A@@B@@@B@BB@@BBBDFFBDBDDBBB@DB@BBDDDBB@@@@BBBBB@BDDBB@BBB@@@B@BB@B@D@B@B@@AB@BB@@B@@AB@@ABA@A@@@AB@@@@B@BBB@@@BB@B@B@B@B@@@BB@@B@@A@@BABAB@@@B@@DB@BDB@DDD@@@D@DABA@A@@DCBA@@@@@@BB@@B@@@BA@@@A@@B@@@B@BB@@BAB@@B@@BB@@B@@@BA@AB@@AB@@@@@BBB@B@DA@@B@@@@@@BB@@@@@@BBB@@DA@@B@@B@@BB@B@B@BDDBDBDBD@DBDBD@@BB@B@DAFABADABB@@@@@B@B@@A@@B@B@B@BAB@@@B@@@BJDLBDDDBDBBBBB@@DCBCDABCBCBCBCDCB@D@B@D@BEBED@@@BBDAFCHEJAB@D@@@BBD@DAB@@D@@@B@@@B@@@DA@@B@@BB@@B@BB@@@DBXNLFFFLJLFJHNDRHPFRFNJLDJBD@DE@@B@@@B@@A@@@AB@@@@@B@B@@@DA@@BAD@D@@@B@@@B@@@@A@@@AB@@A@@BA@@@@BA@A@A@A@E@A@A@A@A@@BABABABAB@BAB@@@DA@@BAB@@@DCBCDABCBA@ABA@A@A@AAA@@@@@A@@@@B@@@B@B@@AB@@@@AB@@@@AB@@@BA@@D@BAB@@@B@@ADGFAHKHEJEHEFEHEDEHEFCFAJAFAF@H@FBFBDFFHDFFFPJXDXAPADBFHHDJ@TIJOHODGMKKIKEGIDEL@LHHDJ@JCPBPFH@JCFKBMBCJEDBFFLHFJPNRHPLDHDPBFLRRVFDLHAFAJALBJBJDDF@L@P@P@PAPATAL@L@JCPGNIRGLELANAJ@H@"],"encodeOffsets":[[108548,37063]]}},{"type":"Feature","id":"640425","properties":{"name":"彭阳县","cp":[106.641512,35.849975],"childNum":2},"geometry":{"type":"MultiPolygon","coordinates":[["@@@B@BB@@@@@B@@@@AB@@AB@BAB@@AB@@@@@B@@@@@B@@B@@@@B@BB@@B@@B@@BB@BB@@BB@B@@@B@@@DB@@B@@@B@@@@@@B@@B@@@@@@@@A@@@@@@B@@AB@@@B@B@@B@@AB@@@@@@A@@@@B@@B@B@@BBBB@BAB@@ADC@A@CDG@CBADEDEBCB@BA@CBA@A@C@@@C@AB@B@@ABC@@BAB@@@BBB@@@D@@BBA@@@@@A@@@AB@BA@ABABAB@B@BA@AB@@@@@@B@@@BBB@@BB@BB@B@@AB@B@@AFAB@BAB@BAB@@BDBB@BB@BBBB@@@@@@A@@BA@@BA@A@A@AB@@AB@@@B@@A@@B@@@@@@@@@@@@B@B@@B@@@@@B@@@BAB@@A@AB@BC@ABABAFAHEB@BA@AB@@@@@@@@@B@@@@ABB@@@@@@@@@@B@@@BC@@@@@@@@B@@@@@@@@BB@@@@@@@@@@@@@@@@@@@@@@B@@@@B@@@@@@@B@@@@@@@BA@@@@@@@A@@@AB@@@@@@A@@@@B@@@@@@@@BB@@@@@@@@@@@@@BA@@@@@@@@@A@@@@@@B@@@@@@@@B@@@@@B@B@B@B@DBD@@@B@@BB@@B@@@@@@@B@@@BA@@B@BCDADA@AB@@B@@@@@B@@@@BF@B@B@BB@BBD@@@BA@@BA@@B@@@BAB@@@B@@@BCB@@@@AB@@ABA@A@A@@BA@@@@B@@@@@@A@@BA@@@@B@B@@AB@@AB@@@@@B@@@BA@@@B@@@@@@BB@@@B@@@B@@@B@@BB@@B@@@@@@B@@AB@@B@@@B@@BD@DB@@B@@B@@B@@B@@@@B@@@@A@@@@@AB@@@@@@@B@@BB@@@B@@A@@@A@@B@@@@@BABCBAB@@@@@@@@@BB@D@DBFBHB@@B@@B@BB@@@@@@@@B@@@@A@@BCBABABA@ABC@GBEBE@C@@@A@@@A@@@@@@@@A@@B@@@@@@@C@@@@B@@@@@@@B@@@@@BABC@@B@@@@@@@@B@@B@@@BCB@B@@@@@@@@B@@@@AB@@B@@D@BB@@@@BB@@@B@B@B@@@BA@@B@@@B@B@@@@@B@@B@@@@B@A@@AAA@@@C@@@ABAB@@ABA@@BAB@BABCBC@@@@@A@@@ABC@A@A@A@A@AB@BA@ABA@@B@BAB@@A@@@@@@@@@@BA@@BA@@@@@@A@@@@@BA@@@@@@@@@@B@@@B@@@@@BB@@B@@B@@@@@@@@B@@AB@@@@@BCB@B@@A@@@@@A@@@AB@BC@@BABC@@@@@AB@@@@@@A@@@@@@@@B@@@@@@@B@@@@@@@@@@@B@@@@@@@@BB@@@@BB@@@@B@@@AB@@@@@@@@@BB@@@@@@B@@@B@@@B@BA@@@@@@@A@@@A@@@@BABA@@@AB@BABA@ABC@ABA@@B@@AB@BA@@B@BAB@@@B@@@@@@@@AACACAA@@AAAC@@@@B@@@BC@@@AACAA@A@AAA@ABA@ABA@@B@@A@@@@@@@@@AB@@@@@@BB@@@@@BD@@@@@@@@@AB@@A@A@@BA@@B@@@@ABBB@@@B@@@@@@A@@AA@AAC@A@@@A@@@A@@@@B@@B@@@B@BB@@@@@@@@@@@@ABA@C@@B@@@@@@@@@@@@@@D@F@B@B@DBB@@B@@@B@@B@@BBBD@B@@@@@@@@@@@BB@@@@@@@@@BB@@BB@@@@B@@@B@@@@@@@@A@C@A@@@A@@@CAA@@@A@@@AA@@A@A@@@@@@@@@AAA@@@A@A@A@AAC@@AA@A@@@@@AB@@@@@B@@@@AB@@AB@@A@@@@@@BB@@B@@@@@B@@@B@@B@@BB@BBB@DBDBB@BDB@@@BB@@@@B@@B@@@B@@@BADADC@@@A@@@@A@@A@@A@AA@@@@@@A@@AA@@C@C@@@AA@@A@ABA@C@C@@@@@@AB@@@@@@@@@@@@@@A@@@@@@@@@@@@@A@@@@@@@@@AA@@@@A@@@A@@B@@@AA@@@B@@@@@BABABABABABA@AB@B@D@B@D@@@B@B@@A@@@CBI@C@AB@@@@B@@@B@D@@@@@@@BBA@@@@@AB@@A@@@@@B@@@@@B@B@@B@@@@@B@@@@A@@BC@C@CACAA@A@@@@@A@@B@@@@AB@@@@@@A@@@@@@@A@@@@@A@A@A@@B@@AB@@@@@AA@@ABAA@@A@ABC@@@@@B@@BB@@@@@@BA@@@A@A@C@A@A@@@BA@@BA@C@@@AAA@A@@@@BB@@BA@@AA@A@@@AA@A@AA@@@@@@A@@@A@@@@@@@@A@@A@@@@@A@@@A@@@AAAAAA@A@A@A@@@A@@@@@@AA@@@A@@@A@@BA@@@@B@@@B@B@@A@@@@@B@@B@@@@@@@@@B@@@@@D@B@B@@@@@@@@@@@@AA@@AA@@A@@@@A@@@@@A@@@A@@@@A@@@A@@@@@@@@@@@@@A@@@AA@@A@@@A@@@A@A@@@C@A@A@A@A@@@C@@@A@@@A@C@@@A@@A@@@A@@AA@A@C@A@@AA@A@@@@AC@@@A@@@@@BA@@AA@C@@@AA@@A@A@@@A@@@AAA@A@@@A@@@@@C@A@C@A@@@@B@@@@@BABAB@@ABA@@B@BAB@B@@@B@@@B@@@B@@@B@B@@@BA@@B@BA@@@A@@@@B@B@DBB@B@B@@@A@@@@A@@@@@AA@@A@@@AB@@@A@@@@A@@@@@@A@BE@ICGGGICGACECEAAEDA@AC@GAAGCCEAE@G@UACC@EDAF@D@FDD@FCDEDACA@CBAAEAA@@BBB@DADA@CCCDABAAHU@EBE@@FGFCJCDBNCF@BD@FDFDDFBHAH@FFBA@A@@BA@@@@@@@A@@BA@@@@BA@@@A@A@ABA@@@@@AB@BA@CEIAGCBCDC@AAACAAIE@BCCA@A@@BA@@@ABA@@@@@A@@@@@A@@@@@@BAB@@A@ABA@@BA@A@CCCE@CAA@@CBA@@CBC@C@C@IC@C@CDEDEBCBE@EAGCEEECCCCEA@ABABA@GA@@EDA@@ABAACC@BABABEBC@EEAECECE@AA@CBADEFADAFAF@FAD@FAD@B@@BBFBBB@FEDA@C@EDEAEA@CDCBCFC@A@A@CC@AAA@A@AB@D@BCJ[@ABBABBB@HD@@A@@DAAABA@AAAB@@@@A@@AE@@@@BA@A@@@@B@@@@A@@@@BADE@@B@@A@@BA@@@@BA@AB@@AB@@@@@@@BA@@@@@A@@@@@A@@B@@AB@@ABA@@B@@@@AB@@@@A@@@@BA@@@@@AB@@@DAFDFBHDBADCBCBEDEBCA@AAAC@A@ABAFAH@D@BC@A@CCCECC@@@@@@@A@@@@BCB@@AB@@@@@@CBAAI@GBEDA@C@AAAA@CBABAB@DBB@B@@GBEACBABAB@DBD@BA@@EABAHBBA@G@CEC@CDCBABAA@EB@A@EBEAEEAABCFCDCBCAACAGAG@CBA@A@@CAMBEBA@DJ@HCDGDEBCDE@C@AACC@CBGAGAE@E@GBK@GAGACAAA@GBCDEDCBGBGAEAG@EB@@A@@A@CAE@@CBCJA@CDG@C@EA@AAA@A@CFGBEDCAAABA@@BA@@@@@A@@AAA@@@@AA@@@@@@@@@@B@@@@@B@@@@A@@@@@@@@@@@@BA@@@@@@AA@@@@B@@@@A@@@@@A@@AA@@A@@C@@@A@@AA@@@A@@@@AA@@@AA@@@@AA@@A@@A@@@@@@A@@A@@@@@@@AA@@@@@@@@A@AAA@@AA@AA@@IBEFAB@B@HA@@BAACAAAA@ABABA@@DC@AAA@AB@DABE@AA@@AAA@ADCBC@AAAAAA@B@D@FCBEACCECCAC@AFA@C@AA@ABGAE@EAE@EBABA@AA@A@CCCCAA@ADCDB@BF@D@BGBCAE@@AAC@A@CBEBE@CACAAAABADA@@A@AAAA@ABAB@DA@GDCFGDMJCBEBEDGDEDEBEDEDCF@D@DABA@AAAAEA@BA@@BBBBBDB@B@BA@CBA@CAC@AAAE@CACCC@A@ADEBC@AC@EFA@@ABCAA@@CBA@AA@AAAAAI@CB@BABAFABABA@@A@A@EAAA@G@CBCDCBE@EDABADGJCDADAHAP@HCBC@EEAEAE@E@CCAAB@D@D@D@DADE@@FABABC@C@CA@E@EBCDA@CAA@ACAAAAAC@EBEBG@C@C@ADCDEAEBCDCDCBG@CAGBCBA@EBEAE@G@EBCBE@E@AA@ABI@G@E@CAAA@AHADAF@HADCAGBGCAAK@CBC@E@E@EAA@CAAA@@@ABA@@@AA@CAAAAAA@@A@@DA@@@@ACBACAOCKAIACACCAAC@EDIDE@ECEAIDGFAJEDOBKAMASAA@AA@AA@C@C@@B@B@BDFBB@@A@A@CBC@CACAE@CAAAGACAAA@ABC@A@ACGCC@@A@A@C@A@A@AAAC@G@CAAAAECGCG@A@AD@B@FDJ@B@DCHC@C@EACB@B@DABEBK@CB@@ABAB@B@D@BABABC@A@A@A@A@ABAHADA@@F@H@HBHHJ@BCDABAF@D@D@BBBADAD@BBDDDDDBBAHAFCDGFGLEJDJBP@@A@ABA@@@AB@B@BA@A@AA@@@AA@@AA@AACCAA@@@@@@@@A@GCGACAAC@@A@@@ABA@EBA@ABABABC@A@AB@@ABADA@E@@@ABA@AB@BBBDBBB@BABABA@AB@BBBJFHFBJ@BDDDDBBBBB@BABCBB@D@B@FBBB@BBB@B@@AB@B@B@BAB@B@@@BB@BCF@@BB@@BBBB@BA@@D@BABABA@@BBBB@@@D@B@BDBBADBD@B@@B@D@DCBABA@AB@FCHCHEHCDADAD@DBD@BDDBDBFBD@BA@A@ED@D@DDBB@DABAD@DABAD@@ADCBABCDEBGDCDAFCF@DAD@DABADAB@@EHADBBBJHRDJBFBDDDF@F@HCHCVIB@BAVANALCFCB@DDBBDBBBD@@@F@D@@@RRRJPJPFVHLDHJBDNDNEP@PKNMFEDAD@HDFRDDN@TFDBHNHDPLJHDHAN@JINGHADGHKNCHGFCDIDYNGLCFCFCHCHAHCDCFABCDCHEHEHEDEFIFFVRj@@B@@@B@@@BB@@@@@B@@@@@B@@BB@@@BB@@@@@@B@@@B@@B@@B@@@@@@@BA@@@@BB@@@@@@@@B@@@@@B@B@@@B@@@B@@@@B@@B@@@@@@ABA@@B@@@B@B@@@@@B@@@@@B@@@@@B@@B@AB@BB@@@@B@@@B@@@@@@B@@B@@@@@@@D@@@B@@@@@@@@A@@@@@@B@@@@@B@@@B@@AB@@BB@@A@@B@@@@B@@@@B@@@@@@@B@@@@@@@@@B@@@B@@@@@BB@@BA@@@@@A@@@@B@@B@@B@@A@@@@B@@@@A@BBA@@@@@@B@@@B@@@@@BAB@@@@@B@@@@BB@@@B@@@@@B@B@@@B@B@B@@@@@@@B@@@@@@@@B@@B@@@B@@A@@@@@AB@B@@@@@B@B@@@B@@@@@@@B@@A@@B@@AB@@@D@B@B@@@B@@@@B@@B@@@@@BA@@@@B@@@@B@@@@@@@@BB@@@@B@@B@@@@@@B@@AB@@@BB@@@@B@@@@@B@@@B@B@@B@@@@B@@A@@BB@@@@B@@BB@@@@@BB@@@A@@B@@@@@@BB@@BB@BB@@B@@@@@B@@B@@@@B@@@@@BB@@B@@B@BB@@@BBB@@@@@@BB@@BB@@BB@B@@BB@@B@@@@BBB@B@@BB@@@B@@BB@@@BBB@@@@@B@@@BBB@@@BBB@@BB@@@@AB@@@@@@BB@@@@@@BB@@@B@@@@@@@@@@BB@@@@@@@B@@@@@@@@@@@@BB@@@@@B@@@@@@BB@@@BB@@@@@@B@@BB@@BB@B@@BBB@@@@B@@@@@BB@@@@B@@BB@B@@B@@@@B@@@BB@@@@BBB@@@@BB@B@@BB@@@B@@BB@B@@@@@@B@@B@@@@@@@B@@@@B@@B@@@@@@@B@@@BB@@@@BBB@@@B@B@@BDBA@ABABADCB@FAB@FC@@B@B@@AB@@@BCB@@A@@@@BC@AB@@@B@@A@@B@@BB@@@@BB@@BBB@B@BB@D@@ADA@@D@@@DBDBBBBBBF@@@B@@BB@@B@@BAB@B@BB@BB@@@B@@@B@@@B@@@@@B@@AB@BABAD@BBD@@AB@DA@@B@@BB@@@@@@@@@B@@B@@B@@@@@B@@@@@B@@@@@B@@@@B@@@@@@A@@B@@@BAB@BA@@B@@@B@B@@@B@@@B@@@BAB@@@BA@@@@@@B@@@@@@@@@@@B@@@BA@@@@@BB@@@@@@@B@@@@@@@@@@AB@@@@@@@@A@@@@@@BB@@@@@BB@B@@@BB@@@@@@BB@@@A@@@@B@@@B@@A@@@A@@@E@@@ABA@A@@@A@@BA@A@@@@B@@@@@B@@@@@B@@@BA@@@@@ABA@AB@@@BA@@@@@@@AB@@A@@@@@A@@B@@B@@@@BD@@@B@@@B@@@@B@@@@@@@B@@@@@BA@@@@@B@@@@@B@@@B@@@B@@BB@@@@@@AB@@@@@B@@A@@B@@@B@@@B@B@B@B@B@BB@@BB@@B@@@B@B@@BB@BB@BBB@B@@@B@@@BA@A@ABABA@@@A@A@C@@BE@AAEBE@A@ABA@AB@@@B@@@@@BB@@B@@@@@@@@B@@@BB@@@@B@@@@B@B@B@@@@@BA@A@A@AB@@ABA@@B@B@BABAB@B@@AB@@AB@@@B@@@B@@@B@@@BAB@@@@AB@@@B@@@B@@@BB@@@B@HBFBD@B@@@D@B@BDDBB@@@BB@@@B@@@BA@@B@@@BAB@@A@@A@@@A@AA@A@@AA@C@@@CBIBA@AAE@A@A@@BEBA@@B@BA@@B@B@B@@A@@B@@@B@@@@B@@B@@D@DBF"],["@@@@AE@C@AAAA@C@C@@B@@@BBB@@AB@@@@B@@@B@@@@BBB@@BBBBB@B@@A"]],"encodeOffsets":[[[109217,37136]],[[109061,36594]]]}}],"UTF8Encoding":true}