{"type":"FeatureCollection","features":[{"type":"Feature","id":"320305","properties":{"name":"贾汪区","cp":[117.450212,34.441642],"childNum":1},"geometry":{"type":"Polygon","coordinates":["@@F@N@J@H@LAHID@F@JBFBJAFABEFAF@JBZLFAVMDCBCBCDCBCDCJ@D@H@D@JBLAD@DCBCBEBC@C@E@ECGEIQ@[AAAAOB@@ABCDADAF@BA@A@CBCAG@ABCNCDQ@A@ABAA@BABC@A@IAA@AAIAA@@AACACBC@A@@A@CCEG@@A@M@A@EAC@@PA@@B@CG@@K@E@G@ADCF@@A@A@C@@@@@C@GAE@A@ABA@C@CAA@A@A@A@C@A@@@E@C@A@C@C@CB@@CBABABABA@A@KBG@A@E@C@@@A@@@@@@DAJ@FI@GAQAGCCGAKAOCCUKCECGAECCGC@@QBS@WBK@CFEHCD@@@@@BCBMFIC]EaIMCSGUEOAI@K@SDWBGBAEGKI@OAKAYKE@ADCFOH@D@DCHEDQ@AFCHIPGDGHADAB@BAD@FAF@D@@@B@D@@@F@BBD@B@HA@A@EAE@@@A@AAA@C@@@G@C@@@@@E@SBG@A@IDI@CFAFDNFNHHNNRPHJ@LCDCHBFLHFBFAJKFADDDHHFDBJ@XHDF@F@JCFU\\ADEHCDAB@JNRDFBJAJCH@DADJNHDRHRDJFHFJHrXNDBAJABABABA@A@GBGBCJGJAD@BACEDAJCDCDE@@@@@@@@B@DCPULS@A@@B@F@JBF@J@DAFE@MBQ@@H@FJABh@FAJAL@DCTAHFFHDBF@H@FAHCHEBCDCDCFAFAV@H@DBDHBB"],"encodeOffsets":[[120418,35295]]}},{"type":"Feature","id":"320303","properties":{"name":"云龙区","cp":[117.194589,34.254805],"childNum":1},"geometry":{"type":"Polygon","coordinates":["@@L@D@D@B@@@B@D@B@B@BBD@AB@H@D@BH@B@@@@@@@B@@@@@@@B@D@B@@@B@@@N@DB@@@@D@@@@@@@D@HED@@DD@@@@@@@B@@@@@B@@@@@@FHBHD@EJ@PB@AB@DBBEAA@KBABA@GDAFA@@RDTBLADC@GFKDEB@@@D@LEHCDG@U@W@IBCDEDK@ABEB@LGTIBA@@F@D@@@@@@@DGBA@A@GAEIEAAACEKAQCMAACAC@E@G@QDGFEFEBQDGFIDC@G@G@KEIAKBEBEDCDCFCBC@K@ADBL@DCBCBIHCB@DDD@@@@@@BDPRBBABADIPD@DBRJ@@@@@@@BA@ABABCDEFGFGFCDCDEFA@CBMHCBCBC@ADEB@BC@KA@B@@@@@@@@IA@@@@A@@@AACBKABB@BBB@@@@@@@@BB@BBBBBBDBB@@@@@@@B@@@D@D@D@D@D"],"encodeOffsets":[[119999,35087]]}},{"type":"Feature","id":"320302","properties":{"name":"鼓楼区","cp":[117.192941,34.269397],"childNum":2},"geometry":{"type":"MultiPolygon","coordinates":[["@@CkA@@@A@@@@@@@@@@@@A@@@@A@@@@@@@A@@@@@@A@@@@A@@@@@@@@@@@@@@@@A@@A@@@@@@@@@@@@@@@@@@@@@A@@@@@@A@@@@@@@@@@@@@@@@@A@@@@@@B@EU@@@@@@CS]C@@@@A@@@@@@B@B@@@@@@B@@@@@@@B@@B@@@@@B@@@@@@@@@B@@@@@@@@@@@@@@@@B@BB@@@@@@@@@B@@@@@@@@A@@@B@@@@@@@B@@@@@@@@@@BB@@@@@B@@@@@B@@@@B@@@@@@C@@@@@@@@@@@A@@@@@@@@@@@A@@@@@@@@@AB@@@B@@@@@@@@@@@B@@@@@@@@A@@@@@@@@B@@@@@@@@@B@@@@@@A@A@@@@@@A@@A@@@@BA@@@@@@@@@@@@@A@@@@@@@@@A@@B@@@@@@AB@@@@@@@@@@@@@@@B@@@@@@A@@@@@@@@B@@@@B@@@B@@@@@@@@B@@@@@@@@@@@D@@@@@@@@@@A@@@@@@@@@@@@@@@@@@@A@@@@B@@@@A@@@@B@@A@@@@@A@@@@@@@@@@@A@@@@@@@@A@@@@A@@@@@@@@B@@@@@@@@@@@@A@@@@@@@@@@@A@A@@@@B@@@@@@@BA@@@@@@@A@@@@B@@A@@@@B@@@@@@A@@@@@@@@@@B@@@@A@@@@@@@@B@@@B@@@@@@@@@@@@@@@B@@@@A@@@@@@@@@@@@@@@@B@@@@@@@@@@@@@B@@A@@@@@@@@@@@@@@@A@@@@@@B@@@@@B@@@@@@@@@@@@@@@@@@@@@@@B@@@@@@B@@@@@@@@@@@@@@D@@@@B@@@@@B@@@@D@@@@@@@@@@@@@@@@B@@@@@@@@@@@B@@@@@@@@@@@B@@B@@@@@@@@D@@@@@@B@@@@@@@@@@@B@B@@@@B@@@@@@A@@@@@@@@@@B@@@@@@@@A@@@@@@@@@@@@B@D@@@@@@@@@@@@@@@@@@B@@@@@@@@B@@@@@@@@@@@@@@@@B@@@@@@@@@@@@@@@@@@B@@@@@@B@@@@@@@@@B@@@@A@@@@@@@@@@@A@@@@@@@@@A@@@@@@A@@A@@@@@@@@@@@A@@@@@@@@@@@@@@@@@@D@@@@@@@@B@@@@@@@@@@@B@@@@B@@@@@@@@B@@@@@@@@@@B@@@@@@@@@@@@@B@@@@@@A@@@@@@B@@@@@@@@@@@@@B@@A@@@@@@@@@@@@B@@@@A@@@@B@@@@@@B@@@@@@@@@@@@@@B@@@@@@@@@B@@@@@@B@@@@FA@@@@@@@A@@@@@@@@@@@@@@@@B@@@@A@@@@@@@@@@@@B@@@@@@@@@@@@@@A@@@@F@@@B@@@@@@A@@@@@@@AB@@B@@@@@@@B@@B@@@@@@@@@@BB@@@@@@@@@@B@@@@@@@@@@@H@@@@@@@@@@@@@@@@@@@@@@@B@@@@@@@@@@@B@@A@@@@@@D@@@@@@@@B@@B@@@@@@@@@B@@@@@@@@A@@@@@@@@@C@@@@B@@@@@@@@@@@@@@@@@@@@@@BB@@@@@@@@@@@@@B@@@@B@@@@@@@@@A@A@@@A@@@@@@@@B@@@@@B@@@@@@C@@@@@@@@@A@@@@@@@@@@@@@@@@A@@@@@@A@@@@E@@@@@@AA@@@@@@@AA@@@@@@@@@@@@AA@@@@@@@@@@AA@@@@@@@@@A@@@@@@A@@@@@@A@@@@@@@@@@B@@@@@@@@A@@@@@@@@@@@@B@B@@@@@@@@@@@@@@A@@@@B@@@@@@A@@@@@@@@@@@@F@@@@@@@@@@@@@@B@@@@@@@@@@D@@@@@@@@@@@B@@@@B@@@@@@@@@@@@@@@@@@D@@@@@@@@@@@D@@@B@@@@@@@@@@@@@@A@@@@@@@@@A@@@@@@@@@A@@@@B@@@@@@@@@@@B@@@@@@@@@@@B@@@@@B@@@@@@AB@@@@@@@@@B@@@@@@@@@B@@B@@B@@@@@@@@@@@@@B@@@@@@@B@@@@@@@@B@@@@H@B@@@@A@@@@@@D@@@@@@@@@F@"],["@@B@H@TAF@@@@@D@H@@@D@B@BBB@@@F@FBB@B@@G@AAC@A@E@@@C@A@@@CBE@EBC@ABABCHGHCJODGBER@FCDG@C@CPGDEBCF@ZLLBPBJ@HL@A@C@O@EBE@A@C@CAAACIECACA@A@CBGBGBABABAAAACEGAC@AAAGGAA@ACAAAUCWEAAAC@E@C@AAAECKEGAEACCBC@A@AACGCCAAACACAEACAAA@C@EAIAG@C@EBA@A@C@ASJKHA@AF@BCLCFAD@J@X@VCHGDKFC@@@A@CFEL@HCDKBSAQC@@EBCB@HABAB@LBBAFCAA@@BOAI@@FGCGA@E@@@@A@@@@@A@@@@@@@C@@CC@GFC@@@@@@@C@@@@@CAM@@@A@@@A@C@A@@@@@@@A@@@@@@@A@G@@A@C@GBAC@AAA@A@C@A@@@A@C@C@K@@HAD@@@@@@@@@@@@@@@B@@@@G@EBC@A@@@@@KB[DBB@@@@@BC@C@DT@@@@@@FVD@@@@@@@@@@@@@@@BB@@@@@@@@@@@@@@@@F@@@@@@@@B@@@@A@@@@@@@B@@@@@@@@B@@@@B@@@@@@@@@@@@@@@@A@@@@@@B@@@@@@@@@@@@@@@@@@@@@@@B@@@@@@B@@@@@@@@@@@@@@@@@BB@@@@@@B@@@@AB@A@@@@@@A@@@C@DlF@@@@@@@D@@@@@@@@@B@@B@@@@@@@@@@B@@@@@@@BB@@@BB@@@@@@@F@@@@@@B@@@@@@@@@B@@@@@B@@B@@@@@@@D@@@BB@@@@@@@@@@BB@@@@B@@@@@@@B@@@@@BB@@@@@@@@@@BB@@@@@@F@@@@@@@@@@@@B@@@@@B@@@@A@@@@B@@@@@@B@@@@@@@B@@B@@@@D@@@@@@D@@@@@@B@@@@B@@@@@@B@@@@@B@@@@@@@@@@@D@B@@@@B@@B@@B@@@@B@@@@B@@B@@@@@@@BB@@@@@@@@B@@@@BB@@@@B@@@@B@@@@@@@@B@@BB@@B@@@@@@@@@@@@B@@@@@@@@@BB@@@@B@@A@@B@@@@B@@@@@@B@@B@@@@@B@@@@@@B@@D@BKBQDGDEDClCVANCFBL@JBRB@FFFLHFDBDJLBBD@D@@B@B@@CBABAD@F@D@B@BA@"]],"encodeOffsets":[[[119978,35148]],[[120114,35187]]]}},{"type":"Feature","id":"320321","properties":{"name":"丰县","cp":[116.592888,34.696946],"childNum":1},"geometry":{"type":"Polygon","coordinates":["@@CAOBA@A@GAEBI@C@I@C@C@G@G@C@E@CBCDCB@B@BBDHBF@LEJAJ@B@@BFBB@@@@B@@DH@@AB@B@DAB@BAB@D@BA@@BABC@A@A@C@A@ABCDCBGDCBCDCBCBCDEDGFADADEBEFEFGFCBEBG@E@E@C@CBEBGDEDEFCBCBEBCDCBABGFEDEFCDCFAF@F@DBD@FBFCFEFCDEDCFCDBF@DAHADGFEAC@G@G@GBGDE@CBCBCDEBEDGDADADAFBD@D@H@FAFADADEBE@C@IAE@EACACAEACCCACAICCACACAE@CCEBE@CBGDEFADCD@FDFFFFDBDBDDBDHBH@D@FAD@D@D@DFHDDBBFDFHBDBDBD@FAHCDEDGDE@CBGDCBC@GBEBCDBDBDBF@DBDBFAF@DBFBDDDDBF@FDHBF@H@F@H@F@FDDBBF@D@D@F@H@J@F@D@D@FBD@D@D@F@D@F@FBH@F@D@F@F@DBD@FDF@F@F@F@H@DAD@J@B@B@@@B@B@@B@@BBB@@B@DB@DHJE@BF@@BB@DF@HBBDBBB@AAD@BDBA@BCB@@DDFA@@CBBBBDDDBDDDB@BB@@DDBADF@@BDB@ACF@@@C@BFA@@@@@@DA@@FB@@AL@@BB@H@@F@@@DNAA@DA@@LA@DFA@DB@@CA@@AH@@AJ@@DB@@BFBR@N@@BB@BHH@BBTCBBGB@BLAF@@E^DHB@BBBD@DB@DD@@CD@@@HAD@D@DBfHAHF@@CFB@@HB@AFBXD@BBBB@D@BA@BB@BB@@BB@@BBFC@DBDB@@FHDBFE@DHBABB@@BDFAD@DABB@@BDHCDC@AB@@CD@@CF@BANCJ@D@@F@@@BB@@@H@@@B@@@X@BHB@@DB@H@B@@CLA@AB@@AB@@AL@RHBE@@DADAB@BA@@BABA@@BA@@D@@AB@@@DA@@B@B@D@B@D@@@B@DAB@@@@EAE@C@EBCDCDCBAFAFAFEBC@AACCECACAGAGAEAGAACBG@C@E@C@C@CNGBEDC@AAKCEBEFCCCEAGDABGMEYGEKG@EHI@G@AYDAQK@CEIA@IDEB@CEBG^@BCDC@CDCBEBEDCBCDCBCBCBE@CBC@C@GEECACCCCECCACCCAEECAAE@GFGBCBE@E@G@EAEBEBCBCDCBADCBCDCBAHCDAFBF@FBFBF@DDHBF@DBF@JBF@H@DAFADCDC@EBAACBEAEBC@@@@@CCG@EACAI@E@E@C@CDEBC@CBGBADE@CBEBE@C@CBEAEAE@E@E@CAEAA@E@CBCDGBCDCFEDADEDCFEDAHEFCFEFADCDCLGfAnB\\CDG@AHCACCQEAA@DCB@DCBI@EFC@AIAAGFGHGEICAC@AGCIF@B@@SAEJIGMCAOA@GCIACBC@G@EACACAAAECAECGCGAEAEACCCCCCCEACACCEGECCCAEE@@CDCDCDMHGFABCHCF@@CBABCBA@A@@@AB@@BF@D@D@BCFADAHADABED@BSNGDABEBCBEB@@EBGB@@KB_HS@WABCBIDEBA@C@CBCBCDQJIBABKBC@"],"encodeOffsets":[[119421,35317]]}},{"type":"Feature","id":"320311","properties":{"name":"泉山区","cp":[117.182225,34.262249],"childNum":10},"geometry":{"type":"MultiPolygon","coordinates":[["@@@@A@@@@@@B@D@@@@B@B@@@@@@A@@@@@C@@@@@A@@A@@B@@@@@@@@"],["@@@@@@@@@@@@@B@@@@@@@@@@@@B@@@@@@@@A@@@@@@@@@@A@"],["@@BA@@@@@@@@@@B@AA@@@@@@@A@@@@@@@@@@@@@@@A@@@@@@@@@@@@@@@@@A@A@@@@@@@@@@@BA@@@A@@@@@@@@C@@@@@@@A@@@@A@@@@@@A@@@@@@@@A@@@@@@@@@A@@@@@A@@@@@@@@@BB@@@@@@@@@@@@@@@@@B@@@@@@@@B@@BA@@@@@@@A@@@@B@F@@@@B@@@D@@@@@@@@@B@@@@@@@@@@B@B@@@@@@@@B@@@@@@@"],["@@@@@@@@@@@AA@@@@@@@@@@@@@@BA@@@@@@@@@B@@@@@@@@@@@@@@BB@@@@@@@@@@@@@@@@@@@@A@@@@@@@@@@"],["@@@@@@@@A@@@@@@@@A@@A@@@@@@@@@A@@@@@A@@A@@@@@@@@@B@@@@@@@@@B@@A@@@@@A@@@@@@@@B@@@@@@@@@@A@@@@@@B@@@@@@@@@@@@@@@@AB@@@@@@@@A@@@@@@B@@@@@@@@@@@@@@B@@@@@@@@@B@@@F@B@@@@@@@@@@@@A@@@@@@A@@@@@@@@@@@@@@@@@@@@@@AB@@@@@@@@@@@@@@@@A@@@@@@@@@@B@B@B@@@@@@A"],["@@B@@@@@@@@A@@@@@@@@C@A@@@@@@@@B@@@@@@@@B@@@@@@@@@@@B@"],["@@@@@A@@@@@@@@@AA@@@A@A@@B@@@@@@@B@@B@@@B@@@@B@@@@@@B@@A@@@@@@@@@@@@"],["@@@@B@@@@@@@@@@@@AB@@@@@AA@@@@A@@@A@@A@@@@A@@@@@@B@@@@@@@B@@@@@@@@@@BB@@B@@@@@"],["@@@@@@@A@@@@@@@@A@@@@@@@@@@B@@@@@@@@B@@@@@@@@@"],["@@@@@A@@@@@@@@@@@@@C@@@@@@@@@A@@@@@@D@B@@@@@@@FB@A@@@@@E@@@@@@@@A@@@@A@@@@@@C@@@@@@@@BA@@@@@@@@@@@A@@@@@@@@@@@@@@@@@@@@@@@G@@@@@@@@@@@A@@@@@@@@@@@AA@@@@@@@@@@@AA@@@@@@@A@@@BA@@@@@@B@@@@@@@@A@@@E@@B@@@@@@@@@@@@@@@@A@@@@@@@@@@B@@@@@@A@@@@@@@@@@@@@@B@@@@@@@B@@E@@A@@@@@@@@A@@@@@@@@@A@@@@@@@@@@@@A@@@@@@@@A@@B@@@@@@A@@@@@@@@@@B@@@@A@@@@@@@@@@@@@A@@@@B@@@@@@@@A@@@@@@@@@@@@@A@@@@@@@@A@@@@@@@@@@A@@A@@@@@@@@@@@A@@@@@@@@@@C@@@@@@@@@@@@@@@@B@@@@@@@@@@@B@@@@B@@@@B@@@@@@@@@B@@@@@@@@@@@B@@@@@@A@@@@@@@@@A@@@@A@@@@@@@@@@@@@@@@@@@@A@@@@@@@@@@@@@@A@@@@@@@@@@A@@@@@@@@@@@@@@@@C@A@@@@@@@@@@@@@@B@@@@@@A@@@@@@@@@@@@B@@@@A@@@@@@A@A@@@@@@@@@@@A@@@@C@@@@@@@@@@AA@@@@@@@@@@@A@@@@@@@@@@@A@@@@@@@@@@@@@@@@@@C@@A@@@@@A@@@@@@C@@@@@@@@@@@@A@@@@@@@@A@@@@@@@@@@@@@@@@@@@@@@@A@@@@@A@@@@B@@@@@@@@@@@@@@@B@@@@A@@@@@@@@@@@@@A@@@@@@@@@@@@@@B@@@@@@A@@@@@@@@@@@@@@@A@@@A@@@@@@B@@@@@@A@@@@@@@@B@@@@@@@@A@@B@@@@A@@B@@@@@@@B@@A@@@@@@@A@@B@B@@@@@@@@@@@B@@@@@@@@@@@@@@A@@@@@@B@@@@@@B@@@@@@B@@@@@@@@@@@B@@@@@B@@@@A@@B@@@@@@A@@B@@@@@@@@@@@@@@@@@@@B@@@@@@@@@@@@C@@@@@@@@@@@A@@@@@@A@@@A@@@@@@A@@@@@@B@@@@@@@@A@@@@@@@@@@@@@@BA@@@@@@@AB@@@@@@@@@B@@@@@@@@@@@@@B@@A@@B@@@@B@@@@B@B@@@@@@@@A@@@@@@@@@A@@@@@@B@@@@@@@@@@A@@@@@@@@@@@A@@BA@@@@@@@@B@@@@@@@@@@@B@@@@@@@@@@@D@@@@@@@@A@@A@@@@@A@@@@@A@@A@@@@@@@@A@@@@@@@A@@@B@@@@@@@@@@A@@@@@@@@AAA@@@@@@@@@@@@@@@@@@A@@@@@@@@@A@@@@@AA@@@@@@@A@@@@@@@@A@A@@@@B@@@@@^DD@D@@A@@@@AA\\CLA@@@@B@D@FAH@@@@@@A@@@@@@@@@@@@@@BC@G@C@C@C@C@C@@@A@@@@@@AAACAAAA@AAA@@@@@@@@AA@AAALBDABB@@B@@@@@JB@@@@@@@@@ALBD@@AFABCD@DADANGDAB@FEDCDCHEHEFEDCBABAB@@A@@@@@@QICAC@QQMAe@IDID@HADC@C@CACCCECCCEI@A@IHEDCBAH@DAHAFGA@@@@@@K@EBEBKG@@@AA@CB@BCFEBEDCD@D@HEFCD@LBH@@@@AB@D@@@@@@D@@@@@@@@@B@@@@@@B@@@H@@@@@@A@@@@@@@@@@@@B@@@@A@@B@@@@G@@@@@@A@@@@M@@@@@@@@@AA@@@@AA@@A@@@@@AA@@@@@@@@GE@@@A@@@@A@@@CA@@@A@@A@@@@B@@@@@B@@@@CB@@@@@@@B@@EDA@@@@B@@DD@B@@@@BB@BB@@@@@DBDD@@@@B@@@@@@@@@@@@H@@@@BD@@@@D@@@B@@@@@@@@@@B@J@@@@@@A@@@@BA@@@@@@@AB@@CB@@@@A@@@@@@@@C@@@@@@A@@@@@AB@@AB@@@@A@@@A@@@@B@@@@C@@@@@@@@F@@@@@@@@@@@B@@B@@@@@@B@@@@@@F@@@@@BB@@@@@@@A@@@@@@F@@@B@@@@@@@@@@@@@BB@@B@@@@@@@B@@@@@@BB@@@B@@@@@@B@@@B@@@A@@@C@@@@@@@@@C@@@@@@@@B@@@@@@B@@@@@@@@@HB@@@@@@@@B@@@@A@@@@B@@@@@D@@A@A@@@@@@B@@@@@@A@@@@@@@@D@@@@B@@@@@@@B@@B@@@@@@A@@@@@@@@@@@@B@@@@@@A@@@@@@@@B@@@@@@D@@@@@@@@@A@@@@@@@@B@@@@@@@@@@B@@@@@@@@@@@@@@@B@@@@@@B@@@@A@@@@@@@@B@@A@@@@@@@@@@@@A@@@@@@@@@@@A@@@@A@@@@@@@@@@@@@@@@@@B@B@@A@@@@@@A@@@A@@A@@@@@@@E@@@@@@@@B@@@@B@B@@@@@@@@@@@@@@@@@@@@B@@B@B@@@@@@@@@@@@@A@@B@@@@A@@@A@@@@@@@@A@@@@A@@@@@@B@@@@@@B@@@@BB@@@@@@B@B@@@@@@@A@@@@@@A@@@@@@@@D@@@@E@@@@@@@@D@@@@@@A@@@@@@A@@@@B@@@@A@@@@@@A@@@@@@@@A@@@AA@@@C@@@@@@@@B@@@@@@B@@@@@@@@@@@@@A@@@@@@B@@@@@@B@@@@@@@@@@@A@@@@@@@@A@@@@@@A@@@@@@@@@@@@@@@@B@@@@@@@@@@A@@@@@@@@A@@@@@@@@@B@@@@@@A@@@@@@A@@@@@@@@@@B@@@@@@A@@@@A@@@@@A@A@@@@@@@@@@AA@@@A@@@@B@@@@@@@@@B@@@@A@@@@B@@@B@@@@@@@@@@@@@@B@@@@@@@@@@@@@@@@@@@@@@@@@@@@@@B@@@@@B@@@@@@@@@@A@@B@@@@@@@@A@@@A@@@@@A@@@@@@@@@AB@@@@@@@B@@A@@@A@@@@@@@@B@@@@AB@@@@@@@@@@A@@@A@@@@B@@@@@@@@@@A@@@@@@@A@@@@@@@@@A@@B@@@@@@@B@@@@@@@B@@@@B@@@@@@@@B@@@@AB@@@@@@@@@B@@@@@@@@@@@@@@@@@AB@@@@@@@B@B@@@@@@@@B@@@B@@@@@B@@B@@@@@@@@@BB@@@@@@@@@@@@@F@@B@@@@@@B@@B@@@@B@@@@@@B@@@@@@@BB@@@B@@@@@@@@@@@@AB@@@@@@A@@@@@@@@@@@@@B@@@BB@@@@@@@@A@@@@B@@@B@@@@@@@@AB@@@@@B@@@@@B@@@@@@B@@@@B@@@@B@@B@@@B@@@@@@A@@@@@@@@@@D@@@@@D@@@@@@@@@@@@@@B@@@@@@@B@@@BA@@@@@@@@@B@@@@@@@@@@@B@@@@@B@@@B@@@@B@@@@@@@@D@@@@@@B@@@@@B@@@@@@@@F@@@@@@@@@@@@BB@@@@@@@@@@@@@B@@@@@B@@@@@@B@@@B@@@@@@@@@@@@@@A@@@@@A@@B@B@@@@@@@@B@B@@@@@@@B@@@@B@@@@@@@@@@@@@@@DB@@@@B@@@@@@B@B@@@@@B@B@@@@@@@@B@@@@@@@@@B@ADB@@@@@@@H@@@@@B@@A@@@@@C@@@@@@B@B@@@@@@C@@@@A@A@@@@@@@@@@@@@B@@@@A@@D@@@@@@B@@@@@@@@B@@@@A@@@@@@@@@@@A@@@@@@@@@@@@BA@@@@B@@@@@@B@@B@B@@A@@@@@@@@@@@@@@@@@@F@@@@@@@B@@@@@@@@@@@@A@C@@@@@@@@@@@@@@@@@@B@@@@@B@@@@@@A@@@@@@@A@@@@B@@@@@@A@@@@@@F@@@@@@@@B@@@@@@L@B@@@@@@@@D@@@@@@@B@@@@@@@@D@@@@@@B@@@BB@@@@@@@B@@@@@BB@@@@@@@@@@@@@@@@@@@A@@@@A@@@@A@@@@@@@@B@@@@@B@"]],"encodeOffsets":[[[119946,35188]],[[119937,35188]],[[119944,35182]],[[119916,35179]],[[119927,35175]],[[119932,35178]],[[119920,35176]],[[119896,35121]],[[119882,35118]],[[119940,35173]]]}},{"type":"Feature","id":"320312","properties":{"name":"铜山区","cp":[117.183894,34.19288],"childNum":4},"geometry":{"type":"MultiPolygon","coordinates":[["@@@A@@@@B@@@CK@@@@@@A@@@@@@@@@@A@A@@@@@@@@A@@@@@@@@@C@@@A@@@@@@E@A@@B@@@@@@@B@@AA@@@@@@@@@@A@@@@@@@@@@@@@@@@AA@@@@@@@@B@@@@@A@@@@@A@@@@@@@@@@B@@B@@@@@@B@@@@@@@@@@@@@@@@@@AA@@@@A@@@@@@@A@@A@@@A@@@@C@@@@@@@@@@A@@@@@@@C@@@@@@A@K@@@@@@@@A@@@@@@E@@@@@@@@B@@@@A@@@@@@B@@@@@@@B@@@@A@@@@@A@@@@@@@@@@@@@@@@@@@@D@B@@@@@@@@@@A@@@@@@@E@@@@@@@@@@@@@@@@@@@@BA@A@@@@A@@@@A@BH@@@@@@B@@B@@@@@@@@DE@@A@@@@A@@@@@@@AB@B@@@B@@B@@@@@@@@@B@@B@@@@@@@@@@A@@@@@@B@@@@@B@@@@A@@@@@@@@@A@@@@@@@@@BB@@@@@B@@@@@@@@@B@@@@B@@@@@@B@@@@@@@HDD@@@@@@@@@@B@@@@@@A@JTB@@@@@@@@@@@@BN@"],["@@@@@@A@@@AA@@@@@@@@@@@AWA@@@@@@@@A@JX@@B@@@@A@@@@@@BA@@@@@@@@B@@@@@B@@@B@@@@@@@@@@AB@@@@@@@@@@@@A@@@@@A@@@@@@@@@@@@@@@@@@@@@@@@@@@@A@@@@@@@@@@@@@@@@A@@@A@@B@@@@@@A@@@@@@@@@A@@B@@@B@@B@@@@@@@@B@BA"],["@@A@@@@@@@@B@@@@@@@@@@@@@@@@@B@@@@B@@@@@@@@@@@@@@@@@@@@@B@@@@B@@@@@@@@@@@@@@B@@@@@@B@@@@B@@@@@@@B@@@@@@B@@@@@@@@@@B@@@B@D@@@B@@@@@@@@BBA@@@@@A@@@@A@@A@@@@@@@@@@@@@@@@@A@@@@A@@@@@@@@@@@@@@@@@@@@@@@A@@@@@@@@B@@@@@@@@@@@@@@A@@@@@@A@@@@@@A@@@@@@@B@@@@@@A@@@@@@E@@@@@@@@@@@@@@@@@AA@@@@@@@@@@@@@@C@"],["@@CHADCFADCBADCDEDEDG@G@GBCF@DBDFDBDBFCHCBCBEDEDABEFEBCDCBC@G@E@CAE@C@GACAGAGAEBEACAACCCAEAEAEAEC@I@GBGBEBEDCDAD@DIBE@EAEAACEACCCA@@O@A@@K@@KAG@G@M@WAIHEDIJI@@@@KA@[@@@UNUHIFCBEBSAHXBDBDA@KBAA@@EA@@IBOFG@@@@FBDAF@D@F@FADAD@DADGFE@C@E@G@EBEBCDCDCDCFCDEFEDI@I@G@GBEBCBEFSFEAICA@ANABCBAFCFABGAE@GBC@A@@@DFBFBJBJBFFFFHDJDHFBDBBBBB@BAL@BBDHL@BCBABCBC@@L@D@@BFHD@B@HCFCD@@@@EB@@KCKGEE@@MF@BATADCBE@G@EBIDGFKFGDGFKHGFEDCDAF@H@F@FDHDFFJBLC@EDABADAD@F@DBFBFDDFFHJDHBD@D@D@H@DAFAB@@A@KFABE@QB@BA@BPP`@DKBCDCBGBG@EBEBIDEBCBGDCBEDIBCBIBE@EBGAG@EAGCIAC@IACAEAGECCECECCAE@G@GAKAG@G@G@E@CAEBILYXFFDBDDHFDFBDBDDFDDDDDDFBFBHBHDFDDBBFBBBDBD@F@HADBDDJ@HPBDBHNH@BHD@bANIDEVCFFHBP@NCBA@WTCBHLHLADCJA@B@PAD@BJ@F@JCLAF@B@@GDAHADABAFAHFDDBDB@BFBF@BLA@TKD@@BHFRJB@@DDBHBD@@FDB@BDBDDFDDDDDBDBHDF@F@FAJ@D@F@@@@@@@HBDBBB@BBBDBLBFJDF@@DBD@H@D@DABA@@B@FBBBBDDBBBD@BBA^L@^B^@F@RCVC@KA@@@K@A@AAEK@ABKBO@C@C@G@GBABEBIBAB@HBNBJBD@BA@ABCBI@@BC@@@@@ADI@@BA@@@@SI@CB@@@@ABCBG@A@ABC@A@A@@H@B@@A@@B@BB@@BBB@@@BFBHB@B@HA@@GW@@B@NAB@@B@@FALCFCB@DD@@@BGHB@@@@@HG@A@BPJBBFH@@@@BAA@CEAAMKGCAACEACGQCG@@@@BAB@dHDBBB@DAB@B@@D@@@BB@BBBDBDAB@DBD@BADABCBA@C@@BABAB@DBB@BBNFDDBB@@@BBB@@@BBB@@@@@@@@BB@D@BBB@F@@@@A@@@@@@@@@@B@@A@@@@@@@@B@B@@BD@@BBB@DBDBBBBB@B@@@D@@@B@B@@@BAD@@ABAB@@@@ADAB@@@B@@@B@@@@@BABAB@B@@@B@@@B@@@@@BA@@B@@@@BBBB@BB@BB@@B@B@B@@AB@@@BABAB@DBB@@@@@@@@@@B@B@@@BBBBBAB@D@B@@@B@@B@@B@@@B@@E@KB@@@B@@@@LA@@@@@@@@AB@B@B@@@@@B@@BD@@@@D@@BB@@@@@BB@@@@@@AB@@ABA@AB@@@@@@AB@B@@BD@@@@BB@@@@@@@@@BA@@AA@@@@@A@A@A@@@AB@@@@@@@B@@@BBD@@@@@@DB@@B@@@B@B@BAB@@A@@B@@A@BB@@@@@BBB@@@BBB@B@@@B@B@@@@@BA@@B@@@BBB@@@DBHDB@DB@@@@@BBB@@@@@@B@B@@@@B@@B@@@@BD@@@@@B@@B@@@B@@@@AB@BA@@B@@BB@@@@BB@@@@@B@@A@@@@@@@A@A@A@@@ABA@A@@@A@@BA@@B@@@B@@@@@@@B@@@@@@@@@AB@@@@@BB@@@@@@@@BB@@@@@@B@BB@@B@@B@@@@@@B@@@@@@@@B@@@@@@BB@@@A@@B@@@@@@@BA@@@@@@@@B@@@@@@@@@@@@@@@B@@@@@B@@@B@@A@@@@@@@@@@@@B@@@@@@A@@@@@A@@A@@A@@@@@AB@@@@@A@@A@@@@B@@@@@@@@@@@B@@B@@@@@B@@@@@B@@@@@@@B@@@@B@@@@@B@@@@@@B@@@B@B@@@B@@@@@@B@@@@@BB@@@@@@@@@@@B@@B@BA@BB@BB@@@@JEBABABA@@B@@@@B@@B@@@B@B@@B@B@@BB@BB@B@BB@BAB@BCF@@@BA@@@A@@BA@A@AB@@@@@@@@@@@C@@@A@@A@@@@@@AA@A@@@@@@@@@@AAB@@@@A@@@B@@@@AA@@@@@@@@@@@@@A@@@@@@@A@A@@@@B@@@@@@@@A@@BB@@@@@@@@@@@A@@@A@@@@BB@A@@@@@@@@B@@@@@@B@@@@@@B@@@@@@@@@@@B@@@BB@@@@@BB@@B@B@@@@@@@@@@@@@@@B@@@@@@@@@@@@@@@@B@@@@B@@@@@@@@@@@@@@A@@@@B@@@@@@@@@@B@@@@B@@@@@@A@@@@@@@@@A@@B@@@B@@@@BB@@@B@@@@A@@B@@@A@@@BA@@@B@@@@@@@B@@@@@@@@@@@BB@@@BA@@@@@@@@@A@@@@@@@AB@@BB@B@BBDB@@DBB@@BB@@BBB@@BB@@@B@@@BB@@BB@@@B@@@B@B@@@B@B@@B@@@@@@@@@BB@@@B@B@BA@@B@@@DAB@@@@@BB@@B@DBBB@@@BB@@@@B@@A@@BA@@@@@@@@BB@@@HEFABAB@B@@@B@B@@@BA@@B@DCJCLEFCDAPGB@@gBEJGFAFADAMCqWIGGEIEQCQGGCIMBC@CDGBIAICEMQ@IBADCFGBCV[DE@I@ECEWGI@CAGECGCCEBILEBEAKGAEDGDC@KGIQOMMGGEMCMBEDEJ@JCB@@A@A@C@EBCBADA@@@A@AC@C@AAIKACECKGEE@EQAIAK@EAMDUBkDCDCFCHARALC@@@@A@@@@A@@@@@A@@@@A@@@@A@@@@@@AB@@@@A@@A@@A@@@@@@@@@A@@@@@@@@@@A@@@AA@@@A@@@@@@A@@@@@@A@@A@@A@@A@@@@@@@@@AA@@@@@@A@@@@A@@A@@@@@@AA@@@@A@@A@C@@@@@@@@@@@A@@@@@A@@@@@@@@A@@A@@@@@@@@C@@@@C@@@@@@AA@@@@@@@A@@@@@@@@A@@B@@@@@@A@@@@@A@@@@@@@@@@E@@@@@@@AA@@@@@@@@@@AA@@@@A@@@@@@@A@@@@@AA@@@@@@@@@@AA@@C@@@@@@@A@@@@A@@@@@A@@@@@@@@@A@@@@E@@@@@@@A@@A@@AA@@@@@@A@@@@@@@@@@@@AA@@@@@@@@@C@@@@@@@E@E@@@@@@@@@C@@@@@@@@B@@A@G@@@@@@A@@@@@@A@@@@@@@A@@@@@@@@@@@@@A@@@@AA@@@@@@@@@A@@@@@@@@@A@@B@@@@A@@@@@A@@@@@@@@@@@A@@@@@@@@@@@A@@@@@@B@@@@@@@@@B@@@@@@@@@B@@@@@@@@@@@@A@@@C@@@@@@@@@@@C@@@@@@@@@@@@@@@@@@@@A@@A@@@@@@@@@@@C@@@@@@@@@@@@A@@@@@@@@@@@@E@@@@@@@@@@@@@@B@@@@A@@@@@@B@@@@@@@@@@@@A@A@@@@@@@@@@@@@@B@@@@@@A@@@@@@@@@@@@B@@@@B@@@@@@@@B@@@@@@@@BB@@@@@@@@@@BB@@@@@@@@@@@@BB@@@@@@B@@B@@@@F@@@@@@B@@@@B@@@@@@@@@@@@@@@@@@B@@@@@@@@@D@@@@A@@@@@A@@@@@@@@@@B@@@B@B@@@@@@@@@A@@A@@@@@@@@@@@@@A@@A@@@@@@@@@@@@@@@@@@@@A@@@@@@D@@@@@@@@@B@@@@@@A@@F@@@@@BEA@@@@@@A@C@@@@@@@@B@@@@@@@@@D@@@@@@@@@@@@@B@@@@@@B@@@@@@@@@B@@@@@@@@@@B@@@@B@@@@@@B@@@@@@@D@@@@@@B@@@B@@A@@@@@@@@@@@B@B@@@@@@@@@@@@@@@@@B@@@@@@@@@@@@@@@B@@@@@@BBA@@@@@@@@@@@ABDL@@@@@@@@@AB@@@@B@@@@@D@@@@@B@@@@A@A@@@@@@CM@@@@@@@A@@@@@@@@@@@@@@A@@@@@@@@@@ISA@@@@@@@@@@@A@@@@@@@@@@A@@@@@@B@GC@B@@@@A@A@A@@@@@@@@@@@@B@@@@@@@@@@@@@@A@@B@@@@@@@@@@@@@@@@@@@@B@@@@@@@@B@@@@@@@@@@A@E@@@A@@@@@@@@@A@@@@@@@@@@@@@@@@A@@@@B@@@@@@@@@BA@@@@@@@@@@@@@@@@@A@@@@B@@@A@@@@@@@@@@@@@@BA@@@@@@@@A@@A@CF@@@@@@@@@@@B@@@@@@@@@@@@@@@@@@A@@A@@@@@@@@@@@@A@@@@@@@@@B@@A@@@@@@AG@@@@AB@@@@@@@@@@@@@B@@@@@@@@@@@B@@A@@@@@@@@@@A@@@@C@@@@B@@A@@@@@@@@@@@@@B@B@@@@@@D@@@@A@A@@@@@@@@D@@@@@BA@@@@@G@@@@@@@A@BCA@@@@@@@@@A@@@@@@@@@@A@A@@@@@A@A@@@@A@@@@@CA@@@@@@@@@@@@@@A@@@@@@A@@@@@@@A@A@@@@@@A@A@@@@B@@@@@B@@@@@@@@@@@@A@@@A@@@@@@@@A@@@@@A@@@@@@@@@@@@AA@@@@@@@@@@@@@E@@@@@@A@@@@@A@@@@@@@@C@@@@@@A@@@@@@A@@@A@@@@@A@@@@@@@@@@@A@@@@@@@@AB@@A@@@@@@@A@@@@@@@@@@@@@@@@C@@@@@C@@@@@@@@B@@@@@@@@A@@@AA@@@@@@A@@A@@@@@@@@A@@@@@A@@@@BA@@@@@@@@@A@@@A@@B@@@@@@@@@AA@@A@@@@@@@@@@@@@B@@@@@@@BA@@@@@@@@@@@@@A@@AA@@@@@@A@@@@@@@@A@@A@@@@A@@@@A@@@@E@@@@@@@@@@@@AA@@@@@@@@A@@@@A@@@@@A@@@A@@@@@@A@A@@@@@@@A@@B@@@@@@@@@@@@@@@@@A@@@@@@@@BA@@@@@A@@@@@@A@@@@@@A@@@@@@@A@@@@@@@AB@@@@@@@@@B@@@@@@@B@@@@@@@@@@@@A@@B@@@B@@@@@@@@@@@BA@@@@@A@@@@@@B@IW@@@@@@@@@A@@@@@@@@B@@@@@@@@@@B@@@@XB@@@@@@@A@@@@B@@@@@@BB@@@B@@@@@BB@@@@A@@B@@@@@@@@@@A@@@ABB@@@@@B@@@@@@B@@@@A@@@@@@@@@@@@B@@@@B@@@@@@@@A@@@@@@@@@B@@@@@@B@@@@@@@@@@@@A@@@@@@@@@@@@@@B@@@@@@@@B@@@@@@B@@@@@@@@@@@A@@@@@@@@A@@@@B@@@@@@@@@@@@@A@@@@@@@@A@@@@@@D@@@B@@B@@@B@@@@@@B@@@@@@@@B@@A@@@@@@B@@@@B@@@@@@@@C@@@@@@F@@@@@@C@@@@@@B@@@@@@@@B@@@@@@@A@A@@@@A@@A@@A@@@@@@@@A@@@@B@@@@@@B@@@@@@B@@@B@@@@@@AB@@@@@@@@@@@@@A@A@@@@A@@@@@@@@@@@@@@@@@@A@A@@@@@@A@@@@@@F@@@@@@@B@@@@B@@@B@@@@B@@@@A@A@@@@@@@@@@@@@@@@B@@@@@@B@@@@@@@@@@@B@@@@@@@@@@B@@@@A@@@@@@B@@@@@@A@@@@A@@@@@@@@@@@@@@@A@@@@@@@@@@@@A@@@@@@B@@@@@@@@@C@@@@@@@@A@@@@@@B@@@@@@@@A@@@@@@@@@@B@@@@@@@@AA@@@@@@@A@@@@@@C@@@@@@B@@@@@@@@A@@@@B@B@@@@C@@@@@A@@B@@@@@@A@@@@@@A@@G@@@@@@@@@A@@@@A@@@@@@@@@@D@@@@@@@@@D@@@B@@@A@@@A@@@@A@@@A@@A@@@@A@@@@@@@A@@@AA@@@@@@@@@@@@A@@@E@@@@@@@@B@@@@@@AA@@@@E@@@@@@@@A@@@@A@@@@A@@@@@@@@@@@E@@@@@@D@@@@@@A@@B@@@B@@@@@BA@@BA@@@@B@@@@@@@@D@@@@@@B@@@@@DA@@BA@@@@@@B@@A@@B@@@@@@@@I@A@@@@@@@@A@@@C@@@@@AC@@@@@G@@@@@@@@@@A@@@@@CCCA@@@@A@@AAA@@@@@ACC@@@A@@B@FC@@@A@@@@@@DA@@@@@A@@@@@A@@B@@@@B@@DB@@B@@@@@@B@@HF@@@@@@@@BB@@@@B@@@BB@@@@BB@@@@@@@@N@@@@@@B@@@@H@@@@@@AB@@@@@@A@@@@@@@@@@B@@@@@@@@G@@@A@@@@A@@@@@@@@@C@@@@@@@@CBA@@@@AG@KDCFE@G@CDCFCFADE@ADAB@@B@@LHFAFAL@@@@@@@HBBEBG@CBGDAFCJGB@J@DFDDDFDDDBD@D@BC@GJCJCf@NBRRJOBCBAAAOQAC@@@@@@CC@CDAJGDADA@CAKBCL@D@DADEDCFCFALAJBLFH@H@D@JCHERCFAFEHERCH@F@D@DBBBDNBRFLBDBBJFBF@H@BABCH@@@@@@C@E@@@AB@B@D@BAB@F@DBHBJ@F@DBBDBFBDBDBBBDBHDBD@B@BADDDFBHBLFFDBB@B@D@FBDBBXFVDBBDB@BBBHHBB@BBDFHBDBBABABABAHAH@D@BDBDBJFBDBB@D@D@BAF@F@P@D@BBFHAXATCL@J@PBVFTHNDbJ^FJDNEDA@A@@@@DCFGDEL@XAT@RA@@HDDDBFDHDFVLDDBPBLDHHDRBHBJ@@EBI@C@@@@B@@@D@F@B@H@LAB@B@BABABADA@@DAD@D@B@D@F@@@B@D@CGEAEA@@AEAEGAIGACBEBC@GBE@CAE@E@EBEDEDCDICCCEEECECC@E@C@CAC@EBE@G@GAE@EDCBEBCDEDEDEBCDGBCBEDEBE@CBGBEBCBGBGBCBG@E@CBCDCDEJEHEFEDADCFEDEDEDCDEFEFEGEAC@C@CAECCCCAAAECECAACACAEACCC@EECACCAEAE@E@C@GBCBCBGBCBE@C@G@C@CAEBE@KBCBE@C@G@E@EAE@I@EAGCCAECICC@IAIACBI@G@EACCAC@C@CAE@C@CBGBCBEBCBE@C@EAEGAE@C@EBGBC@E@C@EBEBEAIACEGCEDIBE@C@CCACAEAEEAEAGAI@EAG@CAEACCCACCCACAGCCACAGACACAEAEAGCG@ICC@G@EAG@C@EBC@EDCBCDADAH"]],"encodeOffsets":[[[119945,35189]],[[119896,35121]],[[119970,35121]],[[120220,34855]]]}},{"type":"Feature","id":"320322","properties":{"name":"沛县","cp":[116.937182,34.729044],"childNum":1},"geometry":{"type":"Polygon","coordinates":["@@BAL@@Z@hCJ@B@BADEFGVMnOrUFMDCFEDAHCLCDAL@D@L@F@D@HA@ABC@C@@B@@@B@D@B@B@@@@@D@@@@@@@@@@@B@@A@@@@@A@@@@@AA@@@A@E@A@AA@@@@AA@AA@@@AK@KAKBMBCPDFKBCFQJWJQDELMBBB@DBFDB@B@F@BADCHGFCJENEHCFABAB@BABCDC@ADADABC@A@CCGAG@CBCBABAB@FAH@B@BABA@@BCDGBA@A@@AW@EBCDCBA@@FAFAJAB@BAB@@A@@ACAA@AB@JMBAB@@GUIGCCAEGEGCMCC@C@EDECO@GDGDKJKDEFCF@FBFBDFHDLHD@HBD@`@DGBAB@HDB@BAFMDCFEF[@IBGDMFGFMFKHUHUBI@EBE@CUDQDE@]@]AK@B]AAC@AACAACAAEAA@@@ABCBC@G@C@CA@@CEEIKACAAA@AAACAGA@@@@@@E@C@I@EBE@E@GCCACACCCCCEACACA@EC@@ACAGCC@@IAEQAG@@LC@SKB@AAEAEA@ACCCGEEBABCBGBCB@HA@E@KBIDE@I@@ABC@O@AIBCDKBKGAGSD@XABMDO@GAEEUDCFMJaBC@AGG@IJBF@TA@E@DJBHD@DBFJGHEHBHJB@BED@FAJCDA@CDB@FBDRBDGD@BCH[DmAeBKHCDCDEBEFEDGFCBEFCDCFCBEFCDADCHAD@D@FBBBF@D@F@FBFBFAF@D@DAFAF@DCFABAH@DADCF@D@D@F@FBJBD@FDH@D@@@@ADBFAFBDAB@FCDCDEBCBG@E@IAE@CAE@GACCE@EAEAE@EACBGDABCDADCDABCDADADAFBF@F@H@FAFADEH@HBFDBFFDBDDDBFDDDDDDBFF@H@DAD@DAFADADCDADCDAFAFCD@DCDAD]@AHDFA@CF@JJBDFL@BRZC@B@HGJ@FLHHFFZHNBAHCFBDDEDAFDFBL@BCDAFMH@D@D@D@F@DAHBDHBFBHBHBDBDBDFBD@BADEFEBEBABCDCDAD@F@DBF@FB@@@DAB@@@B@@@LCHA@A@A@E@ANAB@@@FD@BH@HAH@F@DDDD@FBDBFBD@DBHBDFF^C@JWHG\\PC@`\\IBP@EFCDAB@"],"encodeOffsets":[[119619,35806]]}},{"type":"Feature","id":"320382","properties":{"name":"邳州市","cp":[117.963923,34.314708],"childNum":1},"geometry":{"type":"Polygon","coordinates":["@@LAD@HBD@DBHFBB@D@BB@DBBAB@@IDABAD@DBDBJFBBB@@@BC@EBADAD@F@F@D@FAFH@@H@D@B@BD@@F@@AB@@AAC@AB@@AB@D@H@N@TABBFVDPBHBF@@F@@@HAJCHAPAFAH@DDDDHLHHFBF@LAJCRETAD@DABA@@@EAE@ED@B@HI@@H@LABOTABB@FBPBDF@JA@@@A@AA@@A@@@A@@B@B@NBJAHAHCJCBFDBF@N@FAL@D@@A@A@@@A@@B@@@BBBBBBDBBBFAF@FAD@JCFGEGEIEE@@HCDABAB@CKB@NEJCDC@IEKCGIOAAAEAB@@A@@@A@@B@@AA@CCAAA@A@AAACA@AAAA@A@A@AAA@AAA@AA@@CCEIAIRCTEF@bIBALEDAB@B@BDHFBBDBDBHABC@AAC@@@EJEHAHAD@FDB@H@FAH@FAACPCHAB@@AGKU]EEAIDCB@@A@@IMIAKCGCKC@@CAAAEIIO@A@@HAHCAI@@D@EK@@AEEBA@ACCB@@AE@A@AA@ABC@CEEIBAFCBCD@DAACACAC@@AAA@@@@AA@@ACCA@ABEBG@A@A@EB@@C@ABDDC@CB@DMDI@A@GCCBCBA@@@AAC@CAGB@CBGJMFGBAAAHMBQDQTSVQC@ECBAAMEKDSKOEIQGDOAOJSCK@ABC@A@AAAACAACC@C@ABEBK@A@CAEYBK@Y@SBCABIBCB@DCDCBC@GAE@EACAEAEAGACACCEACGCECZYPYBYFO@EBK@A@@@A@@BA@AB@BABA@AB@BA@@BAB@@@B@@A@@B@@@DEA@@@AA@@@@A@@@@A@@A@@A@@@AA@@@@@BA@@@@@A@@@@@@@@@A@@@@A@@@@AA@@@A@@A@@A@@@@A@@A@@A@@A@@A@@@@A@@A@@AA@@@@@@@A@@@@@AB@@@@AB@@@@A@@BA@@@@@@AA@@@@A@@AA@@@A@@@AA@@A@@@A@@AA@@@A@@@A@@@A@@@A@@@AAA@@@A@@@A@@@A@@@A@A@@@A@@@A@@@A@@@A@@@AA@@A@@@A@A@@@A@@@@@A@@@A@@@A@@@@AA@@@A@@@@@A@@@A@@@@AA@@@A@@@A@@@@@AA@@A@@@@@A@@@A@A@@@A@@AA@@@A@@@A@@@A@@@AA@@@@A@@@AA@@A@@@AA@@@@A@@@@AA@@@A@@@A@@@@@A@@@A@@@@@A@@@AB@@A@@@@@A@@@A@@@@@A@@@A@A@CBA@@@A@@@@@A@@@@@A@@@@@A@@@@@@@A@@@@@A@@@@@A@@@@@@@A@@@A@@@@@@@A@@@@@@@A@@@A@@@@@@@A@@@@@A@@@@@A@@@AB@@@@A@@@@@A@@@A@@BA@@@@@A@@@@@A@@BA@@@@@A@@@A@@@A@@@A@A@@@A@@@AA@@A@@@A@@@A@@@A@@AA@@@A@@@A@A@@@AA@@A@@@A@@@A@@@AA@@A@@@A@@AA@@@A@@@@AA@@@@@A@@@@@A@@@@@A@@@@@A@@@@@@@A@@@A@@@@@A@@@@@A@@A@@A@@@A@@@@AA@@@@B@@A@@B@@A@@B@@@BA@@@@B@@A@@B@@@@AB@@@@AB@@@@@B@@CBCDEBCBGBEBG@EBCDCBCFABEFAFADCDKBEAI@GCGACAECCACCEAECGAG@GAEAGAEACCACAIAE@EAEACCCE@EBG@E@EBEBEACAEAECG@G@G@EAEAK@ECEACAECEAEACCE@CAE@EBCDCLBHADCH@FAFAD@FADEDG@CAEAG@ECE@EAGAGAE@AFEFEFCFCDCFCFEFCDCBEFGFIFCFCDAD@D@FAHADAHAHADAFAH@DAFCFAFADCHADCFCFCFADAFCD@FBF@H@HAF@FBD@D@D@FDDDFFFDFDDCJCDCFAF@F@FBF@DAF@HADAFBDJHHBBFBF@@FBFBDHB@B@B@B@DBD@B@BAB@F@HBD@@@@@D@B@B@@@DEBCH@F@L@@@DHA@@@OB@@BD@F@B@N@BH@DF@D@BB@D@DADBBB@@BBBJ@BBB@J@BADABB@AB@B@BCRMDAD@BBHAD@D@BABE@CBCBAD@BA@BPBB\\BR@FJDH@F@F@DADAFADCDC@KBIAC@G@C@I@CDADCDADADCDUNEBYKIAE@EBAFEBIBEAIAE@C@GJKBG@I@M@E@PTBDHTDDT@B@BADCF@FBFDDDFD@BBDB@B@B@BADEB@@AD@LHLJBDBDBBFFBBLHDDDHBBLRBLBR@FD@DAD@H@HAB@B@@@H@H@F@NALA@@@@@@@@@@@@HAlKbGHCJAJEHCDCLGB@@@@@B@@BB@@@B@B@B@@AB@F@B@@@B@@@@@@BA@@@@B@@@@@B@@@@@@A@@@@@AB@@@B@@@BA@@@@B@@@@BB@FA@@B@@@B@@@@@@@@@B@@B@@@@B@@@@@B@@@@@B@@A@@BABAB@@@@AB@@@@A@@@@BB@@B@@@B@@@@@@@B@@B@@@@@@@@B@@ABAB@@@@@@@B@@@@AB@B@@@@@@@B@@@@@@BBDFBB@BABADAB@B@D@B@FAD@D@D@F@DAFAF@DBDBF@B@B@L@BBFBH@DDNBNIHBJBFBJANABAD@B@FNAAGNA"],"encodeOffsets":[[120634,35478]]}},{"type":"Feature","id":"320324","properties":{"name":"睢宁县","cp":[117.95066,33.899222],"childNum":1},"geometry":{"type":"Polygon","coordinates":["@@@A@@@@@A@@@A@@@@AA@@@A@@@@@A@@@@@AA@@A@@@@@A@@@A@@@@AA@@@@@A@@@@@A@@@A@@A@@A@@@@@A@@@A@@@@@@@A@@@@@A@@@@@@@A@@@@@@@A@@@@@@@A@@@@@@@A@@@@@@@A@@@@@@@A@@@@@A@@@@@A@@B@@A@@@@@A@@@@@A@@@A@@@@@A@@@@BA@@@@@A@@@@@A@@@@@@BA@@B@@@B@@@BA@@@@@@BA@@@@@AB@@@@@@AB@@@@@B@@@@@B@@@@@B@@AB@@@@@B@@@@A@@B@@A@@@@@@AA@@@@@A@@@@AA@@@@A@@@@A@@A@@@@@@@@A@@@@@A@@@A@@B@@A@@@@B@@A@@@@BA@@@@@@BA@@B@@A@@B@@A@@B@@A@@BABBF@DBF@FBD@DBFBFBFBDBF@DBB@D@B@@@B@@A@@@@@@@AB@@A@@@@@@@A@@B@@A@@@@@@@AB@@@@A@@@@@A@@BA@@@@@A@@@AB@@@@A@@@A@@@@@AB@@A@@@@@A@@@AB@@@@A@@@@@A@@BA@@@@@A@@@A@@B@@A@@@A@@@@@AB@@A@@@@@@@A@@BA@@@@@@@A@@@AB@@@@A@@@@@A@@B@@A@@@@@A@@@@BA@@@A@@@@@A@@@@@AB@@A@@@@@A@@@A@@@@AA@@@A@@@@A@@A@@@@A@@@AA@@@@@AA@@@@A@@@A@@@@@A@@@A@@@@@AB@@@@@@A@@@@@@@A@@@@BA@@@@@@@@@A@@B@@@@@BA@@B@@@@@BA@@@@@@B@@@@A@@B@@@@A@@@@@@@A@@@AA@@@A@@@A@@@A@@@AA@@@@@@@A@@@A@@@A@@@@@A@@BA@@@@@A@@@A@@@@@A@@@A@@@@@AB@@A@@@AA@@@@AA@@@@A@@A@@A@@A@@A@@@@AA@@@@@AA@@@@A@@A@@A@@AA@@@@@@AA@@@@@@A@@A@@AB@@@@A@@@@@A@@B@@@@A@@B@@@@@@@B@@A@@@A@@@@@A@@@A@@@@@A@@@@@A@@@A@@@@@A@@@A@@@@@A@@@@@A@@@A@@@A@A@@@A@@@AA@@A@@@A@@@@@@A@@@AA@@A@@@@@A@@@@@@@A@@@@BA@@@@@@@@@AB@@@@@@A@@@@AA@@@A@@@A@@@AA@@@@A@@@@EA@@@A@@BA@A@A@@AA@@BA@@@AB@@A@@@AB@@A@@@@@AB@@A@@@A@@BA@@@A@@B@@@BA@@B@@@B@@@B@@@B@@@B@B@@AB@@@B@B@@@B@@@B@@AB@@@BA@@@@B@@AB@@ABA@@@A@@BA@@@A@@@ABA@@@@B@@@B@@@@AB@B@@@@@B@@@B@@@B@@@B@B@@@@@BA@@B@@@BA@@B@@@@AB@@@B@@@BA@@B@@@@AB@@@B@@AB@@@B@B@@@B@@AB@B@@@BB@@B@B@@@BBB@@@B@@@BAB@@@@A@@@A@@@AB@@@@A@@@A@@@A@@@A@@B@@A@A@@@@@A@A@@@A@@@A@@AA@@@A@@@A@AA@@A@@@AA@@A@@@AA@B@@A@@@AB@@A@@B@@@B@B@@@B@@@B@B@@@B@B@@@B@@@B@B@@@BA@@B@B@@@B@@@B@BA@@B@@AB@@A@@BA@@@A@@BA@@B@@@B@B@@AB@@BB@@@BBB@@@BB@@@@@BB@@B@@@B@@B@@B@@@B@@BB@@@@@B@@@B@@@B@@@B@@@B@@@@@B@@@B@@@B@@BB@@@B@@@@@B@@@BB@B@@@B@B@B@B@@@B@B@DAFEFEBEDCFKDCBE@IBE@A@CBE@ABE@CBCBC@CBCBC@CB@@ABA@ADEBAFG@A@@DADCB@@@HCBAB@@ABA@@@CBA@A@ABC@EBA@A@@DEBC@@@A@@@@@A@@@A@@@A@@@A@@@A@@@@@A@@@A@@@A@@@A@@@A@@@A@@@A@@@@@A@@BA@@@A@@@A@@@@@A@@@A@@@A@@@@BA@@@@B@B@@@B@@@B@@BB@@@B@B@@@B@@@@AB@@A@@@@@A@@@A@@@A@@@@@A@@@A@AB@@@@A@A@@BA@@@A@@@A@@@@BA@@@@@A@@@A@A@@@A@@@A@@@A@@@A@@@A@@@A@@@@@A@@AA@@@@@@@A@@AA@@@@AA@@@@AA@@@AA@@@AB@@A@@@A@A@@@A@@BA@@@@@A@@@A@@@ABA@@@A@@@@@AB@@A@@@A@@@@@@A@A@@@@@A@@@A@@@A@@@A@@@A@@@A@@AA@@@A@@@A@@@A@A@@@@AA@@@@AA@@@AA@@@@AA@@@@AA@@@@A@@A@@A@@AA@@@A@@AA@@@@@AA@@A@@@@@A@A@@@A@@@@BA@@B@BA@@B@@@B@@AB@@@B@@AB@@@B@@AB@@@@AB@@@@A@@@A@A@@@A@@BA@@@A@@B@@A@@B@@A@@@@BA@@@A@@@A@@@@@A@@@A@@@@@A@@@@@A@@@A@@@A@@@@@AB@@@@AB@@A@@@@BA@@@@@AB@@@@@@A@@@@@A@@@@@@@A@@A@@AA@@@A@AA@@A@@@AAA@@@A@@A@@@@@A@@AA@@@A@@@A@@@A@@@A@@@AA@@A@@@A@@A@EBA@@@A@A@AAE@EAEACAA@@@A@A@C@CBA@A@@@ABEBEDA@@@CD@@A@ABCFA@@@@@@@@B@@@@A@AD@@EFA@@BEDCBCBEAEAAAAA@BA@A@A@E@I@A@A@A@A@@@A@A@C@A@@@A@CBG@C@E@A@G@C@C@AE@CAA@AA@@@AA@@IC@BMGECBAA@C@BEB@@CE@@FCAADB@@BEAA@KAE@BAC@@ADK@@GA@AE@@BA@AAC@@DA@@FA@BDC@C@C@@FA@A@A@@@A@@ECB@AEB@CEBA@GB@BC@@F@@EAEACAE@A@A@A@A@C@@@A@ABA@CB@@@@A@@B@BAJ@@@B@@AB@BABAB@@ABCB@@@@AAEEEAAECCAC@E@CCG@E@CAACEECGAEAEAGBGBGBCBE@CB@@ADA@AFKABCIA@BI@@CEA@GDCDG@EMAIFC@ALA@A@G@A@A@GDA@@@A@C@ABC@CBC@CBA@A@@@ABA@ABC@C@GBC@C@C@A@AAA@E@AA@@A@A@@@ABA@A@A@@@A@@BCBA@CBCAC@A@CCC@C@A@A@@A@BA@@@ABA@G@A@C@EAC@A@AAA@C@CA@@A@@A@AAA@ACAA@AAAAA@CCGCA@C@E@E@A@A@EGAAE@A@A@@@AEE@@EA@@B@@AAC@AAC@EBBLCBB@EBBBMD@CAB@DA@BBA@DHAFADABAB@@C@ABCBA@AB@@CB@B@B@@@B@BBB@B@BAB@@DFHBFBD@DFDFDBBFBDBD@FBD@HBD@DBH@DBHDHBFBF@DBF@D@FBD@H@@EJEL@DB@@BFBBTBPBDBBBB@@@D@BAHCNF@@@BHBFDJAL@@@F@DADADEDEBEBC@EAC@GCCACACCGEC@CACCGAC@CBCBCDEDEFABCHADADAFABAFCFADADAFADCDADADCDEDADEDCDEH@D@D@H@D@FBFADEFCBCHCD@F@DABBHBFFH@BB@B@DN@B@JADEBAB@DCB@BEDCBEDEFKFCDGD@HMACBABCDADEDEDGDCBE@C@ECBCDCDCDEBE@E@A@G@AAEAEECEACAE@GAEAICACCECCGCCAIACAGBEBADCDCFAHAD@DCFCFCDGBEDEDCBAJAHBF@DBH@DBFABADEDEHCDEDCDCDEDCBEDEDHDDFJBFBFAFAD@F@D@HAFAD@F@HBBF@F@DAFADAFADAH@D@DBF@D@DBDDDFBH@J@DAJBJBD@JDFDDBHDFBJ@F@FBF@H@D@F@DALAF@FADBD@H@D@F@DAHADADAHAD@F@F@FBDBBDFD@FDDBDBFBDBDDBDFBFBBDDDDBF@D@DBDHFBEF@HBHBFBF@FDH@FBDBH@FCBC@EBCBE@EDGBCAGDKDCFAF@DBF@DDFBFBFDDBFBFDL@FBFBH@H@H@FDFBDBFBFAFAF@H@FAF@DDBDBF@FBFBJBDDDFBHBFBHBH@HBFDFBDDDBFDDBHBHDJ@FBLADCBCBEFEBADEDADCFAH@FAHADAFADCDA@@@A@@@@BA@@@@BA@@@@@AB@@@@A@@B@@A@@@AB@@@@AB@@@@A@@B@@B@@B@@@B@@@@BB@@@@@B@@@@@B@@@B@@@@@@@B@@@@@B@@@@@B@@@@@B@@@@@B@@B@@B@@@B@@BB@@@B@@@BB@@B@@@B@@@B@@@BB@@B@B@@@B@@@B@@BB@@@B@@@B@@@B@@@BB@@B@@@B@B@@@B@@@B@@@B@@@@@B@@AB@@@@@B@@@@@B@@AB@@@B@@@@@B@@@@@BA@@B@@@@@B@@@@@B@@@@@@@B@@@B@@@@@@@B@@@@@@@B@@@B@@@@@@@B@@@@@B@@@@@B@@@@@@@B@@@@@B@@@@@B@@@@@B@@@B@DA"],"encodeOffsets":[[120831,34960]]}},{"type":"Feature","id":"320381","properties":{"name":"新沂市","cp":[118.345828,34.368779],"childNum":1},"geometry":{"type":"Polygon","coordinates":["@@@@BCBAFEB@BE@K@@DAFFDBFAHCFG@@BC@AD@LCJAH@FBD@DA@@FAFEH@@@NDRHPH@H@@NJJHDDD@B@BBBBNHFBB@B@DBDB@@D@B@HEDC@@B@F@H@PCHCFCF@FA@@HCBAB@DAB@DA@@BABC@CBC@@H@@@FDF@@@BB@@@@BD@DDJBDBD@D@B@BB@@BB@B@@@DL@B@@@@B@@@DDF@F@DBD@FAJCD@FAFALAJA@@RBFA@@@E@GFA@I@@J@DA@CBGF@DAJ@F@@ABCBCBCBC@CBC@G@CCECCCAAECACCEACCGEE@GAEBEC@EBABC@C@@@@@A@@@@@A@@@@@A@@@@@@@A@@@@@@@A@@@@AA@@@@@@@A@@@@@@@@@A@@@@@@@A@@@@@A@@@@@@@@@A@@@@@@@A@@@@@@@A@@@@@@@@BA@@@@@A@@AA@@@@@@A@@AA@@@A@@@@@A@@@A@@@A@@@@@A@@@@AA@@@@A@@@@@A@@@@@A@@@@@A@@@@@A@@AA@@@@@@@A@@@@@A@@@@@A@@@@@@@A@@@@@AA@@@@A@@A@@@A@@@@@A@@@A@@@A@@@A@@@A@@@A@@@@@A@@@A@@@A@@A@@@@@@AA@@@@@A@@@@@@B@@A@@B@@A@@B@@@@@B@@A@@B@@@B@@@B@@AB@@@B@@@B@@@B@@A@@@@@@BA@@@@@A@@@@@A@@@@@@@A@@@AB@@A@@@A@@@A@@@@@A@@@A@@@A@@@A@@@@@A@@@A@@@A@@B@@A@@@A@@AA@@@@@A@@@A@@@@@A@@@A@@@AA@@@@A@@@A@@@A@@@@@A@@@@@A@@@@AA@@@@@@A@@@A@@@A@@@A@@@@@A@@@@@A@A@@@@@A@@@@@@@@A@@@@@@@@@A@@@@A@@@A@@@@@A@A@@@@@A@@@A@@@A@@@@@A@@@A@@@A@@B@@A@@@A@A@@@@@A@@@A@A@@@A@@@@BA@A@@@@@A@@@A@@@A@@@@@A@@@@@A@@@@@@@A@@@@@A@@@@@A@@@@@@@A@@@@@A@@@@@@@A@@@@@A@@@@@A@@@@@@@A@@@@@A@@@@@A@@@@AA@@@@@@@AA@@@@AA@@@@A@@@A@@@A@@@@@A@@@@@AA@@A@@@@@@AA@@@@@@A@@A@@A@@@@A@@@A@@@@@A@@@@@A@@@@@A@@@@@AA@@@@A@@AA@@@AEAC@CBCBIDKBA@@AA@@A@@@@AA@@@A@@AA@@@@@A@@@@AA@@@@@AA@@@@@@@@@AA@@@@A@@@A@@@@@A@@@A@@@@@AA@@A@@@@@A@@@@@A@@@@@A@@@@@A@@@@@@@AA@@@@A@@@@@@@A@@@A@@A@@A@@@A@@@@@A@@AA@@@@@A@@@@@A@@A@@A@@@@@@@A@@@@@@@A@@@@@@@A@@@@@@@A@@@A@@@@@AB@@A@@@@@A@@BA@@@A@@@A@@B@@A@@@@@A@@@A@@@AB@@@@AB@@@@@B@@A@@@@B@@@B@@AB@@@B@@@BA@@B@@@B@@A@@@@@@@AA@@@@@@@@A@@@@@@@A@@@@@@@A@@@@@@AA@@@@@@@@@A@@@@@@@A@@@@@@@A@@@A@@@@@A@@@@@A@@@@@A@@@A@@@A@@@@AA@@@@@@AA@@@@@AA@@@@@@AA@@A@@@@@AA@@A@@@A@@@A@@@@AA@@@A@@@@@A@@@A@@@AA@@@@A@@@A@@A@@A@@@A@@AA@@@@@A@@A@@A@@@A@@@A@@AA@@@@@A@@@@@A@@@@@A@@@@@@AA@@@@@@@A@@@@@@@A@@@@@A@@@@@@@A@@@@@@@A@@@@@A@@@@@@@A@@@A@@@@@A@@@A@@@@@A@@@@@A@@@A@@@@@A@@@@@A@@@A@@@@@A@@@A@@@A@@@A@@@@@A@@@@@A@@@@@@@A@@@@@@@A@@@@@@@@@A@@@@@@@A@@@@@@@A@@@@@@@@A@@@A@@@A@@@A@@@A@@@A@@@@@A@AB@@@@A@@@A@@@A@@@A@@@A@@@A@@@@@A@A@@@@@A@A@@@@@A@@@A@@@AB@@A@@@A@@@A@@@A@@@A@@@A@@@@@A@A@@@@@A@@@A@@@A@@@A@@@AB@@A@@@A@@@A@@@A@@@@@A@A@@@@@A@@@A@@@@@AA@@A@@A@@A@@@@AA@@@@@A@@A@@@@A@@@@@@AA@@@A@@@@@AA@@@@A@@A@@A@@A@@@@AA@@@@@@AA@@A@AA@C@C@A@CDA@@B@@AB@@@B@@@@@@A@@@A@@@@@@@A@@@@@A@@@@AA@@@A@@@@AA@@@@@AA@@@EG@EAGBG@EBED@BA@@B@@@B@@AB@B@F@B@FAOGICICGCG@EACCCCEEGCICC@EBGHGDGDEBGBAAE@CAG@E@C@C@ABCBEDC@E@EBGBE@MDODI@GBMDG@C@GBE@G@C@A@A@C@C@C@E@C@AAC@CAC@E@E@CAI@A@QAM@SASCGCCEAGIAO@O@M@IAA@O@_AOLCBABCLENCFCH@B@R@H@BCDCDEBABADCBCBABCBCDABABA@AB@@AB@@@B@@@BA@@B@@A@@AA@@@A@@@@AA@@@A@@@AA@@@@@@A@@AA@@@@@A@@@@AA@@@@@A@@@@AA@@@@@A@@@@@A@@@@@A@@@A@@@@@A@@@A@@@AB@@@@A@@@A@@@A@@@A@@BA@@@A@A@@@A@@@@@A@@BA@@@A@@@@@A@@BA@@@A@@@@@A@@B@AA@@@A@@@@@A@@@@AA@@@A@@A@@A@@@@@@A@@A@@A@@@@@@@A@@@@@A@@BA@@@A@@@@BA@@@A@@B@@A@@B@@A@@B@AA@@@@@@@A@@@@@@@A@@@@@@@@@A@@@@@A@@@@@@@A@@@@@A@@@A@@A@@A@@@A@@A@@A@@A@@A@@A@@@A@@@AA@@@@A@A@@@@@AA@@A@@@A@@B@@A@@@A@@@@@A@@@@@A@@@AB@@A@@@A@@BA@@@@@A@@@AB@@A@@@@@AB@@A@@@A@@@@BA@@@A@@@AB@@@@A@@@A@@B@@A@@@A@@@@@AB@@A@@@A@@@A@@@A@@@A@@@AA@@A@A@@@A@@@A@@@A@@A@@A@@@@@AA@@A@@@A@@@@AA@@@@@A@@@A@@@A@@AEDCBAD@BBD@DABEDCBC@CDCHCHAFCBIDGFCF@@A@@@@BA@@@A@AB@@ABA@@BABABA@@BAB@@@B@@@BAL@FEPAZOZYZFDHDBDDFBDBDBHBFBFBD@FBF@HADCDCDA@ADAJDBTAZ@L@ZABF@D@BALAF@B@DDDBBBDBB@B@BAD@BDLITBPCPRHFJLPCTFLBNABFDD@URSTCRARGNBBABEHINAH@DHADBD@BB@@B@DADAHDB@J@NC@CDAD@CCBAD@@@FAB@B@H@FABAB@DD@BB@@B@@B@BB@@BDBDBDCBC@ADEDABFJDFD@BAB@@B@BBF@@DABDB@FABF@@FLFAHA@ACALGFCNEFAFEJCFADCBW@M@SGW@E@@DCAMCKEIEEBA@ABINCD@DD@HDJ@@@@B@H@@@BC@MBAZBBA@ABCF@B@D@BBF@FB@@AF@@HpBAHCFCFCJF@@J@BFBBnAL@N@@@@JBD@@BBPADB@D@@@NBFBBB@H@dC@@@DBB@BB@FBB@@G@C@@BAP@RBD@HAH@DBBBD@@ABC@A@CDA@B^CHAFBF@B@BFBDLHJDDBLAHB@BHN"],"encodeOffsets":[[121251,35262]]}}],"UTF8Encoding":true}