{"type":"FeatureCollection","features":[{"type":"Feature","id":"450502","properties":{"name":"海城区","cp":[109.107529,21.468443],"childNum":3},"geometry":{"type":"MultiPolygon","coordinates":[["@@@A@CCICE@A@GBEACBEAI@E@EBIF[BEBABCBCBC@EEmAEEE@AEICCCEGKOYAACCGEGECAAAE@CA@EFADE@E@AKIAABEAG@@K@ELETcIA@UGKA@@@@@@KCKC@@@@@@GAC@EAEBQFCBCDIIEBIBEFGDIBCA_RBFJLVVbR¦XdVJLFLDP@RCTEPGLXBJ@PDB@TVJBVRRRJL"],["@@@N@REZ@HHHFL^PXJTDHCNELQ@EBMCMGQEIEQGECCEBEDIBCFGHGBEAECCGDGHG@G@@CC@@G@IFMN"],["@@AH@DBHDBDBNGFEDEBE@CCCEEE@IDGL"]],"encodeOffsets":[[[111829,22121]],[[111707,21520]],[[111828,21409]]]}},{"type":"Feature","id":"450503","properties":{"name":"银海区","cp":[109.285707,21.514909],"childNum":1},"geometry":{"type":"Polygon","coordinates":["@@AE@@@@CCACCEAEAG@@BEBE@ABE@@BADAFCFA@@@A@C@AAABA@AB@DCB@DBB@DB@@BA@@@@@C@A@@AAECA@A@AACB@@CA@AAE@ACEAC@CAA@ABC@@BAAAAE@@@ABADEBC@@B@BA@ABA@@@AB@@@B@@@@AB@@@AA@AB@@A@@B@@@@A@@@@BA@@@@@A@@@@BA@@@@@A@@B@AA@@B@@@@@@@@A@@@@@A@@@@B@@@@A@A@AAAEBC@CA@A@CBADCBE@G@C@AB@F@BA@@@@B@@@@AAA@@@A@A@A@@@A@@@@@A@@@@@A@@@@@A@@A@@A@@@@@A@@BA@AA@BC@@@A@@@AA@@@@@@@@@@A@@@A@@AA@@@A@@BABA@@BA@@@A@@@@@@@@A@@@BA@A@C@A@A@@BA@@@AA@@A@@@A@AAA@@@AB@@A@@@AAA@@@@C@@@@A@A@@@A@A@CA@GAQDODA@IBI@@@KAECE@AC@AAAGCGAE@IAA@A@CC@A@A@ABA@A@AAA@A@@@C@AB@BCBABAACBAB@BABI@CAAIKCE@A@C@A@CBEDGBAcAOKAMBiCIMSQcOwUoI]@QFlYRYJSDOBKAKEMBEFELCV@PBLDH`QDBJAHCFEJAFAJJDCDAREFAFBD@HB@@@@@@LDLD@@@@@@LBVHB@dJFSFKL@@@BHAFBBLJ@B@FCFEB@FDBF@BBDBHFHFDDBBPZHLDFDDFJ@BFFBFFn@FADADADABAFE\\AJ@F@FBJAFBDAF@H@BDFDJ@D@BFDLNLJLHL@H@JCTIHGDSLIPAHLBHAFEJ@DFFNJHHHJ@DCJ@HBBD@BBDDBBFLDDDHDDJFB@BDB@BBB@@D@BDBDDDDLBF@JBJDJFFBFFB@TFD@B@DABC@@B@B@DC@AFADCB@BC@GAC@@@A@A@AB@DCDK@EBEDCB@@A@@BA"],"encodeOffsets":[[112011,22169]]}},{"type":"Feature","id":"450521","properties":{"name":"合浦县","cp":[109.200695,21.663554],"childNum":2},"geometry":{"type":"MultiPolygon","coordinates":[["@@@HBJDDHD@@@@BGCGAEAEEA@@@@AD@@"],["@@@@@A@@AAB@B@@A@@AE@A@A@A@@ACAA@AAC@AAAACA@ACA@AA@ABA@A@AAA@AAAACACAAA@@A@ABE@AAA@@A@@A@@AACAA@A@@A@@@@AA@A@A@ABA@AA@@@C@@@@CBC@ADCB@@C@AA@@AAACGBAFA@ABAA@A@@@B@B@@A@AAA@AAA@@@AB@@A@@B@@A@@B@@@B@BEB@BC@ABA@AAA@AAAA@BAB@BABCBAAA@AA@AA@A@GBCBA@A@CAE@ABCDCDCHMNQFE@C@EAC@IAGBA@CDKDEFEFEDAHKBA@E@C@G@KCG@CAG@E@A@C@GEBM@_ES@UBeFaHmTeXQTQjGXQ^SRUPQBEZMjIVU\\a\\gXiJ[FcLMHWTMDS@EBA@GAABA@@B@BABCA@@ACCAA@A@AACAECAAAAAAAAA@@@CBAB@@CBCB@BAD@@EDA@@AACC@KC@@C@A@AAA@@IAC@AB@BA@A@CD@B@@BB@DEHEGA@@BIE@ABADABCBADA@ABBB@B@BB@@B@DABABC@@@AACBKSE@AB@@@BA@CDAF@FCLCDA@@B@B@B@@BD@HADA@CDEB@BCDA@A@@@ADCBA@C@SEA@EEEAIEICIAE@KACCCCCA@A@CA@AAA@ACA@IECCCGCCEKAACCAAC@AA@GDI@CGIGGMIEE@CFIBEAGGKOBKJCTGHSJIDG@K@KGKIKMECIKQQUQIASUA@OCI@WAGFMFQDIAGCIAIDKDEDCH@DC@HFoDsAyDmN[PadGLWdW`GTAPERBbBVFTJZNLLDN@FCJCJANFJJHHDBJ@FAB@DBB@B@BBDBDDDBB@BBB@D@B@BBBBBBBD@@B@DCDAB@@@B@@B@@@B@B@@A@@B@B@@@B@@@@BA@@BB@@@D@B@B@B@BBB@BB@BBD@BB@@@B@B@BA@@@AB@@@@@BD@DBDB@@@BA@CBA@@@@@@BB@@@@B@@@@AB@@@@@BB@BBB@A@@@@@@B@@@@FB@@@@CB@BB@BB@@B@@@@@@C@@@@@A@@B@@@BB@B@@@@BB@D@B@@B@@@B@D@@@B@B@@@@F@@A@AA@@@B@@@@@@@@ADAB@@@BD@@BBBD@@B@BCB@DB@@BA@ABC@AACAAAC@AB@B@B@B@F@B@BAD@B@BBB@@B@D@B@B@BBBBBBDBDBB@@@B@BAB@@BCB@DB@BBD@BAB@@A@@@C@@CC@@AAEA@@CAAA@ABABABCBE@@BAFB@BAB@B@BDBB@@H@@FF@DAB@@@BBBDABAB@BB@@@FDBBEB@BBFBDD@BDCB@@BBFD@B@D@H@B@B@@@@AB@@@BB@@BAB@@@@@@A@@@@BA@B@@B@@AB@LBRHJHTAJEHCNANDTNNLJXJPTFTELIHIJOJKPEJ@JBFJVB\\A\\@TBVBPCXBTNFDVJLPBFABC@AB@@@D@BBBBDCD@B@F@BB@B@BADCBADAB@B@AD@DBBD@DAD@F@B@B@AB@BCDAFABAD@B@BBB@BBBCBABA@@E@A@@E@@@AHAD@BBBBBBAF@B@DADBFFB@BC@A@E@@DABADAB@D@ADGD@BBB@FDABABABA@JDDBAAE@CBAB@@AAA@@D@@BBBDACIBADGDAHB@BCBCB@BABB@DDB@FAD@BABAAAD@BA@A@@@CAG@AAAAAA@AAAA@A@ABABCD@B@BDBBDBD@@@@B@D@BF@B@@A@C@CFDBDBB@D@DAD@BDDDBBBDB@BBD@BB@D@D@DBBABA@@BAF@B@@GB@FEF@DC@AD@D@@CBABAD@@DDDDBD@DBD@JABAD@JABA@AEEBAFBD@B@@DAB@DDPAJBBBBF@D@D@HCB@D@BAB@H@B@BCD@DB@DBB@D@BF@B@BBDLFBFAF@HCFCB@@GAGBCBC@E@ABEBAF@DEFADABCFADCNBFDDH@L@FDBFBFAFABABG@E@CBEBCDEFABCFAH@FBB@B@@CBA@@B@@@@@BA@A@@BBD@@AB@@@@A@@BBDAB@B@@@BABC@@B@@BBB@BBAB@B@@@@@BD@@@B@@@@BB@DB@@@DD@B@@BB@B@D@BA@AB@BD@@@B@B@BABBBB@B@BB@@@AB@@B@B@AB@B@@@BBB@@B@@@B@@BABBDB@@@@BB@@@BA@A@A@@B@DAB@B@@A@@B@B@@@B@@@ACB@@@B@DD@@@BD@BAB@@ABABAB@@@DBDBB@BB@CBAB@@@LFD@B@B@@B@BBB@@BBB@@B@@BBD@@@@B@B@@DBBBAD@@E@A@AB@@@@@DB@D@FAD@B@DBFBBB@ABA@@B@D@B@@@@EB@B@F@BAB@BBB@@@BC@ABABAB@FAB@DC@ADGB@DBFABFAFDDDBDBTDRCFCPMFC@@DBD@@B@@@@F@BB@@B@B@@A@CB@@@D@H@BBB@BBB@BBJDB@DBBB@@D@BBBA@A@E@@@ABAB@@BB@B@DABCBA@ACA@A@@@A@G@A@A@A@A@A@AAA@@BAB@@AB@AC@A@@BAA@CC@ABACA@A@@BC@@AAA@A@AAAAA@AA@@DCB@HG@@@AC@BCB@@@DC@@@ADCBA@A@A@A@A@AAA@ADAAA@AGKWODSLAJEHQGOAQGUESCQ@E@A@C@A@C@@A@A@@A@@@ABA@@A@@AAA@@B@@CAA@ABAA@@@AA@C@@@AAA@A@AF@D@BAB@AA@A@A@GDG@CCK@ABKCEAAAA@AECAG@A@GJKBE@A@GBA@CBCBADCFA@@FA@ABC@@B@@BABB@@@@BAD@@BAB@B@@@@BBBB@@AD@B@@BBB@DBB@BD@D@DBB@BA@A@A@AB@B@D@@A@ABCB@D@BA@@BABA@@ACBA@A@@B@BBBD@@BBH@BA@ABA@A@A@A@ABA@@F@BBBDDBBD@B@B@@BB@BBBDB@B@BBBB@@ABAD@B@D@BB"]],"encodeOffsets":[[[112202,21970]],[[112401,22187]]]}},{"type":"Feature","id":"450512","properties":{"name":"铁山港区","cp":[109.450573,21.5928],"childNum":1},"geometry":{"type":"Polygon","coordinates":["@@CBUCQGCIEAoSasU³YUGéEABCHAF@D@B@D@BDFJLBB@DAJABA@ABBDABABADA@@B@D@@@BBB@B@BAB@B@B@BDDB@B@JBF@HBHDBB@BBDF@FDLB@@J@JAB@PCRCHBB@@D@B@B@@@B@B@@D@@@@@BB@B@@@BA@@B@@BB@B@B@@@BB@@B@@AB@@@B@B@D@BAB@@B@@@@@@@@@@B@@AB@@ABAB@@@B@@BB@@@B@@@B@@@@@@@@B@@B@@@B@@ADB@@BAB@@@B@@@@@BB@@@@B@@@@@B@@@@@B@@@@@B@@@B@B@B@@BB@B@@A@@@@@ABE@A@@B@D@HAFCDAB@D@BDBD@FABB@B@B@B@@A@@@@@@B@@@@@B@@@@@@A@@@BBA@@@@B@@@@AB@@@@@B@@@@AB@@@@@B@@A@@@@BA@@BBB@@A@@B@@A@@@A@@B@@AB@BABA@@@ADCFAB@B@@BFBBAB@@AD@BBB@DBDDF@BBF@BDB@@DABBB@B@FDBB@@@B@D@@@@AB@@CAA@CAA@CDA@@BABBB@B@D@B@@EBEDCBAB@@AF@BAFAF@@BHBFDFBDDD@@@@BFF@LTDABB@@D@BABA@C@AA@@A@AAABAB@BCDABABCBAF@AJ@@HBGFCFA@@AA@C@@D@BABA@@BBD@JB@BBB@D@@@LDD@BD@BB@FC@@BC@ADADA@@BADA@@B@BBBBBBBBFDDBBBB@B@DBBD@@DBBA@A@AB@BAHBB@FAT@NCXSNGdK\\EjIhWb[V[JUNiFY"],"encodeOffsets":[[112235,22076]]}}],"UTF8Encoding":true}