{"type":"FeatureCollection","features":[{"type":"Feature","id":"450103","properties":{"name":"青秀区","cp":[108.676113,22.816614],"childNum":1},"geometry":{"type":"Polygon","coordinates":["@@@@@@@@BABCB@BBBBBD@B@@@@@@@@@@DB@@@@BBADBB@@B@@@F@BBDDB@@@@BB@@@@@@@@@@@@@@@@@DDDBHFD@D@@@BBB@@@@@PHBB@@@@@@LDDDF@@@@@DB@@DFDDBBDDD@DBB@@BBDBDDBBB@BB@B@BB@B@@BB@@HFFB@@DBDBDB@@@@BB@@@A@C@AB@BAB@H@B@B@@B@@B@B@@@DEFA@@@A@@BA@@B@B@DA@ABA@AB@AA@@@@@@DAB@@@@B@DB@ABB@@@BBN@@@DC@A@A@@@A@@@@FA@@@BDB@@BD@@@@BA@@@@@C@A@A@@BA@@BAB@@@B@@@@@@B@DB@@@BBB@B@BCBC@@B@@@B@@@B@@@@@B@@BBBB@@B@@DBBB@@D@B@DA@@@AAA@A@A@@B@@@@@B@B@@A@@BAB@@@FAB@@@DA@@BAB@B@@@B@@AF@@@FB@@@@DB@B@BBDDFBD@@@@JDBBB@B@B@BAB@@@BAB@@@D@@@DAD@F@@@B@@B@B@@BB@@@@@@HCF@B@@@@@@B@@@BB@B@@@BB@BFB@@F@@@@@@A@@@AA@@@@A@@@A@@@@B@@@@ABBBAB@@@B@@AB@@@B@BB@@@@BB@@BB@@D@@@B@@@@A@@B@@@@AB@@@@@B@@@B@@BBBB@@@@B@@AB@@@B@@@B@@JBB@B@@@@@BA@A@A@A@AB@@@BAB@BA@@@@B@@B@@AB@B@@B@@@@@HBB@BAB@@@B@@@B@@BB@@B@@BD@@B@@@@B@@B@@BB@@@@D@B@B@@@D@B@BBB@B@@@@B@@ABABABA@@@@B@@@@@@@@BB@@BAB@@BB@B@@@@B@B@BBB@@BB@DB@@BB@B@@@BFHB@@BHDN@HG@@@A@A@A@@B@B@@@@BB@@B@@@@BB@@BBDA@BB@@BBBBBBD@BB@@@@@F@@@B@FA@@@@@A@@B@@@@@B@@@BBB@@BB@B@@B@B@@DBB@@@@@BBB@BAB@H@@AB@BB@@BDB@@B@B@B@@@@A@@@AB@BCD@@@B@@JDBB@@B@@@B@@@@@B@BB@@@B@@@B@@@B@@@B@@@@@@B@BA@@@@B@B@BBB@B@B@BAB@@B@@@@AD@@@BA@@@@@@B@@@@B@@@@@B@@@B@@@@@B@@@FH@@@B@@A@@@AB@B@@@B@@@B@@BB@@@BA@@B@@AB@@@B@@@@BBB@B@@@BBBBB@@@@ABABC@ABA@@B@BAB@BB@@BB@BB@@@B@@@B@@@@@B@@B@BBB@D@@@DBB@@@B@B@@BBB@B@@@BA@@@ABA@@@@B@@@B@@BB@@@B@D@@B@B@B@B@B@B@B@B@@A@@B@D@@A@BJ@@DDB@@@B@@@@F@B@@@@CBA@@BAB@BA@@@@@B@@@@@B@@B@@BD@B@@@B@@@@@BB@@@B@B@BAB@BB@B@@@@DDBD@BBB@@@BBBF@BCBBBD@D@FAB@B@@BB@@@@@F@B@F@@BBB@@@D@@@BA@@D@D@@@DDAB@B@@B@F@BA@@BA@ABADABADAB@BAD@B@BBDBDB@BBB@BFFB@F@@AD@B@B@DADCBAB@DD@@D@@@BBAB@BDBDAF@B@@@@CCE@EBA@AAAAGAA@@@ADA@ABA@A@@BAD@BA@ADEAAA@@A@@DCD@FAJAF@DBDFA@@BDB@BB@DAFBB@D@DBBB@DBDBBBBDB@A@A@AB@DABC@CBAB@@ABAAAA@CE@CBAFCBCCSEE@C@C@A@A@A@MAUFABE@A@CB@@E@C@AHCBA@@CCAAAA@A@A@@@ADA@@AGAAA@ABCBAD@@A@@C@CA@A@ABA@A@C@@@ABCD@@CAEABA@E@CAE@A@C@IDG@CBA@C@CC@@@A@@ABE@AD@F@D@DCBEB@HC@@BG@AA@AA@C@AAI@AA@C@CA@AA@AC@@DADEBABGAAAAAA@ACCAABCDEFCF@B@B@@ABEBABCAA@BABA@@A@@BCDEB@@AAAAA@CAACIAA@C@E@A@A@KDIB@@ABA@ACEPOB@D@DABADADADA@@BABA@@@A@@@A@@@AB@BEAAAG@@@ABA@EBACAC@@@A@IKACCM@A@C@A@AAAAAA@CEA@C@AAAA@G@C@AC@@BA@AE@M@A@ABACGEEAE@ABAB@@@@CAA@@DCBA@@GAABA@@@CB@BBDCLC@@@A@@BBD@HABCDA@A@ADBD@B@B@DAD@FBFC@AA@CA@GD@BAAC@@@ABABA@G@@@@CAAABC@AD@BBBBD@B@B@@EDA@@A@A@AABAB@BBDAD@DCB@@AA@AC@@@E@C@A@GF@@CC@@@CBE@AA@EB@A@C@A@CBAAA@AACCACC@@@C@@@AA@@AA@A@@@@@A@@A@@@C@AA@E@C@EBA@@ABC@CBABAAAAACAAACECE@E@A@AC@AC@A@AB@@AAAA@A@EAE@@AEBE@AA@@BCACAA@ACAABGAAACC@@@B@B@BAF@BC@CAABAFA@CB@BA@EDC@ACAC@AA@AAC@A@A@@A@CAA@@ACAAEAA@A@ABCBCB@FBDBB@F@BA@EDCBCB@@EAABA@@DA@A@CDABA@C@A@EBAACAC@@@@A@A@@C@ABEBCBCD@B@B@B@BGHBD@BCDAFAD@B@BCBAB@D@D@B@D@@@BB@@@BBBB@DCFABA@A@@@@DBD@B@D@@AB@@E@@@@@@@GE@@@A@CA@AAE@AAA@A@@@AB@@AB@BAB@@@@@BB@@BBF@BA@@@@B@@@DAJABA@@@@BAD@D@BBBBBD@BDBBA@AHABAD@BAB@B@DBB@B@B@BAF@BAF@@ABAB@@@DADB@DBB@@J@DABIFA@C@@HAF@BC@EBAAG@AFEJCJCBGIGCKAKEKIMIMCEACACGEICAC@ABCF@FBFFH@DADG@MAICCCAIBIDQ@O@CAEECGAEDEF@JBHDN@RAFKFEHEVCDCBIACACECKCEGECCCCGCG@I@CBC@G@C@CCAE@E@GCEAEAEAICCCAG@EBEBCDCDEHCFEDCBQFGFEHKBIAKCGIKGOIGCKBGDGD@DBJBDFBLFFBDDBDAFCDE@I@GAEAE@CFALAJAHADEBBF"],"encodeOffsets":[[110918,23362]]}},{"type":"Feature","id":"450107","properties":{"name":"西乡塘区","cp":[108.206903,22.882779],"childNum":2},"geometry":{"type":"MultiPolygon","coordinates":[["@@B@BCHC@ADC@CAAEAABAA@C@@C@@C@EA@CCBED@D@F@B@DC@@FCDAFA@EAABCDCD@D@BCD@B@DBDEB@B@B@@EA@CA@AAACA@CBGB@BBFBD@BB@D@@BBDAFBD@FADB@DDB@DDDF@D@B@D@F@DB@@BBFA@@JAHADAB@BCB@D@BA@EAAEAA@CBAAC@BCBEFEBA@CB@B@B@@A@@BEACAA@GAAFCDAD@F@AC@AB@DC@CCA@AAA@CB@F@BCF@BCBCB@BA@CA@AAGCIAAADC@A@CC@AEIEAA@ADA@CBA@G@@@ABA@AA@ACAAAA@CBAB@@@@E@@AAAA@A@A@@AC@EBCBABAB@BA@EBABABBB@BG@AE@A@AA@AC@EA@AHI@AAA@@@ABADB@ABEBABA@@CCMGCAEEAA@APCBCD@J@NBFBHFJBFD@B@DABAD@FBBBB@B@@D@BBABBBFD@@DAB@B@DBBD@@FBD@FBF@D@BABAFEF@FB@@@BADDBBBBAHBFEDAB@HBDAF@@@BAB@BBBB@DAB@DBBDFBBFDBBHF@@@B@D@BBDBB@BBABAB@B@BBDBFBDBBBDBDDBBDBB@B@@@D@BBBB@BD@B@BADBDBDB@BD@FBDBDBBB@@@@B@BAB@B@BBDBB@BBD@F@B@DBDB@BB@F@@@DB@@B@BCBA@C@@D@BAFBB@DA@@BA@A@CAAAAA@@CBC@A@@@C@C@C@C@@BAB@@@@AA@@A@@BC@A@ABA@ABABAAA@CAECGAE@G@@BC@EBE@A@@@@@I@CAGEGCIEE@AEG@E@EAGAGCCCE@@@@AAA@AA@A@@A@@ABIBCA@@@@@GCEAA@@E@EBMBGDA@A@@BA@AAEAA@@A@@@AAMGCA@C@@@@@@A@KG@CBCBA@AA@@A@AD@DCAEIAAACAGECCGCEAEBEDGDIFSRMNGBKDOBI@OAQCGAICC@MAEAIAKBCA@@AA@A@A@CBAFEHKDGFOBC@E@IAEEMECKIGEGGEAA@C@C@EAK@G@GDKFMJOLMLGFKNCFIHGDCDAH@FBHBFDFFDHHHJDHFJ@F@@ABCBC@EACACCCAACAAEACA@@AACCGCA@EDABCDADABA@C@G@A@AAAAA@C@C@@BCDAD@H@HAFEPADADCDA@C@CACCCGIGGGOIAC@C@ABABADAB@DBBBBFBDDDB@B@FADABCBC@CCCGCKACAI@CBAACAGGAC@ABA@ABC@C@@KCCA@C@@BAHAH@@@BCAAACCAGAA@@AAA@ABCDC@CBC@A@ACE@AA@A@EA@AAAC@AB@@I@EDEB@@C@CAC@IHMBMBI@EAC@CBAF@BBBD@BB@BCD@BDHBHDHDJ@HADABEBCDCDAB@FADGDEFGDEDCBE@GBEB@@C@EBC@A@A@EAA@@@E@QBA@KAC@KBG@A@QBM@@@CBABCBCLCDCBC@CDCHEFEFGDG@K@A@@@MAK@G@GBGFE@EAE@CBAB@@CBABA@A@CAC@A@MDEBEFCHCBEDEFGHEHAFCDEBADAFABAD@BBBHDHBDBDDBDBBDBDADBBDBDDBFBFBTBNDDBBDF@D@F@F@HDBFCBCB@D@DBDDBDFBDFAPCPAN@FAJCDA@C@CACAABADCFE@ADAFA@@FDFB@B@B@BBDBBD@BDBFBDBDFFDBHBFDFDHDDBD@D@BB@B@FBHDDDBD@FAD@FBBB@DBBB@D@FBBBBD@BADBDBDDBFFDDBDBB@D@D@BBBD@DBDBFBB@DHBDRLHBFBLBFBBDDFBFDJDHDBFBF@DDBFBB@BB@D@BDB@F@DDB@AC@ABCBB@BDBBB@D@DA@AD@FBBDFB@F@DADDF@FB@@BBBBDAD@J@DB@B@B@BAD@BBBHBDBBDCB@FDDHAD@D@D@F@B@BDAD@BB@@BFBH@BBD@BAD@BFBBBB"],["@@AA@AB@@AAEEECEA@ABABCBABE@CACAAC@EACACC@C@C@AB@BCF@@A@AFA@ABA@CEAA@@A@@BAJBB@BA@C@AB@@@BBDBDABBB@BD@FED@D@@BB@GDCF@BBBF@DABB@@ABCBG@@BBBDBD@@AB@BB@BDB@B@@BDFDBBB@D@DADADAB@DBB@BABAF@D@DB@CDAB@DAD@ACA@EA@CBC@ED@CE@AA@"]],"encodeOffsets":[[[110680,23651]],[[110603,23638]]]}},{"type":"Feature","id":"450102","properties":{"name":"兴宁区","cp":[108.460189,22.939511],"childNum":1},"geometry":{"type":"Polygon","coordinates":["@@CA@ABAAA@@C@@@CCA@ABCDCBA@A@C@@BE@A@EE@AAA@ACACAAAA@C@ABA@CBABCBAB@BAB@@ABE@A@@@@ABACC@@C@C@@@AB@@C@@@A@AA@@@E@A@E@@@@AA@@@ABA@E@CACAAADE@AA@A@@AA@AACCC@@@@@AAAA@ABA@A@@@A@@A@@@@@A@@@AAC@@@AA@@@@@A@@@@@B@@ABA@AB@DA@@@@@A@E@@A@@@A@CC@@AIB@@@@C@AB@@@@A@A@A@A@A@A@A@AC@A@@@A@@AA@@@A@@@@@AB@B@@AB@@A@A@AA@@@A@A@@AA@C@@@CAA@A@AA@@@@@A@@@A@@@A@@AAA@@AAA@ABA@@@AB@BADAB@B@@A@AAAA@@A@A@AA@@@@@A@@BA@@@AB@@A@@AA@@@A@@@A@@@ABA@@B@@@@A@@EG@@A@@@@@A@@@A@@@@@A@@@@@@A@@@@B@@A@@BC@@@@@AA@ABA@A@A@AAA@A@@@@@ABA@@@@@@@@A@@@A@@@A@@@A@@AAA@@@@@A@@@A@@@AAIC@@@A@@DC@ABA@@B@@@@@@A@A@AA@AC@@AAA@@BG@A@ABA@AA@@@@A@CA@@@A@AA@A@@AA@AA@@A@@@@@A@@@@B@@@@EBA@@@E@@@@@A@@AACAAAA@AA@@ACBAA@@AA@@@@@AA@@A@@A@A@@@@B@B@B@@GHM@GC@AA@EG@A@@@AAA@@CAA@@AA@AAA@A@@@@@@AAA@@BA@AA@@A@@@@@@A@@@@@ABABAB@BA@@@@@@AAA@A@A@C@@@A@A@C@@A@@AA@@@@A@@A@@@AC@@@AA@@AA@@@A@@@A@ABA@GA@@@@A@@@@ABA@@@AA@@@@@ABA@AB@@A@@B@B@B@BAB@@@@A@A@IA@@@A@@@A@@BA@@@A@@A@AA@AA@@@A@@@@@A@@B@@A@@@@B@@A@@@C@@@AA@@AA@@@@AAA@@@A@@BA@@@A@ABAA@B@@A@@@@@@B@@@B@@B@@B@@@B@@@@E@@@EA@AAA@@A@A@@A@@@A@@@@A@E@GD@@@@@@AA@@@A@AA@@@E@C@CB@@C@@@A@AB@@A@ABA@A@A@AAIC@@@@ACCEAC@A@ACA@@@@EA@@E@@BA@@@A@A@AB@@CB@@A@EB@@A@AB@@@BA@A@@@@@A@@@@B@BBB@B@@CBA@C@@@AACA@@@AA@AA@AA@@@@@A@@@A@@@A@@@ADADA@A@AA@@A@@C@A@@@@A@@@A@AB@@AB@@@B@B@D@@@@AB@@@@AC@@CA@A@@EB@@@@@B@@@B@BCD@@M@AA@@A@BAA@@C@A@@A@CB@@@@@@BBA@@BAB@BCBA@A@@@AB@@@B@@EBCF@@A@A@@@@AA@A@G@A@ABA@@B@D@B@@AA@@@@CACACA@@EAGE@@AA@@@AAAA@A@@AAACAACAC@AA@CAC@CCAACCCE@@CA@@@@E@CCKC@@@@@@AAOG@@@@A@AA@@C@C@GECACC@@@@@@@@@@@@@@@@A@@A@@A@CCAAE@@@A@@@AABCAA@@@@CA@@@@@@@@@@@AACAAAAA@ADAB@@@@@@CDC@@B@BB@@BABAD@DLHB@@@@@@@@DDBNHBB@@B@@@BBBF@BAB@@@BCBAHAN@F@FB@FBHD@@@@B@ADAJ@BB@@@@BBBB@BB@@@@DFDDBHBH@F@FFH@BFFDJFHBH@D@J@@@@@BAF@FAD@@@HBFDHBF@DBBABAB@BAB@B@BAD@@@BB@@B@@A@AB@@@D@D@D@D@@@BAD@DB@BBBB@D@BABF@@@@B@BB@BBHBDBDA@@B@BB@B@FBD@BBBAD@FHBL@B@FBHBB@D@BD@@@BJADB@A@@B@@@B@B@@@BA@A@A@@@@@ABBD@BA@@B@B@B@D@D@B@BB@@B@@B@B@@BBBB@BF@DBDA@ADFBDB@BCBAFADBD@B@DABAJDFB@B@BBBDBBDBBBDAD@D@DABBBABC@@JBBBDF@D@D@BBD@B@DABBBBFBB@DBDD@BBDB@FF@@DBDBB@BBB@B@D@B@@B@BDBDBDC@@BAD@FCDABA@AB@BCDAB@F@DDD@@A@A@CDEBC@AHABCFAB@FAD@BA@ABCD@DBB@DCDAB@@ADAD@@AAA@A@A@AB@@DB@F@BAF@BDH@@DDA@@D@@BABDHBBFAFFBD@FADDBADFHDHDCFBDAB@DAHFBADADADBDFHBFDFD@@BDAB@HABFFAB@FAFAHAFFH@BADADFRABBDDFDJADAFAF@DBAJAPANABBFDHEJELEBALBDANBB@DADCHID@@D@@@@BBDBBEB@DAB@DBDDBHBBBDDBD@DCBCCA@ABCBCDAF@DBJEBACCDADAH@FCBG@IEIACBCDGDEECPKJ@V[PAHEFAHA@CHYJ@FHCFJC@GAIBGMCCAAABA@CAABA"],"encodeOffsets":[[111382,23550]]}},{"type":"Feature","id":"450109","properties":{"name":"邕宁区","cp":[108.524251,22.656598],"childNum":1},"geometry":{"type":"Polygon","coordinates":["@@A@BA@@@ABAB@@CGGC@C@AB@BABA@@BAA@CA@@E@A@A@A@CBCBA@@@AAGAAA@CA@@BGDCHEFBFAD@B@BABABCB@@ADE@@AE@I@AC@@@AA@E@E@A@ADC@A@C@@B@@@BB@ADC@C@CD@@@BABA@@@AACA@@AA@@AB@DA@@B@BAHG@A@CBAB@D@@AB@@BBD@BCBAB@FBF@BD@D@BAFEBA@ABGAA@AGBCE@C@A@A@@BCB@NEBBD@DBB@B@B@@A@ADCDC@AFG@CBA@@CGBAAACCA@@BA@A@A@@A@@BA@AA@@AAA@@A@@@A@@@AA@A@@@ACGA@AAABAAAC@@AAIECGA@EBA@EG@CCBE@ADABECEC@CEGE@G@EDA@G@C@G@GAEDC@EG@@DABAAEECCCA@BGC@CDCBAAACCEAAEAEAG@AD@BKBEA@CFAA@@AAEAKA@ABADCAACAIECEAA@A@A@GD@CA@EDCCA@AFC@GAAACEDC@IBE@@DK@GBI@@FED@@A@KA@GBC@C@@BA@G@@GCAC@GDAH@@DDADAHGDC@C@CAAGGGAA@C@CAEGCAAAABMACCEQAG@AB@FEHADGNCDEBABA@GBEF@JABEBCACICC@@AABCDADE@AACEAGGIC@@EBAC@CAKGE@ACEEGCCACC@G@GDABBFABEFMPAAMICCE@A@AFA@C@GBCDEBCDADA@@@@ABC@@EA@B@DEBEFADEHCAECGCAAAA@ABGCACAAAE@C@G@CACBCBICG@CDABAHABCBGB@FCBEFABECACECABC@AAGCEEDADA@CAAEC@AF@@AH@@ACGAEAACCCBEBCBC@CCECABBDC@EAACBAE@IBGBDDDJ@BEB@DBDCBEFBD@B@FBDDF@FBBBBDBBDBDABCBCACAAB@HADCFABAD@DBDDB@BABBHBBBDBFBDBDADCBCFEFCF@FBBBBD@DDBDDBDBALA@EDEFCFCFAD@F@H@H@DEDAFGDAFDD@FCBADBBF@BDCBACAB@FADA@CB@FDHDA@CDAHB@HD@B@BD@H@DHBFBFDDBBHEB@BADBDABCDC@A@AF@DADADFFFDFF@FBLEDABDBDBBFAJDFDHFD@DADEBEBCBCDAFBHEBIDAD@JAN@HBDB@BC@EBAD@LBHB@HABEBKFBDDDHD@DC@GD@FAH@HF@B@ADCB@JAFDBD@NJBDEDGDAD@D@D@BDB@DGBADBBABGDCH@BBDDBFB@DCDGHGBBFBFDF@H@FBFDDD@H@D@DAJ@H@HDDDDDHFDFDLDFDBJBDADCFUFGLEBE@QCMAG@IFEFCHBFDBF@D@PCRAJBJDDJDNBH@BC@CEGAE@EDEBAD@DBFJDHDBFBNDNJLJLFLBHDHJDADIFIBEH@BBFAD@@ABE@GD@B@JEBA@C@IA@CAA@BC@C@@BABA@@BE@ABE@A@A@AAA@C@ABA@ABCBABGB@AAACC@AAAA@A@CBC@A@@B@BABI@C@@@A@@B@@AAE@AA@@A@@@@BA@ABA@@BA@@B@B@BBF@BBB@@D@B@@HF@@@@@@F@@@BA@@@C@AAC@C@@B@B@BADE@CAAAA@@A@@A@@@C@A@C@CBADA@A@ABCBEDC@AACHG@A@A@A@ADCDAFABAD@@@@B@B@@D@DBBBFAB@D@B@BADCB@B@@CB@BAFB@@DADAFCB@@A@EAAAC@EDADABAB@B@FBBBBD@@BB@D@BB@B@D@BBB@@BBDBDD@FCB@@ADAB@BEBADBD@@ABE@A@A@A@@DDBBHBBADB@BBBBDAD@@BBF@FA@BF@FBB@B@BB@BA@@B@BBDD@@B@B@FDFDFBBDBBBBBABAB@DAD@BB@FAD@F@B@@B@D@@@BB@@@@@B@B@@BB@@B@@@D@@DDDBBD@BBBAB@D@B@D@BFAB@@BAF@D@@DD@@HEB@D@F@@@D@@BBB@@DA@CBCAC@ABABA@B@B@BB@FC@@@A@AACAA@ABCD@BABB@D@@H@B@BABA@@D@BB@AHCB@@DBBD@AE@EBC@C@A@AACBCB@B@DCBA@GAC@AB@@@D@DKAC@ADA"],"encodeOffsets":[[111423,23218]]}},{"type":"Feature","id":"450105","properties":{"name":"江南区","cp":[108.200478,22.599593],"childNum":1},"geometry":{"type":"Polygon","coordinates":["@@A@A@ABE@@@@@@B@@@B@@@B@@ABAB@@A@@@@A@A@@ACA@AAAA@C@AAAAAAA@@AA@@BA@@@@@CA@BA@@@A@@BA@@B@@@BA@@@A@@@@@AA@@@AA@AA@AA@@@AAA@C@A@CBIBODEJGFEAYCG@EDCDCNEDADEBCFEECCAEDEBAA@AAC@CIIA@G@@@@A@ABCCGFGDA@CDGACEIAAAE@KAECKAA@CBCCK@EAEC@EBC@@AACACEIIGC@C@@CFC@CCEAABEAAE@O@I@@EFIFEPEN@FMFGFCGICEA@EACAEFE@COBK@EFEBCB@@EEECICGBEDI@EC@EBGFCCIGEGEICAMEABCFCDQBABCBCA@C@C@ACCC@ECEBKHILA@ECCCFEHCDCDABCAAC@C@EECEBC@AAAC@KEEE@E@E@C@CGAMCAA@IACI@IEGMAAAECKEIBCACKGIE@GBCJBJGDEBCAIAAHIFMFGDABA@C@CAEECGGAECC@CA@EAIAAGBIBEAC@C@C@EEAACEBC@E@CAC@E@C@C@CAAAAAGDB@BDBFADCBKFE@A@EJABEDEDCBCCA@C@CBCBABCD@D@DBDAHCDC@@BD@D@@FBBDDFDDFBD@B@DBDD@B@BCBABB@H@FCFCBABABGDEFEFBB@@GBCAAEAAABCACAAB@BBFABE@CB@@BBBB@F@B@HAFADFFADADAB@BBDBB@D@B@HF@DB@D@HGBA@BBBBBHABC@GDA@GAA@CCAAEAID@BABCBCBABBB@BBD@BADEBE@GBC@IDIBA@LDDD@@ABEAOCK@C@@DCBEAACA@EBABAD@BB@EHAFABFD@D@F@@A@IACAGAAAAAA@CBABEBADAD@D@@A@A@AAC@@@ADBBBDFBDBDBDDBB@D@B@BBDDD@@F@B@DBBJBDHFFJBBALBBDBF@AJADEJG@AD@BD@@BCDABG@AFAB@B@FABA@@DABCDCD@DABBD@DBFBDB@D@@B@D@DABDDBJDBDLDBD@@DB@B@B@BB@AHABAB@@AFAB@@A@@@AB@@@ABB@@BB@@@@@B@AB@@BD@BB@B@B@DDB@FB@BBB@@@@@@@@B@BAB@DBDBDD@BB@@@DB@BB@H@B@DB@@FB@ABA@A@A@ABA@@B@@BBB@BBA@@D@BDB@BD@@DBDBB@DCB@B@BC@A@@@ABBBB@@DBB@B@BAB@@@BB@DFHDDDDDDBBAB@B@@DDBBBDB@B@BB@B@DAF@DBBDB@BAF@BABC@A@AB@BBDABABC@@@KJAJ@FB@D@DD@DABEH@F@FAFCB@B@DCF@BCAIIEAACAGBEBOAGCECECCCAI@EA@A@AAAI@CCAABCA@CAGAE@EHEFGDGBABAD@FCFAD@BEDIDABI@A@C@ABABEFCFAD@DBLBB@BBBB@@B@D@@ADEB@F@FBDDDDBBB@@B@B@B@@@@B@@B@DAB@B@BB@@AB@B@BDD@B@@@BAB@@@@@@@BBBB@FB@BB@@BA@@B@@BF@@@HB@DFFBDD@@@@@@ABA@A@ABAF@D@BA@ABA@@BDDBB@DC@AB@@AJ@BBBB@B@D@BABAB@B@BDB@DB@@DBBB@HAB@BCBAB@F@B@BDF@B@BAD@DCDAD@BBB@BB@HBDBBDBBAD@@G@GBAB@@@DDBLD@@@DAD@BAB@BBDHHDBBBDAJ@DBLBHDDD@DADADCBEBA@A@CCACAEAACAA@CBABAB@B@DBDPJHHJHDHDDDBD@B@DCBCBCFOBE@G@GBCDC@AD@D@B@BBBBB@H@D@B@BABCDCBAFCB@HDDDBB@@DBFBBBBDDBDDDBFBD@DABA@@@EEICGGIGGECCEAEAG@EBGDCHCJGDELMHENKPKNILEHCH@L@FBD@D@B@FBHHHFLJFDFNBF@J@FADEPCHGLEFAB@D@B@BBB@@DBLAJBFBNBD@JDHBRDPBJ@PALCHANMTQJEHCFCFAFBHDDDHFDBBBJBFABCBGBIBKDEF@FBHBJ@F@DCBEACCCEAKEEAACAI@C"],"encodeOffsets":[[110930,23317]]}},{"type":"Feature","id":"450108","properties":{"name":"良庆区","cp":[108.342102,22.45909],"childNum":1},"geometry":{"type":"Polygon","coordinates":["@@HAHGDC@CEACAAC@ADGHCBAAABCHA@CCA@A@C@CBCHCFCACMIC@CABE@IDABCA@E@@GBG@EHCD@@CGCCCACLEFABA@GGAKAC@AB@FADA@AC@GBM@IBCJCFAAGBEDCDAFAFABC@CECCGCEBIAECACABAFCAK@EEEECEEBCBC@CBEB@D@DCBAACBC@AFAAGCAECEAGA@C@GACA@C@@GGACB@DCBCG@EDAB@BC@EBABDDAACE@AABCDA@ECCBEHCBEFC@C@G@G@EBCDEDEFEFCB@BKCACAACCCC@AAAA@EDEFEDEDABCACACAEACAAAGBA@ACAAC@CBCBADEBC@GBADBDBDABAACACCAAAAA@ECEAC@E@AACFEDAAC@CFA@ACICCHAJAF@ABBDFBD@ACBAFDDDD@DAFADADDBBBFDH@BG@@BE@@BFDBB@DCBCBFFHDBBD@BAFDBDFDBAFEDA@EHADABABGBADCH@JDDADADBH@D@F@BBDBDBAH@BBBBBHDFDDBFGBCFEFA@C@AFB@@AD@B@@B@BCDCFADCHAD@B@BEG@KECAAGACDGBACCIICCEG@AB@FEDEDAL@DCB@@E@E@@JO@EAAAAE@GBCAKGIIDABCAEEEAGE@C@BG@K@KLADADCCICCCACGBEDCAEACGACC@ECGEIAC@EECCCACBC@@BCAAMEA@CBEDGBGACUIECCAKBCFA@ECGAACIA@CAE@C@EHEAI@C@OAEBC@IFCBCBEFEACBABCFC@ECE@GDAFGHCFAHADABGBE@ECEA@CAGCCABCBGBCAMEOIMIIICACBE@EDEAIFA@GEC@K@KAGAMGE@KIACIIAAGBE@ACAKACBAEEKCKCKGA@BDBJ@L@J@BK@GFCFADGCGB@HGFCBGAGDCJAL@FFDADCDIDABEDEFBLBLDH@BGHIFKFCACCCECACDCDEFCCEEKKEIGEGHE@KDEBAHCBEBCDCBG@I@CAC@AB@@@DADCH@B@BEJC@E@CB@BAHAFBDADAD@D@BBBBB@D@BA@CB@D@B@@@D@B@D@@HCBBBBDBD@D@F@D@DBF@D@FABDFB@F@D@DBDAFAJBHJBFBB@@DDDBFHHFDBF@D@DABCBEHENGJBBBJADCFIHIAAD@HJFLHBDADFJDLBFBBHNJFJ@BD@JBBNDHB@D@D@F@FFFLFD@BB@BADDFFFD@D@BBADCBCDGDEFDDFDB@JKLGFAFDD@DD@B@D@DDBDABARADCDEBANFDBFJFHJHDDHEFAD@@FCJAFDHDJFF@FA@ADEF@FALDPF@FEDBFBB@DFHJEDEHENM@OFEFEJ@FJ@P@F@BBAFBBDF@DED@DD@D@JHFJBDBD@BD@FAD@BF@FDLAD@DBBDLBF@LBFBBFJBDCH@DCBEHDHAD@B@B@@H@B@JJ@DBD@BBBFAFCDBFDEFADCFCBMFCDCD@FDHBZEFIHCFAPAJ@D@B@DBB@B@@BBB@@BBB@@B@@B@@@@@B@@AB@@A@@@AB@@@B@@ABB@@D@@@@AB@@BB@@BBBBBB@B@DBBBBB@BD@@@B@B@@B@@@BABA@@@A@@@A@@@A@@@@F@BAB@B@HCHCLAHDPJLHHJLDJBLAFGHEREDAFCDEFGDCDCFAFAH@DBDDBJ"],"encodeOffsets":[[111028,23312]]}},{"type":"Feature","id":"450125","properties":{"name":"上林县","cp":[108.603937,23.431769],"childNum":1},"geometry":{"type":"Polygon","coordinates":["@@@CFCJ@BBBBDBBKDA@EACDGF@@@BC@@BCB@F@LALDD@F@NMHE@C@GFC@@ACAAEA@GBABAAEACDEH@BCCCA@AACEGAAAAC@A@CBADAFBH@D@BEDCJEDBBBBCDED@@CEE@CCC@@A@CAEMAA@EACACAAEAEBIB@EC@ACCAA@DEDC@CAAAC@CDAAEBCLEB@BAEIC@BE@C@G@E@CDEFABAB@@CJABEDAD@@ECABEE@GCACBAGCBEAAE@@ALKACDCFABED@DAJ@CCEACBCCHKJABCACCB@AAADEFBDKAMFAD@DGBIAE@ABMBEAGAEBGBCB@F@DG@KBCFCFCAC@ABABEACEECGBCAG@ABEDAHEBDDAACD@HEAGCCBCH@HCAEBADBD@ACD@FCNEFDD@DDBC@EHCGCFGD@CAAAACDABKAE@ACA@CAE@AKA@ABC@A@AAAACAAACAA@@C@A@@A@@@AB@B@D@@@BA@@AAE@@AAA@ABABCBA@@B@B@BBB@B@B@@@@ACC@AAA@AB@BABA@AFE@A@C@AAAAA@BCBABABA@@@CE@AC@@@CDC@C@A@@CAE@@C@@@A@@@AE@@A@ABA@ACAAAA@ABC@@@CAEAAA@AA@AB@@AFA@AAACCA@@AACA@@AAAA@@@ADA@CAAAA@@C@AEAEAA@@@AA@A@A@C@@A@CBAAA@CAEAC@EBAAAA@AD@BA@ACA@@DC@@@AAAEBC@C@C@A@CGCACDA@CCC@C@ABAB@B@BA@CBA@AAAAE@IACBAFA@AACKACE@AAGACEA@@@@CBC@ODG@AC@EBG@GBAACACA@CEMDG@MQG@ADIJEBE@E@E@ADCBABEAC@AAAICEAGEGEACACBEAA@CAAEAICGGECEAC@@AAABIBIBCDCBCACECCCEEEGCGAEAAC@GBGBC@CAI@C@EBEAGFEJGLCBEBKCEKCBA@CBEIBEGGSDIBEHEAKDCNMP@^ADAFLBDDBFBHFFBJBDAD@B@DDDBBFDHNADCBCBCBAD@FABCDABC@GJANBHFNEDGJ@HCBSBC@CCCEOE@NIFBJDPEF@DBDAF@BCDCBABOLEJBBDDINBFBJSCUAGBCBCDEDEBC@EAC@ABAD@F@B@BEFABAD@FAHADADAB@B@BDBD@BBBBBFDDFBDDDBBD@B@BADEDCBEBYN@FCDMPBLEHABJNADABA@A@@BAB@FABCBICK@EAE@E@O@@@GBEFIHAHBFCNKFGJCDEDEDCDDBBDCDEDDHBD@DAD@B@@BBBDAFABEJ@BODQLAD@BAD@H@FABAD@BAD@BBD@BBBB@B@BBBB@B@B@D@B@B@BBD@BBBRRHFDBFB@BAH@BGD@D@JCFGAEBC@EBCPDFHBAFADFBFB@HALBDFJDA@BJJAFFFNCDCFAJDD@HBJABCDC@@FDB@FAF@BDJABCJ@BAF@HDBVFDDDAFH@BBDBDFF@FBBFBD@BDBHBFB@ICCBOB@J@DECQACB@F@DAB@@@BDFHDAHEB@DDAFJHFABB@D@D@HDDLBDDDBB@BDCDCDBDD@BDA@BDADD@B@@BFHDFDCFCB@F@JDHDCHADBDDH@D@D@@BDH@BBADNHFDAF@@HBBA@CD@F@BBJB@FEH@@DDHEH@EDBBDADDEB@BD@B@DCD@DDCB@@BDJ@HBDAFHD@FB@@BDBBBFCDCBDBLDHAJADBHAF@FFFDJC@@DB@BFBFB@BA@BDB@BDCBBHBDHDHDF@BBFAACBCDCHBHBH@F@BAFBD@BCDB@DBBFBBBBFHBDFHFBAD@"],"encodeOffsets":[[111342,24369]]}},{"type":"Feature","id":"450110","properties":{"name":"武鸣区","cp":[108.280717,23.157163],"childNum":1},"geometry":{"type":"Polygon","coordinates":["@@ACCGFCDCACCADCFCFCDCHILEDMAEBGJGFEHA@@P@F@F@FBL@JDDABA@EBA@AB@B@BABCIMBAFGAKNODC@EZMFADAFCBC@A@AACCACCEACCAEAAAAC@CA@A@ABABCBCBG@EBCBAFE@A@A@EBCBAD@FBD@FAFCDCDAHAVBTDAIAEJMCCAAFIPKBADADC@ABEAC@CFECOAIJE@MPFDFDDD@TADA@GHIFCEMAGBMHID@BADCBA@EBCDADADABCGMECAACC@C@ABCACAIEEAGAECCKABEBC@]NODMDIGCCACCCC@CACA@G@CAAACEAACAABAAAC@EACCAEEAAAAAA@CAIACEECECICEACCAEEECCC@CBADAHAH@H@FAD@FCDAFAJAD@BCDCDCF@HBFBDBFBBABEFEFEFCHCBBDBBBB@B@B@FI@CBEBEBCCICEACBAEQBCBC@AEGBEBGBE@EBAEEBA@GBAAC@@ECECGACECACBCBABGECBA@CBEACDCGEGBCCABC@EACEEEBAACGBA@AC@@@CB@CG@ACE@ABE@A@@CA@@B@B@BBB@BC@CB@BA@CBCDA@CAC@AD@BABC@EBA@EBADGB@BADCF@D@B@BC@CCE@A@CBADA@@BABCBEDC@AB@@CDCACA@A@AA@C@A@A@AAA@CACA@@EEA@AC@ACCCAA@EAAAAACBA@C@AAC@C@E@ACAA@ID@BAAABA@C@CBCACAAACCAAA@A@AEAICABCBA@C@CAEBABADA@ACCE@BCBCAE@@AAAAA@@@A@AA@@@AAA@C@C@A@A@A@@@ABC@AA@B@@@@@B@BAB@@A@A@@@A@@@@BCAIB@A@@ACC@A@GAEAA@K@GA@EBCAA@AAC@E@AAAA@@@CBCAGAAAA@@A@A@@E@@@CBA@EAABC@@@@DABADA@@@CA@@E@A@@ACACAA@E@C@AAA@CAAAA@A@ABA@@@@@AACACAEAC@@ACACACAABA@C@@AAAAAC@@@A@A@CAAACCCAAACAEACAAAA@A@ABAB@AAAAC@A@C@A@@GEAAECAACEAA@CBA@CAAAAA@AB@@E@CBGAA@CBEFGAABAACABC@A@@EAE@EFABABC@E@EAC@EA@@ACCAA@A@CB@@ECAABAAAC@@@@AAAAA@EBCBA@C@AECIAGEEAMAI@C@ADOD@BBBFFDBNHDD@@ABABAF@BCAAB@B@@BB@BGJ@BFBD@@BBBB@F@@BAHA@AAABAB@FABA@ABABAD@FBD@@@B@BBBBB@@@F@@A@AB@DBBBBBDB@@BAB@B@@@HAB@DCB@BBBJFBFD@@D@BCDBBJBHDBBB@@DABA@ADADE@ADE@A@@DBB@BDB@DCDA@@BBDE@C@CBEDBB@HBBBDAF@@@BA@A@A@@DABEFAFADD@BBDAB@FBBB@FABC@A@ADA@CBGBIB@@EBAA@@CAE@C@A@C@E@CC@CCA@CCAEBC@EACBAA@@@CAAC@EAAAA@AH@DDBBB@BDBB@@FA@A@A@CFCAA@C@ADC@C@CDADBB@FEBCBED@@CDA@E@C@C@AFDDB@@F@DD@@@@DBBBAFBBB@DCD@BGDADA@AB@DEDC@EDCBCBEBDBB@ABCB@DADEDAF@BCFDFGBBJ@D@FBNC@AB@@@D@@@DBD@BA@A@C@CDAB@@@BB@BB@@@BA@AAA@CC@@A@ABC@AAA@AB@@@F@B@BAB@@A@AA@AA@A@@B@@BB@B@@@BABAAA@@A@C@AAA@@ABABABA@A@A@@A@ABA@C@AACA@@@AB@BABA@AAAA@A@AB@@A@@A@A@@B@BABA@C@AAC@@@A@BAB@BA@@AAC@C@AA@AAA@AA@A@E@CBABABAHAJITAL@B@B@B@BCBIBEBADBB@BFB@B@BABCBA@C@CACCC@E@CAAACAEAEAE@ABABDBDFD@BBBBBB@BCBC@C@AAABEDCBABABADC@A@@ACAC@C@CBAFCFAF@B@@CBCB@DADA@CBC@C@@BBBDBDBB@DBBB@B@@A@A@C@A@ABAB@DCBE@CDCBA@CACAIAC@AAACCAC@C@CAACCEACECCACACCACAAC@ABABBFAD@DAB@BBBDBB@@BADCDCBEA@@A@A@AAAAC@EAI@E@CBAB@BC@ABCD@D@BBBBDDDADBBBDDDHDDBBDAF@@BB@DBDD@D@HBH@FDBBBBAB@@E@E@G@ICICGAE@@@ABABAB@BBDBH@H@B@DBBB@B@BBDBDBBBJN@B@B@BADABCBCBGBCB@B@BBDBBBBADADAD@BA@CB@BABBBFFDFBDD@@@B@BBBD@D@HADCDA@AAAAAAA@CB@@CBCBABABC@C@@AAIACACC@ABAD@DBF@D@DAHABBDDB@BAB@@ABC@A@CAI@E@ABAD@DDBFBH@DBBD@BADABAB@FAHAH@DB@@BBDBBDBDBF@FBJDFBFDFFBFDFBHBBDDDBDD@BD@BD@B@BADCDA@@B@F@DHJDHBBD@FBDBBD@BBBB@@ABADABB@D@DCDBF@B@B@BA@EFGBCDE@BDFDFFFDFDFHFDHHHFFBFFDHFFFDHDDBB@D@BABADABGBEDADCFAB@F@DAHEBA@CBEDADBDDHDFBF@B@DCDCB@BAH@H@F@FCFAD@D@F@FCJEDEDEFADHFAHBDE@CAA@@C@@AAC@@@CB@B@@C@A@@C@@AB@AAA@A@A@@@AAA@A@ABA@@AAAA@@A@ABABE@A@AAEGI@@@AB@FF@@B@@AB@@A@@BAFADBB@B@BBB@@BABAB@BAB@@B@B@B@BAB@BADBB@@@DAB@@C@@@ABAB@B@@@B@B@BAFA@@BAB@B@@ABCBADAB@@ED@BB@@BB@DBCBABABBB@@A@AB@@@BB@AB@BCB@BBBB@@B@D@@@B@@B@BD@F@BAB@DB@@@C@@BA@A@A@@AABABABB@@BBB@BBAF@@A@@BB@@BAB@D@D@@AFBBBBD@BA@@D@@B@F@B@@AB@DBBABBB@BBB@@@BBF@FCBADCD@B@BABCB@@BB@@@B@BABBBAB@HEHBNDB@DCB@BJAFAHEHEJADEBAFCFABBDBDDD@@CF@HH@EDCBCBAFDHBBBDDDADCF@BFB@DBDDDBBDDBLDNABFBDHBHJDHJAXEFDJEH@FJBFFDBA@@D@@FCHE@DL@BBDDBBAH@FCPBHDBB@AAA@ABAB@B@A@ACB@@@B@B@BBDB@BDBDDHBBBB@BA@@@B@@B@BBA@@@@BDDDBB@@@AADADBB@@@DB@AA@BAB@@@@@AAA@@@BA@@@ACA@@@AAA@@@AB@@@@AD@B@BA@@BAB@BBBBDDB@B@@@BC@CBBBBDBFDBBFDDFBBFF@@DBB@BBFB@DBBBB@BBB@A@A@ABA@AB@B@DDBBEDBBDFCBFBDBBBDCB@D@BB@DBHDDHA@@DBBBHDFCD@BDBDAFHDPADED@B@@BB@BBB@D@@@@CD@DABADAF@DBBBD@FAB@BBB@BDFDLA@@D@D@JEB@FEB@FGBAFCD@FCDC"],"encodeOffsets":[[111009,24091]]}},{"type":"Feature","id":"450124","properties":{"name":"马山县","cp":[108.172903,23.711758],"childNum":1},"geometry":{"type":"Polygon","coordinates":["@@DGBCHIDCDADEDEDCACFG@AAAG@I@A@AACEIECIA@EBCDCACDEDEDABEA@@ECAABAAAKEACGIACACEBIKBCACBABCDCHBAEBIAACCAC@EKGEG@C@AAEKA@EDIP@JDNBBCJCDADADAEEEE@KE@CED@Z@L@D@FAFCFAEIC@CBC@A@C@CCCABEFEAGAC@AKAACFI@CIEBGAAG@EEDCJKF@@C@CKIMB@CKEOAAAECOIEMFAJC@AFIOQDEJ@LBABBH@DDDBBD@D@FCFGCEEECGAE@CDCD@FBDBB@LABCGIJ@FB@LFBFCB@DADCB@AE@CFBDBBABEGAAMJ@@@@C@CBAF@DADABCHDBSCC@@@CBABAB@ACAAACIBE@CAC@AC@CBCBADC@OD@FBFCDECCBEBADAJBJAAC@EDED@DABEAGCIGCEAGACA@AACAEEAE@CECAAAG@BECCECAUGCE@ABI@ADIBACE@EBA@EC@@CDADIBGAC@ICEBCDMDEEBEII@ACBEIACBK@GEAEABCBEGACEDOFAD@FAHBDE@I@CHC@ABG@AEACAGEQQAA@AAC@A@A@A@C@A@AAAAAA@A@AA@AAC@ABC@ABCBA@E@GBC@ABCRKPC@AFIBABEACAA@@@ABC@CCDEDC@EDABEHA@EFA@IFC@C@@@KBECACA@AAA@EBC@AACAE@CBABCBC@@D@@C@A@AAA@@AA@C@CFOBGCBEACACC@EDGCAACA@@GBCCAG@CAAC@A@CDAACAEADACEAAFCAACCA@A@@BAB@B@B@BAA@AAAAA@CEAAAA@CA@@EEAACEECAAECCAAAAA@DAD@@A@A@CCAAAAA@AB@@ABA@C@@B@@A@@B@@BB@B@@DB@B@@AB@@B@BB@@@@A@ABB@@BCA@@A@CACBBB@@A@CACC@A@@B@AAA@@@@A@@ABA@AAGACCCA@ACAAAA@A@@@A@BDB@A@A@AB@BBB@BAAGCOAEDG@ABCAAC@ACKF@DG@EC@@@ABECAEEIG@IFECWFIBCGGIGAACAEMBKCCAACCACCCAA@AEE@CDCBCCAAGAECABADCD@FGGE@@DC@CCCAAAEBEDABCFIBGFGFEBIB@ADA@CCAAMFG@GBAAABA@A@A@@AA@@DABA@A@ADCBCDA@EAE@A@@AA@AAABAAA@CBA@@@A@E@AC@@@ABC@AAAABE@@@C@CBA@AA@@AB@@@BEAAA@AA@@AAABABBB@@@B@BAB@@@D@@CAA@ABE@C@@A@AA@@@C@A@@@AAAAA@ADA@@BAA@@A@@B@BA@AAABABAD@CAA@@AAC@@FA@CBABAD@BA@A@AB@@EBABA@A@@@A@A@AB@B@@@DA@CB@@A@CAABA@ABA@A@A@@@BA@ABABA@AA@AAA@A@CAEBAB@@@BA@@BA@@@EEA@@B@@HJBF@B@BAFAB@B@BB@BB@BB@BAB@B@BB@@B@B@B@BBA@@BD@@@@B@DA@A@@D@@BD@BD@@@BB@DCFGAEBCGEBCFCFIFEDE@C@C@EBEDE@G@G@ABA@CDCDA@E@EAGCCCCACBAF@DABGFCBE@A@EBCDCBAFAHCBABABC@A@CAGCECEECGEEEAGEGGECEGECECEEECACA@CC@CCCCCKEECC@EBEBCBC@AAACAAACAAAACACBAFCBABE@CAAAAAC@ABA@CDABEAE@A@CDA@E@CCAACACAC@CBABCFABCBEBGBC@CBCFCFADABABA@CAECAAEAAAC@E@GAE@CBCBADGFAB@BBFBFDDBD@DAFABABBB@FADA@CDABA@AB@DBDBDDB@B@D@DABCDCDCDADBD@FBDBDBDFHBHBHBHCJCHGFSNABADAJABADFAFBDDFFFDDDFDDDB@DA@ADABADBBBBBD@B@BBBBB@@DBBBBDBB@B@D@P@BAHCHCDALAHBF@B@D@@@BB@B@@@BABAB@B@B@B@B@D@D@B@@DDBDDFBDDBBBF@DB@@DBBBBB@F@B@F@BBBDBD@DB@B@@D@DABCBCBCD@BBLLHFF@D@DADCBEAMBCD@D@BBDB@BB@DDFDB@F@BADB@A@@D@DAB@B@DB@DBDDBFAFBHFHHAJBDDBH@JBFDDDBFCH@F@D@BDBFBL@@@HAF@B@BB@B@B@B@DBBDBDBF@BAB@D@@BBBCF@B@DBDDBB@DAFCFCBAJEFCDCBABCBA@CBCDC@ABA@C@A@CBAD@HCH@D@JBJFHFFBBFBB@B@DCLAFBDBDBBBD@F@F@F@F@B@@FJBBB@DCD@J@JDDDDBADAFD@@D@FBHB@F@CFFBF@DDAHLJFDCHFDAFDBDB@DAD@@C@AA@@ABBB@B@@ABAAAB@@@B@B@BBD@@A@A@@A@A@AAA@BEFCCABBD@DA@A@CBA@BHAF@DAD@D@DAF@DCBEH@B@B@BBBBB@@@BBDB@@D@B@D@DBFBFDDBDDBDBF@B@D@DDDBBBBDDBPLDBDBDBB@B@B@B@FCDADAB@DAFBFAF@HCD@H@HBFDDFDHDFBDBDDBJDB@@BBDBFBF@B@DBFBHDFRTAD@BFHFDH@FAFA@ADEDAJEDABABAFIFMDEFCDADAD@F@F@FDDBBBBD@D@BABCDCDCDAF@D@DDJDHDFJJHHFDFDLFDG@G@AFGBEBAFA@CD@B@BAFB@D@BD@DIBE@EBECK@GDA@@B@@A@AAACCDCJABBB@BABGCGC@@EBCDED@BBBBBAHED@BFBF@FN@ACDCCA@@C@@IH@FEBFFDCDCA@DBBBBFFFHHC@C@EDAHDBAGGBA@@BABA@AAAFABE@@F@BBD@@B@B@D@D@B@FDDADABBDDD@BH@B@@BBBBBADJDNHBDBDDFDFCBC@EBE@CDEC@@CDCF@B@DBBB@BDFB@BEDABHFCDFDAJDBFEBBDBFFDBDDDDJJAFC@ABHJAFG@@JF@DBDDDFL@@BFBCFBFHDNAHHDADGBAVNFAB@D@BBBBB@@B@BCFBF@DCH@DDD@HBDAFCBBDBBBLCBAB@F@DCBCLAB@AA@@A@C@AEACD@H@DDJDDAF@BB@@BB@BBB@DAHABBBBBFBL@D@BBD@@@BCDCBAAC@A@A@@B@BFHFDDFFDFBFDJBPHLFFFHFHBFBF@F@D@D@NBF@RCDADAHEFCBC@C@EACBCBAB@DCD@B@BBBBJFFDFDFBD@B@DA"],"encodeOffsets":[[111084,24596]]}},{"type":"Feature","id":"450126","properties":{"name":"宾阳县","cp":[108.816735,23.216884],"childNum":1},"geometry":{"type":"Polygon","coordinates":["@@FABIDCLAD@JCF@B@BA@AICCCBAH@@ACAAAKAHAAA@AKCKBED@@@AC@@BABCCVMFCH@B@@IBGFCBGJ@@@EIAC@EIDAGBAH@FCHAJEJAB_D@FCBA@EC@ECA@@CDBBAACCB@ADABA@ECA@EGCCAAABA@AAAA@ACBCAA@ADCCGA@AE@A@AAACQ@CAGAE@G@A@CBA@BBBHBBC@C@CBEDEBCEAC@@@CAAGCECAC@CACA@AE@CAACEIEAK@GBCCA@ACEAC@C@GAAAAC@ECC@AACCABAB@DADABEBA@CACA@ACCA@EAGAA@C@C@EEDAA@AC@GDEBGBABCDE@G@GAEEAA@EA@E@EAECCACEA@ABAAAACBCB@A@ABAB@@AEEA@C@ACAA@C@AAABAFC@CDEFCDADADABA@AACCACCAECCCAIACAAABI@@AB@EAAAECC@A@GCAABA@BCA@GKCEE@K@GCCAC@CBOFA@ICIAAA@[DCDIGCCID@BCACDE@GBGDIDA@EGIAAC@C@A@EDA@AC@@C@IBI@EBA@CCGBKBA@C@KB@EDMACEAEEKBA@IBGDKNKJEDCD@DBHAFGBI@AAAICA@C@A@CGBA@BH@FABC@IAA@AM@GECCG@AACAAEBAA@CDAHGBAACGAC@ECC@CJCAAAOBAA@EACCA@ACAGA@@CDE@CFE@@GCA@FCBA@AEC@CBC@CFA@G@ABAFAFCH@D@FCBAD@BJBFF@BAFBD@B@BADCDG@E@BD@DA@CCCAADAF@FFD@FCLGDBFADAFAFEAE@E@EECG@ABCCAA@A@A@AAEEAGE@EACBCBGAEBC@A@C@ABDH@BCF@FGFC@C@KA@BA@AB@DADCBA@@B@B@BCAAAAAAC@CAACAC@A@EACBA@@ACA@AB@CECAE@IBEBC@CD@@@BB@BBCF@BABC@AB@@@BAB@BCB@B@@BBBHBB@BAB@FDF@D@@A@E@CBABBB@DABBBDBNDAHBJ@HIDDEEGI@GZ@DGBEBGFOBU\\I@OLFDCFCHADBDFJ@JAHEDG@CBCBDDABIFCAE@CBADAD@BDBADCDC@CAACAAAGCCCAA@CBA@AFCAAA@@@@@CC@GJCDCBA@MACBKAABKFIFGFECAAMBOBIBABEJA@A@A@AACAAAGDEDEFEFAFABEACAEAGAE@CDCDADC@IBEBCBEDC@EBG@G@GBCBAB@DDDFDFFDBBDDFDJDFFFBDBJ@DBBBBBBFFDBBD@FBDBBBADBBBDFBBDBH@B@BD@DDDDDDBHDCJLCFBFGJATCHHAFFJDAB@DAFLLDFADAHKFIHEFBFAD@J@DBD@HAHAD@BBBFDHFHFFDDFDBDADCDADAJAJBB@BD@FBFDHHJDFBBB@DBBAFBDBDHFHFFBJDBB@BBDAFABCD@B@F@FAFIFCJ@BRH@NCHFN@DDBDBBBHAH@FAD@@BCH@PAD@D@@B@DFHBBBF@BDDLBBB@BEDAJBF@BBBBB@DAB@@A@ABABAD@D@DDB@DCDBDHB@D@D@D@FABB@B@@CD@@DB@BABC@@BBBBBFAD@FBDBB@BBDAB@@@@D@B@BBB@@B@FBFB@B@DB@BBDBB@BC@@B@BB@BB@BD@BB@DDBB@BEB@BA@@BBBB@BBBF@D@@AD@BBBBBBDB@BAB@@@BF@@B@@@D@@@BF@DB@D@D@DC@@D@@BDF@@B@BABADA@ABBBB@B@D@BEF@BABABA@@BBB@BDD@B@@A@A@A@AAA@A@@@ABADAB@BBB@BF@BB@@AB@@C@A@A@@B@@@BB@D@@@BBBDBBBDBB@B@BAD@BLB@BBF@DDB@BBFBEJBDC@CD@DBJ@JADE@G@ANABADABBHBDCHEBEDGFABAAACCAEDCFAACEA@A@AD@DCCAC@CA@AD@BCECAB@@ECBCDAAABABBBB@BDAB@DCF@@GFK@A@GDAB@@C@CDEFEFEDCF@DBDAB@@EBABABBBBBB@BAF@B@@D@D@D@DADCB@BEDCBAB@@@B@@BABAHCD@B@BBBB@B@B@B@BB@B@@AB@BABB@@BB@DAHAF@BBBA@ABCBABADGFEAABMJ@NB\\BDBB@BBFL@BBADBBAFAAAD@BADE@@DDT@DAF@BDDBDA@ACC@IDADA@C@C@CEAACFC@IFOP@D@@BBBD@FD@BBCBED@DH@DHFBBHD@FABAAA@AF@HBFD@@@@CJ@HADBFAFBB@CECAC@CACA@E@CBCACCCAB@BAAAAA@A@AD@A@A@A@AB@B@@EAE@ACADE@CHCFIB@BCFCB@BEBBBCDCBEBB@BDADC@CBAF@DAFBB@BBH@BCBA@ADAH@BJ@HBDHDD@B@BBBDBCDG@AA@ABA@@AB@@AAA@ADCBBDCB@B@DBBDB@BA@ABAFBJAD@@@@@DC@CCCJKB@F@BEFCFADBB@DC@@@DB@@CDAB@BBDCJEJFHDBD@@CBEBCDOJ@DBBD@HB@D@DBHB@D@@B@@@BD@@@BDBFB@FCH@@@DC"],"encodeOffsets":[[111839,23856]]}},{"type":"Feature","id":"450127","properties":{"name":"横县","cp":[109.270987,22.68743],"childNum":1},"geometry":{"type":"Polygon","coordinates":["@@DEBGEGCAAC@ADAB@BC@ADEFAAEEEC@FGBIBBB@HDD@JADBDDHCF@FABBD@DDB@@DFAB@FAFAD@@CBAF@HEFAF@D@J@BDDDD@D@BIBGD@DADCBCAED@BEDCHELCDEAECCCCAIEBADCG@KH@FMKBECI@BIB@D@D@AAIACA@CACA@AAA@A@@@@AB@BAB@@B@BB@@C@@B@@B@A@ABA@@@@BCBA@CA@@B@BA@@@ACA@@BBB@B@@A@AA@@@BBB@@BAB@AB@BAB@@A@@@@C@@AAA@@@DD@B@@A@@AAB@@A@BB@@A@@@ABA@@A@@AA@A@@@B@BBBB@@@ABA@CGGGAAA@CC@ECADCDE@ADAFBFCDAF@BAH@BEBAD@BCNGDKDEFADAFABCB@CK@ABEDG@ADEDCDAHCDGPKBA@C@AEE@ABEJKFCD@B@B@NAFCB@V@BABE@CAGACBCNEH@HDHBJ@DEAALCHCRCPEJCZG@@@@BADC@A@ABA@ABI@A@ABA@AECCAC@AAA@GBEAAAAA@AACA@QCC@CC@@ACBABCFAFC@AGK@@@A@AB@BAHCHCFAB@DBB@BIDEFCDE@AAAA@@AB@BABC@A@AF@FBHAJ@RAFBHDHBHD@@D@@AJGB@HEBC@CFCEECCA@E@@BABAB@@ABA@GBCAA@@AAC@C@AFEKKBE@AAGC@CC@CDEDA@CAG@AA@A@@@A@@@@CCEDAF@B@D@B@BFFAF@F@@CBADBB@FDB@DA@@B@@@DDFBF@D@D@DCPBHC@@@A@@@AAA@@@CB@@ADC@AHCDAB@DBBB@@B@@@DABABAAGBCFCDEAA@@@AC@AA@@AA@A@@@E@E@@BCBADCFA@@DEBCBABC@AACAA@AICJIBCBA@@BBBBB@BD@@BB@@B@B@DA@@JGLKCE@E@@@@B@D@D@@AFGBABABA@@BCBA@IFA@C@AACGCGAAAA@@@EB@BA@CAA@@BA@ABAD@@EBCBCAA@@@A@A@@@CBCBEB@@A@A@@@A@@@@CCA@AA@@@@@CA@ABA@A@@@@@A@@@@A@@@AA@@@@AAA@AA@@A@@@@AAACC@@@A@A@@@@@@@A@A@A@A@@@CAAEAA@CDA@GD@@@@A@@@@@@@@A@@@A@A@@@AA@@CAA@@A@@A@@@@@@A@@@A@@@@@CCA@@@E@@@@@@@A@@@@@A@@@@@@@A@A@CAA@C@@@A@@AA@AAA@@AA@@@AAA@EAA@@@EC@@@@AAADCAAG@C@A@@@@A@@BAB@@@@ABA@@@A@@@@@A@AB@@AB@@AB@@@@ABA@@@AB@@A@@BA@IFKJC@CAEGECICCAAACCAGACICECIDE@KAIIDEAGDGAEEAEBEDADBLBHBJAFECK@C@AFQCCCA@GHCBCACGECCACBCBADSPGBA@ECICAACIEECAMDK@C@ACBA@AAAA@CDA@GICACAAAAC@AKIECG@AE@GCGKICCGEEA@CEMACEAECECA@AEACAGACBEBABA@MFCEE@CDABAFBFCDADGDCHAFAFGJEGO@AAEEAGCKACDEBA@ECGEEGGEEAGCGGACOICAADBF@LEDIPADADEDE@K@IACCEGABCD@B@HAD@BBBDD@D@@AB@@A@GGECA@CDCFAB@@CA@CA@G@GBCCCECAA@AHC@@@KCBB@DCBC@GA@DBDHBBBDDBB@BFFFD@B@LCBGJGDC@CCAAAAE@ADC@ADGB@A@ABAEAC@CDAF@BAHABIGIK@A@E@ABEFADBBBF@DA@EBEDEBAB@D@DA@A@I@@IAMAMCE@AAECECE@AB@@CDEAABADGBG@ACEAC@EDCAECIAE@C@CAIAEBIDGFADEHA@EGEBGBCBI@GAC@C@@BA@KECBAA@CAEBAB@@CECCAE@E@AAC@CBBDA@CAC@CBABI@E@A@GBCDAB@FBB@LAHCDACA@E@ABABCDALABGBG@EBABABEBCA@GAACIA@EBA@EGBGEACG@A@CK@C@CDEDEFCB@AC@CAEAA@@B@BABA@GAA@ACEEACGACACG@@CBCFC@A@C@ECCCCAM@I@E@G@E@KBC@CDABDB@B@BCBGBCBEBA@EDCD@@@BBD@DA@EBABCFGHA@C@ADBB@@BDBBBABBB@DH@B@@@BBB@@B@@@B@@@BB@BB@@BAB@@@BB@B@B@@AB@DDBBABDH@@AB@DEH@BCDCD@B@BA@A@A@CAC@AAMFA@AD@@@B@B@DDFHA@BBBAH@BABEFABC@C@@AAE@EBADA@AAC@AA@@BC@A@AB@D@BGHABA@@@CBA@@BB@@BB@BD@B@@ABAB@@C@@D@DCD@BAA@@A@@@@D@BCD@B@B@F@FBB@@D@@B@JBF@@CF@BA@ADABABA@C@EBEAGFCDAH@@DBB@BBBH@B@@ABAD@D@B@B@B@FB@@DBB@AB@BA@ABAD@D@HH@DA@AB@B@@ABB@@@B@BAHB@@ABCD@@BB@D@@A@AB@BBFFFDHAB@B@B@NBFB@@AD@@B@D@HBBBBD@B@DFB@BBBB@B@B@D@BDNBDJLB@@@D@DBAB@FAB@B@@BHBBAFA@@B@@@B@@@B@@ABAB@@CBCBCBABCBC@A@OPDF@BAB@BA@CJ@L@B@B@F@DBBDJBB@DBBBB@BA@CFAD@@@BB@BA@ABBADABAF@BA@A@E@EDCFADBBDD@BBBBBBBAHABCFCB@@BDB@@BDBD@B@@BBJ@B@DBBB@@BAH@@GDA@AFCDC@E@C@@BAF@BB@@@D@@D@DAB@DCH@J@D@BBF@D@FABFBDB@@DCBA@@D@B@B@BAB@B@@D@DB@@@BCDABAB@BBBH@@CB@B@@@B@BBBBBDD@@ABGD@B@D@FA@@D@BAFEBBV@N@B@B@B@D@DFFDTADEDAB@DDFB@BBABLBD@D@HE@EDE@ACGBAD@B@D@FAHBDADAFBF@BHFFBBB@B@B@DBAD@BDHFFF@F@FBBEBEBCAEHCDK@EEC@EBEBCDBDDB@@CACF@H@DCBC@A@AACBE@AEEIA@ABCDA@E@CDGBEBEBAH@B@DED@DAD@BFB@DA@EDB@HF@DEF@DC@@HBDB@BDBBD@FBBPABBDBDID@FDD@HBBDABGHCB@DBBFABBBD@BDHFD@HBNB@JBD@BA@EAGB@HA@D@B@DDBBJBBJ@HABEAG@CDCFCLILMHCJAB@LAFFFBBDCN@FLAD@B@LAHADDB@FAJ@JAD@@@BDB@FCB@D@D@BBHJ@FCBCJAH@HCFBDADC@DJHDCJCD@\\BBJBJDB@PEDAD@DBHDL@F@DFHLB@ADB@BADB@H@BDDBFBB@FBA@@AJBBDBJBDBDDBFDDDBBD@BABCBCBCBEDCF@DEDABBB@B@DBBBDD@B@FF@BA@AB@B@BDADABBBBBAB@DFDBFDFBF@B@@FBBFFHBH@F@DCBAHAFAHCD@@BBBFC@F@D@DBBBH@FDBBDB@BD@DABAFCBCBA@ABDBBD@BDD@FBDBBHBD@D@FBBDB@DDHAL@FBFJBDDBF@@BDBDBD@DBDFBHDB@@D@FB"],"encodeOffsets":[[111873,23688]]}},{"type":"Feature","id":"450123","properties":{"name":"隆安县","cp":[107.688661,23.174763],"childNum":2},"geometry":{"type":"MultiPolygon","coordinates":[["@@EAE@CCCBE@A@CEAA@EBCB@@C@CAACA@AAAAD@BBDA@CCE@A@ACC@A@@AAAAECCE@EACACGCIAECEACEAKAEAJ¤DE@ABAD@D@D@BDBD@FBDDBDBF@BADABABAB@DFFFBF@BA@@BBBta"],["@@DBD@D@DABADC@CDA@@D@DBD@@B@DAD@BBDDBDDDBHFHBB@F@B@BDDDDBD@DAFCDABABEBCBAH@DBDADADAD@BB@B@B@BBBDBBA@@BCBCDCBAB@BBB@DFDBD@DADABCBC@CC@CAAACIA@A@@@AEACAAA@ABCA@@BCBADAFADCB@DBDBFADBB@BDBDBB@@DCBABAD@B@BFDBBBB@B@B@@A@ABC@C@@@AB@D@DAD@D@HADAFAFABCBCBCDCDCBEFEDADADCBBB@DDBBB@DAB@F@F@F@HBHBBBBFBDBFBDABCBADABBB@BDBB@BADA@@BBHDJFJBB@@B@BCF@DBDDDBF@HADCDCFEHCDADDBDDDD@D@JCF@D@D@BDDBD@D@B@BBD@BBBDAB@D@DBB@DBBBD@BABAD@F@DBF@F@HAHAJCHALAPAD@D@DABABC@C@CAEB@B@B@D@B@B@B@DBBBB@B@@@BB@BDBFBDBDBFAB@B@D@@@BA@@BBBA@@@@BABBD@D@BAB@BBB@B@D@DA@@B@@@B@@@B@@@B@B@@@@AB@@@@@BB@B@@@B@@@@@@@@BB@@@B@@@@@B@@@@@B@@@@B@@@@@B@@A@@@@@@@ABB@@@BBB@@@BB@@@@B@@@@@@@@B@@@B@@B@@B@@@@@@@@A@@@A@A@@@@@AB@@@@@@@@@@@B@@@@A@@@@B@@@@@@@@@@@@B@@@@@B@@@@@@@@B@@@@@@@@@B@@@B@@B@@@@@B@B@@@@B@@@@@@@@B@@@@@@@@A@@@A@@@@@@B@@AA@@@@@@@@A@@B@@@@@@@@@A@@A@@@A@@@@B@@@@B@@@@B@@A@@@@@@BB@@@B@@@@B@@@@@@A@A@@@@@@B@B@@@B@B@@@B@@@@B@@@@@B@@@@AB@@@@@B@@@@@@@@@@B@@@B@B@@B@@@@@@@@A@A@@@@B@@@@@BB@@@@B@@A@@@@@@@@@BB@@@B@@@@@@@BB@@@@@@B@@BB@@@BA@@@@@@@@@@B@@@@@@@@B@@@B@@@@@@BA@@@@B@@@@B@@@@@@@@@@@@B@@@B@@A@@@@B@@@@@@B@@B@@@@@@@@A@@@@@@B@@@@@B@@@BB@@@@@@@@@@@@AB@@@@B@@@@@B@@@@@AB@@@B@@@@@BB@@@@@B@@@@A@@B@@A@@@@B@@B@@A@B@@@@@B@@@@@B@@B@@@@@@@BB@@@@A@@B@@@@B@@@@@@B@@B@@@BB@@@@B@@B@BB@@@@@BB@@A@@@@@A@@@A@@@@@@B@@@@B@@@@@BB@@@@B@@@@@B@@@@@@@@@@@@AF@D@F@FAJAHBDDBBBHBFBB@BBBB@BBBDDD@DAB@DDBBBBDBD@D@B@BBB@B@@C@A@A@AFBD@FBBBBA@ADCB@D@B@FA@@@C@AB@B@B@DB@B@BBBB@B@B@D@DADADAB@ACAA@CBC@ABAB@BAD@DBDBB@D@BBDBDDBABG@C@CAE@CBCBAD@BDBDBJ@BD@D@BABADADA@@DAB@BBBBBBB@DCBC@G@CACAAA@@@C@ACCEEEAABA@ADAB@@ABCBCBCAAAAAC@A@ADAHADADABABC@A@A@AIMAACACAAAA@A@AA@C@A@GAGAC@ABABABA@@F@HBJDJDH@F@F@@@BAAAAAECG@GAC@C@AC@CAA@@BEACCAGCCCACAABCCCACAA@A@CDCBAD@@ABADAF@J@FBD@BBBBB@B@@@FBDADCBC@AA@CAAA@ABA@CBCAEBABAD@BBBDDDDBDBFDBDDFBDDBD@D@DBBDBBD@JBDBDBB@DADCF@DA@CBABAB@D@B@B@@@@AAACAA@CACAAA@AD@D@DAB@BC@CDADA@@@ABEDEBEDAD@D@DB@BB@D@BCBABADAFCBABBD@D@DA@AAAAAAAC@CECABABAF@FBFBDBBBDBF@D@DDDBD@B@DABA@A@AEA@AAABCFAJADA@A@A@A@ABKJSBIBGBABADAF@B@B@@BBB@BBBD@D@BB@@ABA@ABB@@@D@BBD@B@BA@A@AB@B@@@@BA@@B@BBBBBB@BA@ABA@@B@BD@B@DAB@B@BB@B@B@BABABA@@BB@B@D@BB@BBBA@A@@@AAA@@@AB@B@@BBBB@@@BA@A@A@E@@BAB@BBD@BAB@@@DDB@BBB@@A@@AAA@@A@@BADCD@B@B@@AAC@C@@@C@@BAD@AM@E@CAIHACEDE@ABEFCBC@CDABAA@CAFADADAFCD@FC@CBAAAAAAEC@ABC@AAG@EA@AA@@ABCACA@E@C@C@C@GBCC@EDAACCAGAAA@ABC@A@A@ACAI@C@CBAAAA@@sbB@@BDFC@@FAD@DFBB@BDC@CBA@CB@DCAC@E@ABABA@CAA@CBCBCBC@A@AAECAC@@@ACA@AAAA@@BC@CAAA@AH@DABA@@AACBE@AA@ADEHCA@@AC@C@EFC@@AAABAACAC@A@@BAD@B@@AAABI@AB@@@BBDFB@BAB@BEB@@@I£GAQKACCGA@EACACAC@AA@A@C@CAAACCCEECAACACBC@AACAAEAC@A@AA@CAAEAC@EBC@CACCAG@E@AAAC@C@CAGCECECGACAEEACACAEACC@AAAC@A@A@AEAEC@@EBCB@BEFCDABBBBD@D@DCBIDEBM@OBODEBACCECAAC@C@CDADAAEGCE@E@C@E@ACCAMCSAEAEACAACACCACBCAAAACCCCAGAGCAA@AMJEBCB@D@NAHEHADABCDC@E@GEIAIBGFKJG@GCKKICE@GBEDC@CDGBAACAAAA@IBA@KBGBGBO@IAEDCBA@ACACACAC@CBCBAJAJADABA@EBEBABAFAHEDAH@H@BA@CBCBGDCBEDEF@FAD@@A@CBABAB@D@BADCDCBCDGBGBCD@F@@CAAKKEA@E@EACGBGAGCCEC@ECC@C@ADAJAFE@CBAB@F@FCD@HILEDEB@BDHBL@DCBEBGBKBIAI@GBI@G@AACECCC@EAG@E@ECGCGEE@EBC@E@ECC@@A@ADA@IDEBCEG@CDADA@C@CCA@C@ACAI@I@E@GCCBG@EBC@EAEGCAI@E@CCEEICECE@EAG@EBGFGHBBBF@DADCJEDCDCBAD@H@J@HBH@J@FAHAHAFADEHCDCD@F@F@FBBFAD@DDFDFBDFF@DBBD@B@BAFEDADADAD@DBDDDBDBHBFADCB@D@BDFDDBHADABCBADEBCDCDAF@LAFABABAJEDC@CBAB@BFDAB@@ADBDDBBB@DA@CD@DBFADABE@EAA@CBCFABADA@C@AB@B@@@D@@EDC@@@CBC@CB@B@BABABC@AACACA@@GDACACAAC@C@C@I@EBABCBEFABC@AAAAMKEACBCBAB@BCDABC@EACEC@CA@CA@CAIGGGCCEAA@CBAB@B@D@BCBE@C@ABADKBAFOF@B@BDN@B@DJBD@B@FFBDDB@@BB@D@F@H@HABB@@BB@@@B@@@B@B@B@B@B@B@B@B@B@@@B@B@B@BB@@BB@@B@@@D@@@B@B@B@B@@@B@@B@@BBBB@@BBBBB@BB@@BBB@B@BBBBBB@@BB@B@@@B@@@@@B@@A@@B@@A@A@@@A@A@A@A@A@A@A@@B@@A@@BA@@@ABA@C@A@@@A@@@A@@@A@@@A@A@@@A@@BA@@B@@@B@@@@@@A@A@@@AA@@@@@AA@@@@@A@@B@B@@BB@B@B@B@@@B@B@@A@@B@@AB@@A@@BA@@@AB@@@@@B@@@@AB@@@@A@@@A@A@@@@@A@@@@BAB@@@B@@AB@B@@ABA@ABA@A@A@@BA@A@@@A@A@A@@@A@@B@@BB@BB@@@@@BB@@@@A@@B@@@@A@A@A@A@@AA@@@A@A@@BA@@@@B@@@@@B@@@@@BB@@B@@ABA@A@ABA@@@@B@B@BB@@BB@@@B@B@@@B@@B@@BB@@@B@@B@@B@@@B@B@B@B@BB@@BB@@@B@B@@@B@@@BA@@@@@@BAB@B@B@B@BBB@BBBB@@@@B@@@B@B@BAB@B@@@BB@@@BBB@@@B@BAB@@AB@BA@@@@@A@@@AA@@A@ABA@@@ABA@@@AB@@A@@@@@@@@BB@B@B@BBB@BB@@BB@@BB@@@B@@@B@@@BAB@@@BA@@@@B@@@B@B@B@@@B@@@BA@@B@@@@A@@BA@@@AB@@@B@@@B@@BB@@@@B@@B@@@@@B@@@@@B@BAB@B@@@@AB@@A@@@@BA@@BAB@@@B@BBB@@BBB@@BB@B@@@BB@@@@@BBB@@BB@BB@D@B@BBB@@@B@B@@AB@@@BA@@BA@AB@@@B@@@B@@@BBBB@@@B@B@B@BBB@@AB@BA@@BAB@@A@@B@@AB@B@@BB@BB@@@BBB@BBB@@@BBB@B@@BBB@B@BBB@B@B@B@D@@@B@B@BBB@D@BBB@@@B@@BBAD@BBBBBFBDBB@@D@BAB"]],"encodeOffsets":[[[110629,23621]],[[109963,23803]]]}}],"UTF8Encoding":true}