{"type":"FeatureCollection","features":[{"type":"Feature","id":"451421","properties":{"name":"扶绥县","cp":[107.911533,22.635821],"childNum":1},"geometry":{"type":"Polygon","coordinates":["@@E@EBEAECCA@AA@KU@@@@ACQGUFQBGGGKEKIKQEOHIBE@EACAMKKIIIGM@A@@@@@@@C@AB@BADAB@@AAA@@@A@AD@BA@A@AACICE@CCGCGCIACCCC@A@ECAAAACMGCCACACBEFKDKBC@AAAIAC@ADIFGDEDCACCCCGA@A@G@CGC@ABE@G@AAAGAEC@A@CDC@C@O@CAAMEICCAA@AB@B@N@DCBEBEDE@C@CCGGECIAMAE@CBEBIBG@G@I@GBKDMDK@KGOGOCO@Q@YEUAMCMCIGEIGGK@OFQDOAYIQEQEO@ODIFGDMDG@EGCBGAM@GBK@KDIDIFKFIDFHAPANENEHCD@@@@GFKJIHEB@@@BA@@B@@AB@B@@@@@@B@@B@@@B@@@@@B@@@@@@@BB@@@BB@@A@@@@@@@@@@@@AA@@B@@@@@@@@B@@@@B@@@@@@B@@@@B@@A@@@@@A@@A@@@@@@@@@@A@@@@@@@ABB@@@@@@@@@@B@@@@@@B@B@@@@@AB@@@@@@@B@@B@@BBDPJPNTNPJPF\\HFE@KF@HD@FCFAN@FFLBLGLODKLEHDDJBTBPANBP@HBDBDDHLBR@VAPBVALEVKF@@CF@B@@A@@@A@@@AA@@AAA@ABA@@@A@@A@@@@A@@@ABA@ABA@AA@@@@A@ABC@@@@@@@@D@@A@@@A@@@@A@AA@@@AB@BA@@A@@A@@B@@@@ABA@@BA@@@ABAA@AA@@@AB@@A@@BCA@@@@@B@D@B@B@@@@@B@@@@@@B@@@@B@B@@@B@@ABA@@@A@A@@B@@@B@BA@@@@B@@B@@@@B@@A@@D@@A@@@@@A@@BA@AB@BA@AD@@@@@@BB@@@@@BA@A@@@A@@A@A@@A@@B@@@B@@@BA@@@@@AA@A@A@@A@@@ABA@@@@H@@@B@@@@AA@@AA@@A@@@CB@@@@@@AC@@@@A@@B@B@@@B@B@@A@@@@@A@@BA@@@A@A@AAA@C@@@@A@A@@A@@@@BABABA@A@@@@@A@@B@@A@A@A@CBABA@A@CA@@@@AB@@ABA@A@A@@@A@@BB@@@@B@@@@A@A@@@@@@@@B@@@B@@@@A@@@@A@@A@AB@BB@BB@@@@ABCB@@A@@@@@@AB@@@@@B@@A@@@A@@AB@@@@C@@@CD@@ABA@CAA@@@@B@BA@@@@B@B@@A@@@@@@B@@@BAB@BA@@@@B@@AB@@BB@BA@@@AA@@AB@@@@BD@@@@B@BAA@@@B@B@@@@B@@@@@BAA@@@BAB@@@B@B@D@@A@@@@@AA@@A@@@ABAB@@@@A@@DAB@B@@A@@@@AA@@@@B@@BD@@@B@B@@LDDDBH@DCDCBGFEFEFADBBBDBDDF@HBBB@D@DGFGDCBEBCBAB@BD@BDBDBDB@D@BCB@B@DDBD@HDDB@BADK@EBAB@DBDTHD@DADCDADAHBFBDBFDBFDDDDHBDBBFDFD@F@FAD@BB@BCJCFEDCBEFABBDDBHBHBDBHBBBHJLDTHPJNFLBHA@E@MAQDIHIHAF@NDJFLDLJLDPDJDLBHBFD@LEHIJIHGLCDBFJJTNTNJLLHDDBF@BADBBBBFBHBF@BDAFCHADAB@F@FBFDBBDJDLBP@JAVCJ@J@FDDH@HCNEJIJQHMFO@OFIFILEJGNCRELEHCFEHKLEJCT@PCLKVGFGNEJ@LFPHLFLDLCHAF@FADADCBILKDBD@F@FFBLLBB@DE@C@ADAHCHADCDCDABC@A@ABAB@D@BC@EBE@CFAFCDAHAD@DABG@G@CBGFEBABABAF@FABCBIBIBABAD@DBDBDBDBDB@DAFCJBP@HAHALAB@JAB@BBDBBBHADCD@FCHAF@JDLLHDH@LIHEJAJBHFF@D@DCBABCFGBG@M@CDAFANIBCBABEBCFADCBEFGHGFEFCDADGFEFANCB@D@DBB@B@BADA@@BADAF@FBF@HEHAH@L@NB@@B@L@H@HCFEFEDGDCD@DADCDKDABADA@@N@RAB@H@LAD@LBB@RAF@@@B@FBB@B@D@FAD@@@FAHAF@DAFCHCFEHCBC@EBADCDCFABABC@GCICGAGCG@ADC@AAAC@AA@ABEDAD@FBJ@NANAJGD@DBD@@@FAFCJ@@@BAD@BB@BFBB@B@@A@EBADA@ABA@GAACA@@CAA@ACA@A@ABABC@A@A@AA@ABI@@BAD@@CAACC@AB@BAB@@A@CBEBAB@B@BA@@@@@@CCEACEA@@G@@AE@@@AB@@AA@@AEAA@AA@A@@@@@@BA@A@@@ACC@A@ABA@@AAA@A@CBA@@@@A@@A@A@A@@@AACACCAC@E@EFABC@@@C@AA@AA@AAAAK@CBCDEFEBABAD@B@J@BAJCFC@ABCDE@EBCBAHAHCFEFGF@HBDBB@ADBBDDJ@BB@B@BFBJ@DBDDDFDFBHAPAFBHBDFBJJDB@ADE@C@ADABE@E@EFGBA@CCCC@A@@EBILI@@D@BABAAC@ABAB@D@BA@ABE@ACAAA@CBE@C@AAAA@A@ACAACC@@@ABAAACCCCCCEG@CAA@@A@ABA@A@CA@@AAAA@B@@@BADA@A@CDA@CACA@@ACA@ACC@@@AB@AAA@AA@@@AB@B@B@BAB@BEA@@CAA@G@A@@ACA@@A@@ACCCACAA@ABA@@@@@@@@@AA@AEAA@CCA@A@A@@AAC@@BAA@@@@@A@@AA@BA@@A@@B@@@BA@EB@BA@ABGB@BAAA@A@A@@CC@CACKCAAICCBA@C@C@AC@A@ACAE@CACBA@CDCDCBA@CB@BA@E@ABABEH@BADC@AC@@ABCH@FIBCBIE@CAAABKAAEIGEACAICAA@E@@@CCAC@A@A@CAACCCACAEAACAABC@@D@BBB@B@@@@CBCBCFABADAB@BBBBHBDBJBB@@@@E@CECBABEFGA@@ABCBAFAB@BDFBDA@CD@L@PDFBBA@@CCKCB@JAJCD@HAF@FABC@AAC@AAABADADABA@AJCFBBBDDB@HBB@HCD@BAAGAAAAB@HA@G@CCAE@@G@A@CAAAC@ABABCBCEEBCBE@G@A@EAAAA@@DAF@BAAE@ABADBDBBABBBFDBHA@@AAFEFEHCBABADADE@E@GAAABADA@C@AC@C@AACCEECCCAA@EC@C@@A"],"encodeOffsets":[[110691,22909]]}},{"type":"Feature","id":"451422","properties":{"name":"宁明县","cp":[107.067616,22.131353],"childNum":1},"geometry":{"type":"Polygon","coordinates":["@@DFDBB@JCBDDFDFDDFBNBTADFH@HAJBLDHBDDFFDFBD@FCDAD@DEJGF@D@DBDADADKFADADADBDJFD@DBBDBFBFJHNJH@H@DB@D@PBNADEFEDE@EBABCFGJCBE@CBCBADEBGBGBEBCBAFCDGJGDEDEBABAD@DBJBHDDBF@D@FDDDFBHBFFHBHDFHJFDHJFDL@FBJFBDBFABEHAHDHBB@JCFGHEDABADA@CBDDJLLHLPHPLN@@@DAF@BCF@DBD@D@F@F@D@D@DCBGDED@DBBBBD@FCHCDAFAF@BC@G@ACAAC@C@C@ABAD@DAFADAFCDAH@H@D@FBNFH@FBBBBBF@HABBDBDDBDDBFDBDHB@@VHFJ@JCHCJCPMRUFABCJ@NDHNHJDTRBPAHALDBPFHDD@DCDAPBHB@HR@@@HIFCRCL@NDNDJ@HANBAAAA@AAC@E@IBO@CDCBAD@D@FDJJ@B@BAD@B@@BBB@DAHAB@DBHDB@@@BA@A@G@C@CBCBABAD@DBFJDFDBDBH@H@JAFAFCFEDGBEBGBGDCDCDAFBJDJHPHDDB@B@BBBA@@BABABAB@B@@@@@@B@BB@@BB@@@@C@@@@@@B@@@B@@A@A@@B@DB@@@@BAA@@@@@@@@A@@@@D@@@@@@@@C@ABABB@@@@@AB@B@@@BAB@@@@@@AA@@@CA@@@AA@@@ABA@@@BA@C@A@AB@@ADCBA@A@@@@A@@@A@@@@@@@@A@A@A@@A@@AAB@A@@@@@@@A@A@@@@@A@@@A@@@@BBB@@@@@@A@@@@AA@@@A@@@@@@@A@@@@AA@@A@@@@A@AB@@A@@@@A@@@A@@@@@AA@@@@AA@@@@@A@@A@@@@@@@@AC@EACCMMGIDMBKIQKCGI@S@M@S@ODGJINATAPDPBLCRAJCNENEHIDO@K@MBIFGHENBPFLBL@F@NFFDJNBBDBFAFAD@FFFFD@D@HEDEDAFAHBF@DDDHBDD@DANABB@D@D@DBDDBD@JCJ@FBDBDFBDD@DCD@F@FCDEFEDAJGHEJDDFJLFFFNDFFFD@FIBK@ICMAOAO@IBIJIJCLAJBHBNHJDJAHAPFBH@PBHFHHJFDFBDHJCLEJEJCLCL@HAN@HBDAAEBKFIDOFIDMDKDIDIFGJEJCFGDGAGCKCG@G@GNCAQLALMDMQOIMSK@OBSMBSA@OQGIQKWIGKEIICOIMOIGMEQCOBM@ADC@@@ACAG@EBCACACIAAA@EDCBC@A@@EBC@E@ACEEE@A@AB@@AHEBA@CAACCAACAGC@AGMGK@CDGH@BAF@DCDABCDEDEBABADCDABABCACAG@CBEDEDE@GGMIKEOCKAQBMFIFIFGBEEIIECGEMCKAKB@@EAAAADA@CACBCHMBGBEACACCAKAKCCAACBGCCIEGECCKKEGEGCIECECCEA@A@E@C@AACA@@@ABAHCDCDC@A@C@AIGIAGCGAMAIHO@QGYIaQ][_]EOSWGAMBKDMDAH@D@p@PBVARMZWbU`U\\O\\INIHGBGAOMQCSCMEKMCMGGKGKBQDSHMBOFMHCBCHAF@LCLEHGFMHMDQBKFIDKHGJKHIHIJMJKJMHGBGBILGJIDO@OBQ@SBOBODKDKHQFKPCJ@H@LDRNRLJNHRJLLPJJHFL@^CPILIHMHKFIJIHMFSBG@IFE@MKKSKIMGKCI@IBKDMHMFEFEHENAL@RAJCFEBEDEB"],"encodeOffsets":[[109484,22499]]}},{"type":"Feature","id":"451425","properties":{"name":"天等县","cp":[107.142441,23.082484],"childNum":1},"geometry":{"type":"Polygon","coordinates":["@@AGTKH@VCRELCFEDKFGBMAOBIBKBEBADCHG@ABAD@DA@@B@@A@A@A@C@A@A@A@A@A@@@C@AF@FAB@B@DBB@D@DABAB@BC@A@EAAAAC@CCACAABEBCBAFCDCBA@@BA@A@CA@CAEAAAAA@ABCAA@@@A@@AA@A@CAA@A@A@A@@@C@A@A@AAA@A@AAA@AA@A@AA@@A@AAA@AA@@A@@AAA@@@ABA@@@AB@@@BA@AB@@ABA@@AA@A@A@A@A@@AAAA@@A@@@A@@@A@@BAB@@AB@@A@@BA@A@@@A@AAA@C@A@@AAA@@AA@A@@@@AA@@A@A@@AA@AA@@AA@A@A@@BA@AB@@A@@B@@@BA@@@@@ABA@A@A@@@@@A@@@@@AA@@@@@AA@@@A@@@A@@BA@@B@@AB@@@@@@AB@@A@@@A@@@A@A@A@@@A@@B@@A@@BA@A@@@A@@@A@@AA@@AA@@AAA@AAA@A@A@@A@@@@@@B@@@BA@@B@BA@@B@BAB@@@BB@@B@@@@@B@@ABA@@BA@A@A@@AA@A@@AA@@A@A@ABA@A@@@A@@@@@AAAAA@AAA@A@A@A@AB@@@@@@AB@@A@@@A@A@@@A@@AA@@A@A@A@A@A@@@AA@@@@A@@AA@@@AA@@@A@A@@@A@@AA@@A@A@A@@B@BAB@B@BA@@@AA@@A@@@@@A@@@@@A@@B@@AB@B@@@B@@BB@B@B@B@@@@@@AB@@@@@AA@@@@A@@AAA@@@AB@@@B@B@B@@@B@B@@AB@B@B@BAB@BA@@@ABA@@@A@@BA@A@@B@@@@@B@B@@@B@@@@@BA@@@@@A@@@@BA@@B@@AB@@@BA@@@AB@@@@A@A@@@A@A@AAA@@@A@AB@@@@@B@@B@@@@BB@@B@B@@@@@@@@A@@@AB@@AB@@@B@B@@@B@@@B@@@B@@@B@D@B@BA@@B@@AB@@@@AB@B@B@B@B@B@B@@@B@B@@@@AB@@@@A@@@@@A@@@AAA@@AAAAAAA@A@AA@@AAA@AAAA@@AAAA@@@AA@@@A@A@A@A@@@C@@@A@@@AA@@AAA@A@A@@@A@A@A@A@A@A@A@A@A@@@A@@@A@@AA@@HADAB@@CCGEEA@@EAICQEMEOCOAOBQEKEEGFIBGGEKCOIIGOIKGAIBEJETIHAFEFK@GEKGEECQCK@KDMHMJIFG@KEMGM@UCMAMCAAACACE@AAAEEEACC@GBCBABCDA@EAEEGG@CCCCAAC@EBCDAJBH@L@F@@CB@D@@C@@E@@C@ADCAC@E@EAACAAACACEECG@IAGBA@@BBH@BA@C@GAEBG@CACACCAEGEEAC@C@A@AAAABABA@AAA@AFABA@EBALCBC@AAAC@E@A@IFCBE@CBCBBB@BABABEAEAC@IBIAECAC@G@CCEAAE@C@ECG@CAAAAA@CBC@@D@B@DCBCBA@ABABCBCCKBE@CGICECAC@A@GFEDC@MCCDEBIBI@A@KEMKOKGKGKQEKAOCQAMCKEMGGEMEMEIAKFOHMHQJKLKJEHIRALCLELAJGLEFGFKFMDGHGFAFCJCJCLALBLFFJFLDJFLFJBPJLJXNDJFJDHDN@LCJEJENEJEFSPCFCHAJCJEHEFGJIJCFALANBJHLHHAFC@G@ICIEKIIIIKIICHEHAJEBCBGBEAGCECGECAECEBIBCBEHANHNFFFFBHAHCFEJCF@HFJFHHLJJHJDD@HAJEFEJAHALBHDBVHLFRJLDRBLDL@NDHFLFTHVHLFVHPDNDHHJLJHFLBJBL@LDLFHJHJNLNLJLFZJNANBNBB@D@LAB@BB@BBDDD@@D@B@BBB@DFDBBBB@DADAF@DAFCBAJCF@D@F@HDD@B@D@@AB@@AAACCKGAA@C@ABAPIDA@ABAAEGE@CBEDAH@LFJDB@D@TDRBR@RFN@L@NBNFTLPJPJJJJJ^RNHNHNFJDF@FEHMDKLEN@NDRFRFLJFFJJLJPFPFNDJBHDJ@DA"],"encodeOffsets":[[109881,23911]]}},{"type":"Feature","id":"451424","properties":{"name":"大新县","cp":[107.200803,22.833369],"childNum":1},"geometry":{"type":"Polygon","coordinates":["@@JJJLJJLJJFJDH@D@BEGGGKAIBMBKDEJIHIFEFGDIBIDGDETOFEFIFMFIDI@KCMCGEICIWMKIOIIAKEIEKCIEEEAKBKDKDIDIBEHEHGNCLEHEFEHKBIFKDKBKJQFGLILKRINGPGLEJBNFNFHFNHLFNDRBPDLBRFHLHLPLNLLFB@J@JAFADCNDD@FCHEB@D@DBDFHJ@DAFDLADADAB@BABADCDA@C@@@AD@DBBBBDBH@FDD@F@BBDF@D@HBDFDJBJAD@FBFBBABA@AAADADAF@DAJEB@F@D@BB@BADKDAB@FABEB@BBB@BABABBBBBB@D@D@FBHFBFDDDBDBH@FAHBD@B@@AAG@AB@HAJBH@FDDFDBBBDBBB@F@FBDCD@B@DF@@@@DC@A@@DE@K@G@IACBAD@FBDDBDD@DHHFFFBB@DCBADAHAD@BDFFBFBBF@BDBDBBNDNBVDN@NHLFH@JENINGLCL@RDFDHFFL@HELEFGBSJIFAFBJLHPJJHPJLDHFAHEJFHLFRFPAPBPDNFRFJDFB@@FBHFDD@@BABC@GBA@G@G@E@CAA@@CAACEEA@C@IA@C@ACM@A@APEBELABCBAD@F@DA@A@C@ABADAB@FBDDHHJHDBB@@DDBD@DFFBD@BADC@ABADADAFBNLBBBBD@BAFEDABAFAJ@D@D@D@BBBDBDHC@@DBDBBBD@BABA@A@ADAD@DA@@D@FC@@@C@@@ABAD@B@BCBADEDAB@FBF@BABCAE@CDCB@@CAACAACBC@@BAEC@ABADAD@FCBIBABABE@KBEDCDCFABCDABABCAGCCCE@A@CDABCAEAGACCCAC@CBCBCBCFCBE@A@AACCAE@CEEAECCCC@EBAA@E@E@EDCDCFGBCBEBGBG@E@IAG@G@I@GBCDADCFCDIBC@CAEAAECC@A@O@CACC@EBGDEHCDC@ACCAAECUAA@IDUJKJEHCDA@AACGEEEAIAGFC@@CBC@IEEGCAEDGJODCBKAICKCMGO@@@ABC@CEK@CBCDCBA@AAAIBE@C@ABIH@B@FCB@@C@AECC@CBK@AAAEBMAC@EAAAA@BGDEDADCF@FAFAFCDC@KCG@CBABAA@ECGGCEEAA@@FABCBIBG@MCA@GGIGGEOCGCMKIKGIEGEKGMEK@GDGLKHGJEJM@GBODOBM@IEEGEECEEDEHANEHEHCFEFK@IEMIICICMCKAIGCIAKDGJGHGBK@IDIBIAK@IDIHMPGLGNIR@BADALAP@TBPDNBNBJFPFJDBAFBDBBBBB@B@BC@A@EBAB@FBF@FBB@@D@N@B@BBDAD@D@BA@C@ECCAA@ECCAEAK@GCC@G@EGG@CAIICAADA@@D@BADCD@D@B@DABABA@AAACCAAAABEB@@AA@A@G@G@CAECC@G@ECCGAAC@@@CDEBCDA@A@CGECCCAC@QAG@IAMCGCGCIGKGIIKCGEIAGCAAC@CA@A@CBA@ECI@ABADC@ACACCCEAC@AE@CBCAC@@CE@C@UFA@ACBABCBAB@HBB@DABAHAHCACBE@@FEHKFKDM@G@GAK@IAEKEQAQ@O@MDMBEFINGHGHKHIBQFIFGJALGNMJORMLGTGNBJFJCLKJGDIDU@OHSDOFQAQBYBQHOJKJMNQRSPKLKJQNMLMLSNSPKLQPILELGLCJIHKLGHFD@@BFB@@@@@@@BAB@BB@@B@@@@@@@@@@@@B@B@@@B@@@@@@@@@B@@@B@@@@@@B@@@BB@@@@@@@@@BCD@BA@ABA@@@A@@@@BB@@@@BB@@@@@@@B@DAB@DA@@B@@@@@@@B@@@@@@B@@@B@@@B@@A@@B@@@@@B@@B@@@B@@@B@@@@BB@@@B@@@@@BA@@BAB@B@@@@@BB@@@@@@@@B@@@BAB@B@DBB@@@@@@@BB@B@@@@B@B@@A@@@@@@@@B@@@@@B@B@@@B@@B@@B@@@@@@@B@@@@B@@@@@BB@@@@@@@DB@BB@@BBBBB@@@@@@@BA@@@@@AB@@@B@@@@@@@B@@@B@@BDBB@B@@@@@@@B@@@@@@@BB@@@B@@BB@@@B@@B@@B@@@@B@@@@BB@@@@@@BB@B@@B@BB@@@@@BAB@B@@@B@@@@B@@@BBB@@@@@@BD@B@@@@B@@ABA@@@@B@@@@@B@@A@A@A@@@@@@B@@@B@@@@A@A@A@@@@@@BA@@BA@@B@@@@@B@B@@@@@BA@A@@AA@@@AA@@@@AB@@@@@@ABBB@@@BA@@@A@@@@@BBABA@@BA@@BA@@@G@A@A@A@CB@@C@C@@AA@@@@@A@@AA@@@A@A@@@A@A@@@A@@AAA@@ACA@@@A@A@C@@@A@@@A@A@A@A@@@@@CA@@A@@@@@ABA@ABAB@@@@A@@@AA@@A@@@@@AB@@@@A@@@A@@@A@@AA@@AA@@A@A@@CA@@AAA@@@@@A@@@@@AB@@@B@@BB@BBB@BBD@B@B@B@BBB@D@@@B@@@@A@CBA@CBABA@@@ABA@@@A@A@@@CB@@A@@@A@@@@B@@@@@B@B@@@BA@@@@@ABCBA@GD@@AB@@@B@@@B@B@@A@@B@@A@ABA@@@A@@BAB@@@BA@@@CBA@ABA@ABCBCD@@A@AB@BA@@@A@@@A@@@A@@@AB@@@@@B@@@@@@ABEDCFEBEDADAB@BBBJDDDBHAJMHOFIBKBMBS@GAAAELANBLLNPNRLRJ\\THLJLDLHLLHHDLBJDLNFRHRJLLHPHNDPJHJBPALAL@JBJHJHFHJ@F"],"encodeOffsets":[[109373,23623]]}},{"type":"Feature","id":"451423","properties":{"name":"龙州县","cp":[106.857502,22.343716],"childNum":1},"geometry":{"type":"Polygon","coordinates":["@@AA@@@@A@@@@@AB@@@@AB@@@B@@@@@B@@A@@@@@@B@@@@@BA@@B@@@@@@@B@@@@B@@B@@B@@@@BD@B@@@BB@@@@B@@@B@@A@@B@@B@@@@@@@@@B@@@B@@@@@@@@@@@BB@@@@B@B@@@B@@@BB@@@@B@@@B@@BB@@@@BB@@BB@@BB@@@B@B@@AB@@@BA@AB@@@@AB@@A@A@AB@@@@@@@B@@@@@@@BB@@@@@@B@@@@@@@B@@@@B@BB@@@@@@@@@@@B@B@B@@@@@@B@B@@B@@B@BB@@BB@@B@@BB@@@@@@@@B@@@@@@@B@@@@@@@@@BAB@@AB@B@@BB@@@@@@B@@@@@B@B@B@@@@@@B@@BB@B@@@D@@@@BB@@@@@B@@@@@@@B@@@@@B@@@@BBB@B@@BBB@@@D@@@B@@B@@@@@@@B@D@B@B@B@@@BB@@@@@@@B@@B@BB@@B@B@B@BA@@@@@@BBBBB@@B@@@@@B@@@@@DBB@@@B@@@B@@B@@@BB@@@@@@@@AB@@@B@@@@BB@@@B@@@@A@@BC@@BAB@@@@A@@@@BB@@@@@A@@BAAA@@@@B@@@@@@@@@B@@@@AB@@@@@@@@@DBB@B@BB@@@@@@@@@F@@@@@B@DBB@@@@@@@BBBB@@@@@@@@@@B@@@B@@@@B@@@@@@BB@@B@@@@@@B@@A@AB@@@@@@@@BBDBD@@B@@@@@@B@H@D@@@@@B@@@BB@@B@@@A@@B@@@BA@@@@@AB@@A@@BA@@@@@A@ABA@AB@@@BA@@@@@@@A@@@@B@@@@@B@@@@@@A@@B@@A@AAA@@BA@@@@@@@@@BB@@@@@B@@@@AB@B@@@@@@@@B@@@@B@@@@@@@@@B@B@BAB@@@BA@AB@BA@@@@@@@@@@B@@@D@@@@B@B@@@B@@@@@@@@@@@@@@BB@BDB@@@@@B@@@@@@@B@@B@@@B@@@@@@@BA@ABABA@@@AB@@@@@@@@BBB@@BBBB@@@@@@@B@B@@@BBHBFBBDHGLKJGDIHKFKJKROLKTOTMNKNKRMLILKTORQNMLIPIRGZARARBPETCPGV@JCHCLIDKEIAIHMHSNKPQNIHMBKHIJEREJALGHGHGJMFENANCP@R@RBLF@M@MDMHOHKNMHIJAHCNDHFNFHANARBHBNA@A@CAA@CEK@A@AB@BADBPBB@@ABA@AAA@CAA@AC@ECAA@AAABADC@A@A@C@A@@@A@A@C@ACC@AC@AACCAAC@C@A@CA@@AAAA@C@AAACCAAAA@AA@@@C@C@CBA@AAA@AA@AAACCCAA@EAAA@@@A@C@@D@BA@A@AAAAC@C@A@CBADC@A@A@AEGAAMAGBI@MCMCK@QDEDGJ@@Q@@GGAOACBCDC@GCOECABKBGAOSQICMGCG@MDIBAVENQDODIDG@IEIUG@@GAACECCAACCCCAAAGBE@AAAAEAG@MEEAC@G@G@CBEDCBEBCBC@AB@B@D@DBDDB@B@HADE@EBCBGDEDC@AAAA@CFCHCDA@C@C@C@E@E@CAC@CDE@ABE@C@@KMGOKOKGIKCCGGAAKGKEMBEFKCSKKIEE@QGOIIQKQAMLE@KCM@OCCAEMMKKCMCICODCJILEAOIGCIDIJIJAFHJHFLFFDDRIJMGEBE@CFCBE@KCCAMBCBAFCFCDEAGIEAGBCF@JEHC@IBCHCLBNFJAHGJEDEHAJBHBLCDMBEBEFKFEDCBA@@BA@@@A@AAA@@B@B@@@@@@@BBB@@@@AB@BABA@ABA@@@AAA@@@ABABA@AD@@AB@@C@C@@@A@A@@@A@@@AA@@@@A@@@A@@@AB@@@@CB@@@B@@AB@D@@@BB@@BBB@@@D@D@B@B@@ABAB@@@@@B@@BD@B@B@@@B@B@@@B@BA@@B@B@@@B@@@B@@@BA@@@A@A@@@A@@@@B@BA@AB@@@@@@@B@@AD@BAD@DAB@F@@BDBBBD@@@@@B@@A@@@A@A@@@ABA@@@A@@@A@@@@BA@@@@@@B@@A@@@@B@@A@AB@@@@A@@@A@@@A@@@A@A@A@@@@@A@@@AA@@A@@@A@A@@@A@@@AB@@A@@@A@@@@AA@@AA@@@@@@@A@@@A@@@@@@@A@@A@@A@@@A@@@A@@AA@@@AA@@A@@@A@@@@@A@@@@@AA@@A@@@@@A@@@A@@BA@@@@@@B@B@@@B@@@@@@A@@@@BA@@B@@AB@@@@@@A@@@A@@@@A@@AA@@A@@@@@A@@@A@A@@@A@A@@@@A@@@@A@@@@@A@@@A@@@@@A@@@A@@@@@A@@@@@A@@B@@A@@@@@A@@@@B@@A@@@@@A@@@@@@BA@@@@@A@AB@@@@A@@B@@@@@@A@@@@BAA@@A@@@AA@AA@@@@@A@@@@@@A@@@@A@@@A@A@@@A@A@@B@@A@@B@BAB@B@@@B@@A@C@A@@@@A@@AACC@@@@@@CBCBCDCBCBABA@A@@B@@@@B@@@@BB@@B@BBB@B@BBD@@@B@@@DAB@B@B@B@@@@@B@@B@@@@@@@BB@@@@B@@B@@BAB@B@B@BA@B@@@@B@@@@B@@@@@BB@@@@B@@@B@@BBB@D@BBB@B@B@@BB@@BB@@BHD@B@@B@@B@B@B@@AB@@@@@@A@@@A@@@@@@@A@@@@B@@AB@@@@B@@@B@@@BB@@B@@B@@@BB@@B@B@@@B@@@B@@@B@@@@@@@B@@BB@@@@@B@@@@A@@B@@A@@@@@A@@@A@@B@@A@@@@@CB@@A@A@@@@@AB@@@@AB@BAB@@@@A@@B@@A@@B@@A@@@@B@@@@A@@@@B@@@@@B@@@BA@@BA@@B@@AB@@@B@BA@@BAB@@@BAB@@AB@@@B@B@@@B@@@@AB@@A@@B@@A@@@AB@@@@@@BB@@@@B@B@@@@@BB@@@@@B@BBB@BB@@BB@@B@@@@@B@@@@@@@@@@A@AB@@@@@@@@@@@D@B@@@B@@@@@@@@AB@@@@@@@@@@BB@@BB@@@@@BB@@@@B@@@@@@@BA@@@@@@B@@@@@@@@AB@@@@@@A@BB@@A@@B@@@@AB@@@@AB@@@@@@AAA@C@@@@@@B@B@@@B@@@B@@@@@BB@@BB@@@@@@@@B@@@@@B@BAB@@@@@@A@@@@@A@@B@@A@@B@@@@@@B@@B@@@@B@@BB@@B@@@@@@@@AB@@@@@B@@@D@@@@BB@@BB@@@@@@B@@A@@B@@A@@B@@@@@@B@@B@@B@@B@@B@@BD@BB@@B@@@B@@@@B@@@B@@@@@@@BB@@@BB@@B@@B@@@@@@@B@@@B@@@@@@A@@@AA@@A@@@A@A@@@@BABAB@@@B@@@@@@@B@@@@D@@@BB@@B@@@@B@@@@@B@B@@@@@BB@@BB@@BB@@@B@@A@@B@@@B@B@B@@A@@@AB@@@B@@@@@B@BB@@B@B@B@@AB@B@@@B@@@B@@@BB@@B@@@@@B@@@BAB@BAB@@@B@B@B@B@B@B@B@B@BBD@B@B@B@B@D@D@D@@@@@@@B@@BBBBDFB@@@@B@@@@@B@@@BBB@B@@BB@B@B@@BBBB@B@DABBB@D@F@B@@@@BB@@AB@@@B@B@@@@@BB@@@B@B@@@B@@@B@B@B@BB@@B@@@BB@@@B@@@B@B@@@B@@@@@@@BB@@B@BBB@BBB@B@@BB@BAB@@AD@DAD@B@B@B@@@B@@@B@@FBFDBBB@@B@B@BAD@B@@ABC@@@A@@B@@@B@B@BBBBBBB@@@BA@@@A@BB@B@@@BBB@@BB@BBBBD@BB@@@@@@@BA@@B@@@B@@@B@@@B@B@@@B@@BB@@@@@@@B@@A@@B@@B@@@@@B@BB@@@@@@@@@@@@@BA@@@@B@@@@@@@BA@@BA@@@@@@BBB@B@@@B@@@@@B@BA@@B@@A@@@A@@@@@@@@@@BA@@@@@A@@@@@AA@@@@A@@@A@@AA@@BABA@@@A@@@A@A@@@@@@B@@@B@@AB@@@BA@@B@@@@A@A@@@A@@@@@AB@@@@@D@@@BAB@@@B@@@BABC@@@A@ABA@@@A@@@AB@B@@@B@B@@@B@@@@AB@@@@@@@B@BB@@@@B@@AB@@@@@@@@@B@B@D@@@@@B@B@@@@@B@BB@BB@@@@@B@@@B@B@BBB@@BB@@@B@BA@@B@@@@@@@@@@@B@@B@BB@@@@BB@@@B@@@B@B@@@BA@@BA@@B@B@B@B@@@@BB@@B@@BB@@@@B@B@B@B@@@@@@@BB@B@@@@@@B@@@B@@AB@@@B@B@BA@@BA@@B@@@BA@@B@@@BAB@BAD@BA@@@@@@@B@@@@@BB@BBB@DB@@BB@@B@DDB@BBBB@@B@B@@BB@@@@B@@@@@@@@A@@BA@@@@@@B@@@@@@@BB@BB@@BBBB@@B@B@B@@@@@@@@@@@@@@@@B@@@@@@@B@@@B@@@@@@@@@BA@@@@@@@@BB@@@BB@@@@@@@B@@B@@@B@@@@@@@@BA@@@ABA@AB@@AB@@A@@@@@@@@B@@@@@@@@AB@@A@@@A@@@@@@@@B@B@@@@@@@@@@@@A@@@AA"],"encodeOffsets":[[109286,23148]]}},{"type":"Feature","id":"451402","properties":{"name":"江州区","cp":[107.354443,22.40469],"childNum":1},"geometry":{"type":"Polygon","coordinates":["@@LCJKDABCBC@EBEDGCKEKGKEO@KFIHMHELUDK@ODSFILKFGDEFGFKDQHMFIJKJEPEP@NERGJIFIDM@GCGECI@I@UDIBO@KAICACCAAE@E@EBABCDGBEACE@GAEAAAAABC@AAECCKGIKSMSMIIAEDCHKJGJIFG@KECGAKAICOCKCKIKCIEMCE@GBGJCJBR@N@FGBKAMEOISGKCGIAAGACAGAGACAACBAFEDAFCDEDI@AAAC@EBE@C@CEAECAGACCCCAEECCAEAGACBCBCDCBC@SGAC@CBAFAL@BC@ACAGCC@CA@C@ADA@A@CCACACA@AACA@ABADAFCDEHCHC@A@AA@GCEACACAABCFEFEHEDADC@CAGCCKC@@@A@A@@AC@@@A@@B@@B@@B@@@@ABA@CB@@@@@BABA@@B@@@BB@@@@B@@@@C@A@A@@BA@A@@BB@A@@@@@A@@A@A@@@B@ABA@@@@@AC@@@@BA@@BB@@B@@AAA@@BA@@@A@@B@@ABA@A@@@A@@@@B@@@@A@A@@B@@A@A@@B@DBB@BA@@DC@@D@@@@@BA@@@B@@@BA@@@@@A@@B@@@@B@@@DABA@@@@AAA@@ABAB@@@@B@@B@@@@@@A@@@A@@@@@@B@B@@@@@@A@@A@@AB@@@B@B@B@BA@@BA@@@@DBB@B@BADAB@B@B@@@@AB@@@@@B@B@BABA@A@@B@@@@B@B@@D@B@BBB@B@@@B@@AB@@@@@B@@@@A@A@@@A@AB@@@@@BD@@@@@@DA@@B@@@BB@@BB@@@@@A@@@G@@B@BA@@B@@@@B@BBB@@@@B@@A@@@A@@@AB@@@@B@BB@@@B@B@@A@@@@AA@@@@@@BCB@@ABAB@@AB@@@@@B@@@@CB@@@@A@@A@@@@A@@B@@A@A@@@AB@B@@@B@BA@@@A@@@A@A@@A@@@@@@@@A@@@@@A@A@C@A@@@@DB@AB@@@BA@@B@@BBBBA@@B@@AB@BA@@@@@AB@@@@BB@@ABA@@B@@B@B@@B@@@B@@@@C@@@@@@D@BAB@@@@@BBB@BAB@BA@@B@@@@@@BB@@@B@BAB@BB@@BB@@B@@@B@@@@ADE@@LEFUBKAUBO@UAQGKCCCAGAO@MAOBSAIACCFGLKPCHKAKEK@EBMDE@EGCE@@LEF[GOEOISMOMOIAC@AA@@@@A@@@@@@BA@@@@A@A@@@@@@@@A@@@@@@@@A@BA@@@@@@B@@@@@@@@@@@@BB@@@@@B@@@@A@@A@@@@@@@@A@@A@@@@@@@@@@AB@@B@@@@@@@@@@B@@@AA@@A@@A@@@@@@@A@@@@@A@@@AA@@@@@@@@ABA@@@AB@@A@@FAJGLIHE@@@@DCFGFMBMBOEGCGEAECGIEGAG@OAGOEGBIBICMGGAIAKBIDIJAJ@JBPBPDN@JALEJC@EECEEMEEIKCEICGFIHCBEFCFEDE@C@CDC@ACCECAEAI@IDC@CAAC@C@C@CAAMBCBC@ACCGCCE@GAEBCBCFGFC@C@EEEEC@EBEBCAAAIMECMEE@K@KAOEMAGFEHAJ@N@LCPGJMFMFIDQBKDOAOCSBMBIJCH@P@T@N@THJLDJRALCNHJNNDDFBD@@B@@@@@@B@@@@B@@@@BB@@@@BB@@@@B@@@B@@@@@@BA@@B@B@@B@@@BB@@@@@B@@@@@@@B@@BB@@@@@B@@@@A@AA@@@@@B@@@B@@@@@B@B@@@@@@@BBA@BB@@@@B@B@B@@@@@@B@@@B@@@@@@BABCD@BA@@B@B@DAB@@B@BA@@B@@B@@DB@@B@@B@@@@A@AB@@A@A@@B@@@@AAAB@B@D@@@@@@C@@@@@@B@@@@@@B@AB@@@@CAA@@@@B@BA@@@A@@@@@@@@D@@A@@AA@@A@A@@@@A@A@ABABAB@@ABAAA@A@CCOGIGICEACBCDCDAHAHAFCHEFEDEBIBG@G@CACACEEICAC@ABABAD@D@D@H@BAB@@A@GCCAA@GBCBA@AA@@@ABC@A@AIIECC@C@ABCD@DAP@J@FBD@BBBBBBBFH@B@B@BCDAB@D@B@DBDBB@B@BABC@@@@D@B@@BBFBB@DBDDBB@BBBB@BBB@DAD@D@@@B@@BBBBBDDBB@B@DBBBB@@DBB@D@D@BBDDBBD@@BDD@B@D@B@B@@@B@D@B@BCDABBB@BBBFDD@@BBB@DBB@BAB@BA@OACAABA@@B@BFL@DBB@D@BMBGAQAMBGBMEGEMCGDIBGJMNGLGPCN@N@NBF@JBL@H@HCNELGLEF@@AFBDGDGBABCBA@GAA@ABADABBDB@VED@F@@DD@DBDAF@@BBDDFDDDB@BCDAB@BDJ@FAB@D@BDBD@BBHDJBHFLDJJLHJHHDHDNDJBH@RBD@DBDDHF@D@BCBADCF@D@@BDHBDD@F@HDDBF@D@H@H@BBB@@FABABBDBBDBBB@BABA@C@A@CDCBC@A@CB@BCDBJJDBH@FHH@D@HDL@FBDBFDB@DBFDD@B@@A@CBCAC@A@A@M@CA@EAE@EAA@AB@F@BADA@A@AAAAACBECAEIEOAIAMCMAO@SBOBKBC@AJQHMHKNOJGJCL@JBJAJCL@HAHGHILCJBHDBJDLDNDJJJFN@JELEFGDGFMFGBCFFFFDHFFF@JANCPAP@HINIFGHKLCH@HFLHNFLFHHJJLNLHDPDHFJHHHB@NDH@JADABA@EB@FBDFHHFDB@ABAB@DDH@LCDEDEBEBE@CDCBCFAHB@BBFBD@NBFABB@BAL@DDDBFD@@@DA@E@AJGBAD@F@JABB@BABCDAD@DFL@DAD@B@@HPDNDLBJALCDIPCHBFHDFF@JAD@DD@HEJBFBFFDHBBB@DCFGLIVIJCB@VBFDBBDD@BCDGDCFAH@FDDDBP@B@D@FDHGHEFAH@FBF@FDJDFFDDF@J@DBFHFBD@FAH@DAHDF@J@J@DB@B@DDB@D@DCBCB@DFHADCF@JCB@B@BD@FDF@D@FAF@HFHDFDF@H@FBD@DDDFBBH@J@HAJ@JBLAHAFADA@CAKCG@AFAFCJK@GDC@E@EBADAF@BEBIBCD@D@FDD@DFHDHBHA"],"encodeOffsets":[[110277,23411]]}},{"type":"Feature","id":"451481","properties":{"name":"凭祥市","cp":[106.759038,22.108882],"childNum":1},"geometry":{"type":"Polygon","coordinates":["@@DAB@BCBAFCHGDE@IAACGBGFGBAAEACIEEAK@ECGIECGICEAGEGAEAGCECC@E@CAECCAGAI@CBCBAFAFCHCHIDCBEDAFAHAHAFABCDADAF@DAHIDEBAFAF@FCFEBCAM@O@CCAG@G@MIIGAEAEACCAC@IEACBCBCBCLEBCBCAC@C@CHEFI@CBCDC@EACCEEECCGAKCIAGBG@CESBMAEACCCECEACIDA@CACEGBK@SFODODSJODI@MASCMIKCCA]BOFGFCFILENCNIFIBKBQDUBGBSCEECIAGGWEGEIGGMGUKGAIAAB@@EDBNCFIBAJANCFAFDJJJFHLJLHHJFJ@TCPARBDNNFPBJAHCXGLCFOREPETCNABAB@@@B@@@@DBBB@B@@B@B@BB@@B@@B@@@B@B@@@@BD@B@B@B@B@BBD@@BBDBB@B@DAB@@BB@@@@@@B@@@B@@@@@B@@@@@B@@@@AB@@@@@BA@AB@B@@A@CB@@@@AA@@@A@@A@@@A@A@@@@@A@@@AA@@@@A@A@@@@@AB@@@@@B@B@@A@@@@@A@@@C@@@@@A@@@A@@@@BAD@@@@A@@@@BA@@B@@A@A@A@@BA@A@@@@B@@@B@B@BBB@@@@A@@BA@@@A@@B@@@D@BA@CBABABAD@BB@BBD@DB@BBBDH@@@@@BBB@BBF@D@B@@CD@@@@@B@@BAD@BA@@B@B@B@BA@@B@DBFBDBB@DDBDBDAH@B@DBB@@D@B@@@@F@@@BA@@@A@A@@BA@@B@@@D@@ADAB@@@B@@@B@BAB@@@@C@@@@@@@@B@@BB@BBB@D@@AB@@@BA@A@AB@@@@BB@D@B@@ABABAD@B@DBF@BABABAB@@ABAB@BAB@B@B@@@@@@@BB@@D@@B@BB@BB@BBB@@B@@B@BBB@@@B@@AB@DAFCLEFEFANADCAKAGBIFGFCHIBGEIAMDKDGJAD@FG@IDEHAFBHJFBDCDEBEDANADBLDF@DADEF@FANHJICQECKEGEGIBEJIJIJCHDPJFBJKDIPCJDNDLDNLFNDBPDN@LDF@NKRBRLJJHP@RFFLJTLLDFENALFLHBBHH"],"encodeOffsets":[[109536,22749]]}}],"UTF8Encoding":true}