{"type":"FeatureCollection","features":[{"type":"Feature","id":"450405","properties":{"name":"长洲区","cp":[111.148678,23.5477],"childNum":1},"geometry":{"type":"Polygon","coordinates":["@@KSU[MKgGaGU@SBKBK@KDEBMFKFNJNBDDCDAFHFHHFAHHFJ@JDJHDHDJHFR@@CBAFCFA@GBEBEDCDAHCBGIICEBK@GDEBGAOBGDAVKLEDIJGAKKGHEJIBILIBC@AEGACJAHEHGDAJBJEDCDBBABECA@M@EHAFGDCFAHGD@DIBAHAFIAGBAH@LCTCBAFFHBHIFGAALALHATEDBBLBLL@JDDAFF@HF@DEBC@GJ@DAN@JDDFDLFJJCF@@EFABDD@DKDCDFDBDCA@@AFCDBDAB@@CACBCHIB@D@D@B@@AC@A@ACB@BABDFB@@AACC@CDAB@@@F@FHD@FFGJEPANHFJHPDJHNBJEJDADDFJBHFJBJCJEF@N@L@HCHBBAAABABGDGGKGG@EAIFEIGBGGIBEBAD@DEBAZ@ECAA@AFBLD@DFAAAFBAFF@LC@EDEBCBA@IBEAABCAAECBCB@H@BI@ACAGBCG@CBAGC@GAABABGICCCO@CBEAAIECAMBGDENAJErgbWBBDDFCNBBA@K@C@@HG@IDC@CEAAC@ED@DYQAMCMGCC@E"],"encodeOffsets":[[113939,24018]]}},{"type":"Feature","id":"450403","properties":{"name":"万秀区","cp":[111.375817,23.491318],"childNum":1},"geometry":{"type":"Polygon","coordinates":["@@NFFHJFJ@JC@ECGBKBICEGECI@CCEGGCC@KCCC@AGE@IDIOCCBEGGEGIAGI@EAKM@ODG@UBAC@E@ACABCDGEAAEACCE@AFM@CEKC@AMBGCC@MGGEBGFC@GAEFADEBCJEBGCIFC@CBE@@AQACCIBCBA@A@C@EAG@ADEB@DC@AA@DAHCDCDABAD@DADE@CBKFGCCAA@A@C@EDAFEDEDCBCB@@@FDDNHNDRBCZC@@FBDFB@DCD@JGH@@@D@LABMAEDCCAAaXqhIFMBCFAHBNFDBJFBDAP@DDJDAHABBB@HHDAB@DDHHADB@BAJG@A@ADFDBBADBBAF@JABADCF@FKDE@BEEABBEB@CKCEA@BBBFDY@ABCFC@ABAFHJAHJHEFBJ@FHHHLCHAHABBBABB@BBBBAHBBHFBFCFBDAJA@KF@DDHBJLHBLFLNBBBRBFH@HNBBHB@RCRJH@B@LOJDH@PEFBBCB@DD@FHJH@HBF@DG@MNCDC@EACGADCJAFGDBJC@CFEAEDGCGDIAE@CGCMAMAGC@GDGDC@GBIDG@IBEDK@IAIDG@KEGCIBGFEDG@IAIGIBKDIBGAIEGEEAIAG@EHGNCLAJ@^BJ@HARMTQN@THLBVANDHJLHLDPB"],"encodeOffsets":[[114131,24108]]}},{"type":"Feature","id":"450421","properties":{"name":"苍梧县","cp":[111.544008,23.845097],"childNum":1},"geometry":{"type":"Polygon","coordinates":["@@AQ@EGACECEDEBACI@GGECCCKBIA@OFEADMEAAEB@BEBKAKBGBCAC@ACCFGACAABCBE@GA@O@ECACBAFA@IHCB@LCJ@HDBABGCAACDCHPB@B@DGBHHCL@LABAEE@CCMDIBCEAIAEACBE@CCCAEBGIAEEG@@DA@IIGEBEBA@@AAGKKCABAAGCA@K@IDE@AAG@AEAEAC@OFKF@@AEC@ECADA@C@ABBHMESME@ACGBEA@FHDIFE@CAICOMAGCBIDKEUCEDAECBAFEFC@BEICEDCAMA@I@IAK@AEC@CDEBE@GFGBK@I@ECGFEBGAGCEMCAC@GAEIDI@IEEGMEOAKCKGGIMCUBKASGM@SRQNGBI@]AI@KBMDGH@FBHBJFFFHBJAHCJALHJBJ@JCHEFAHDJFH@LCHBJ@JCLAF@JCHAJ@HCDCH@HHDNBNBHD@DBFCJDHCHBFEF@DIDCAEHIBCDHBBD@FCDMD@NCHE@GAG@GI@ECCA@ADEAOFG@ICKPA@G@QIQDA@AGMA@GEGQAAAMAEKAKKGAICG@CLEB@BIACDEAEGEAABGAAAAA@GAGDK@M@E@IFIDIAGEIACEBCICIFMAIGOCIGGEBMFOHIEEC@EGE@@@A@CB@DDDBB@@EAACABA@BDB@D@@BA@C@C@A@GJADBD@DA@CBCAED@BB@CDCACECDCLC@ACEB@FE@IDEICKCEICM@CBI@@HADCFE@@GEECBICK@AKAKCASFGBBKBKHBJEAGEGBEDADS@KBGHAJBBEBGJA@CHCBGDEHCBEFGN@B@FDBAAADCFCAIBIHCFGBGDIHBBFD@JAJKJAFIHGLLHBJIFCLKBUHCPAHBFAHCL@FAJDHJDABGDCFCFAHAB@DEBEDA@@EQIGGCGCCI@IEIGGEBGGGEBEDCCCMAMIOHoTEBGFABOFEBIBIACAA@CACCGCC@A@CBMBMDI@MEIIIIGAEAGCIAOAKBIDI@O@IBGAGAKBOHOTKTATANA@AB@D@@ADADAB@BA@A@EFC@EB@@@BA@A@A@CAC@AAAAABAB@BC@A@@BBB@B@D@HBBBBBDDBBDBDB@D@DBBB@F@DBHCB@@ADBF@FABC@CBA@AAA@@B@@@BA@AA@@CA@AAAAA@A@A@A@@AACA@EAAAAEA@ACE@@@C@CCE@A@C@AAI@CACCGAABC@AACC@AAAA@C@A@A@ABC@AA@A@EBABA@C@@BAAA@ACAAAAAB@@ABA@BB@BA@C@@B@BB@@B@BA@@@C@ED@D@BB@F@DBBBBD@BDDF@@B@DCBCDIDAB@DAD@BABG@@@C@@@@FA@@B@D@@ABEBABABA@@B@B@@AF@FABA@A@CAEBAB@B@BC@A@A@CDAB@BAD@B@B@B@DBBB@@@BB@@BBD@@@B@FBHHFB@B@BBD@DBBBB@BB@B@BBBBB@D@BB@B@BAD@@CDABGD@B@BADCBABAB@@@BAB@BDBD@BB@B@BB@BDDB@BB@H@@B@DBDBB@DAD@DADBD@BBBB@BFBB@DBD@@B@BBD@BBBB@@BDBB@DBB@@BB@BB@BB@B@@B@B@DADA@@D@B@@AD@H@BBB@BFBBBBBBD@B@BBBB@DBBD@BB@BFBFDFFBDBBDFLHDBBBBB@BBBBDB@BBF@D@FDJLDF@DBFAH@BGJ@BAD@DABCDA@@BCD@DAB@BBDBBBB@DBB@BCDADBDABCBA@@BBFBD@B@D@D@B@BBBD@BABBAB@@BFB@FBB@@@BA@AB@@@D@DBB@D@BCDAD@D@BB@FCDCDABCB@BADBFBBBBBB@DCB@BB@BB@B@DAB@B@BB@BB@DC@@@@BBBBDABA@BD@DB@B@BB@BB@DB@D@@B@D@BBBAB@AADCB@FAFCFA@AAA@AB@D@BAB@JDDFDEDF@DDJJHFJAJABKDCLAD@H@D@F@DALABBFHBFAHADED@DCDAB@BAFADFNFB@HDFFBDBBBD@DBB@B@B@B@BB@BBB@@@BBB@@@D@DAH@F@D@H@D@FBBB@BD@@BBDJDHNDJDLBH@F@NDPBFLDJDPBTJFJFH@DFTDPBFFPBHFNHJLBN@DAR@LAJAJAL@HBFBJGDCFELOFGDCBE@CBGBIDGBM@MJGPAdFPBVAHCHGPKLIPGPBH@HDXHT@NIFEPBBNEL@HPRDDNNRVTTFFDJFLDNFTBXAXALAHCLAHAHQRINCL@JHNJJFLDNANCNGPALDFJFJADCDAH@B@D@FCFADBDBJJFDFBH@F@BF@FD@DCFAFAHAFAH@FBFFLLBBFBB@D@@B@BAFGNAFAF@DBFBBDD@D@HBBDFBBDCDAH@F@FB@@BH@FABA@O@CDBPBHFFFFBFBFFDHDF@F@BABABCBCBAF@D@F@@GBEFEF@F@@@D@D@BAHGDEFCFAJ@HBHBJFD@B@BADA@CBM@E@CCCCG@ADCDABCBC@CEGCC@CBC@CLE@@DCFEAKKGOIGEIGQIOIKKGM@MDQBOFOFIFKFEDCF@FAH@HBHDJBH@D@FGTIAE@AFMLOBCHGNAN@H@LGRMPSFMDIBU@WAQ@EAEFQJQBU@C@AAAAA@AAC@AAA@C@@C@AC@EDIB@BQAC@A@C@A@A@A@A@A@A"],"encodeOffsets":[[114335,24406]]}},{"type":"Feature","id":"450406","properties":{"name":"龙圩区","cp":[111.266035,23.30996],"childNum":1},"geometry":{"type":"Polygon","coordinates":["@@@@DADAFCFCBEFCD@B@B@DBHDLEDAF@BC@CBCBADCDCBG@CBBD@@CFABCH@FBD@B@B@DAJADDRB@BF@DAD@JEHDFADIFABCFEHBD@HEFABCEG@EDCB@HGDEAGAQACIEEAEEAAAKCG@CACIICECEAGAIAIBMFGLEHCDABC@ECIGEEAMEGMCCG@@GD@@@B@BACG@@C@EMBM@A@@@@@@B@@BBB@DD@@@ACD@DBFFPKB@DAAW@CAECC@GC@A@@CBEDCFCDENQCC@GB@FCLADC@CCCCIAO@O@K@M@@@KJAB@@@DFJGDK@@CCMIG@G@KI@@UEBCTABI@EAE@A@A@@B@BC@ABBB@B@B@@AAE@@ADBB@@C@C@@C@ABDBABACAAA@AEB@@BADABCA@@GA@A@AEBE@@AO@OBKDGDAHEXUJAB@BAFBD@NBFAHDBGB@B@@@HDAFNFBAAGCAAIEABICCBCFCFEAMDC@CGEAAGBQOEMF@EEG@CBAE@AE@M@AGEACCCAJK@@@CBAB@@ABAFAB@FC@CACEA@ACE@AA@@A@@AAC@C@CAAAAAA@C@AACCA@AAA@C@A@@C@A@@@AAACAA@ABA@ABA@C@A@A@@@A@@AA@@@A@@@EAAD@DCDEF@BDFHFBDDF@DAFABAD@@ADABABIHADEDA@CDMHMCBGAGKEBHAJQAGHKAQGQXDFBHFLBFCNGLGNIHEDMDO@U@MBKBKH@PDHLBNFHJBNIFQBODK@MJALCT@JCHGFM@MEQESESBQFGBQDECGOGGI@GFETCT@TDRAL@H@FBB@HBLBFJFHDHFHDDFDJAL@F@H@JLLDJDD@JALCL@V@JAPAFAVBRDN@H@REHELEJCTFNRJTDV@HANBNJDDBDBH@HARABE@ABA@ANG@GBFBAPFBADGFCDAHBFCD@D@D@DL@LATAV@bHhHNLV\\LT"],"encodeOffsets":[[113939,24018]]}},{"type":"Feature","id":"450423","properties":{"name":"蒙山县","cp":[110.5226,24.199829],"childNum":1},"geometry":{"type":"Polygon","coordinates":["@@DCFIHIBECMGIAGBEBEFCLEJATDLD\\GHCAEQAEE@C@GH@DCBKCEEEAGAKCEAGBOBITODABGDGBIDKFIJENEFEJANGN@JARGBIHIHMNOJELCNCL@HCDEBEBKCGEIEEEGICECEEEIEOGKEK@E@EDKDSAMEQAIEKEGCEAGBEFMFGDIDEFCF@PCLCFCHANARCVGLEFEBEBCACGAG@IEEGECDIAOAMGWGM@ACC@A@@@AAA@@CA@@AA@AFAB@@C@CBA@CBCB@B@BABBBBDB@@DBBDB@B@B@BABB@BB@@ABABAHBBADB@CDABCBAB@@B@D@BD@B@D@B@HBH@BABABC@AACCEGCAA@A@CAAA@EAACGA@ABC@ACAEG@A@G@E@@@@@CESOIIEQQM@YLUCMGMGUAI@M@QKCMIOUCUJUTAB@DABABCDAB@@C@EAC@ABABAD@BADA@CBABGFCBCD@DBDBDAD@B@@BDBBBHBBBDDF@D@BCDGFAB@@C@A@@DAH@@ABAB@BDB@B@B@BA@ADABBDC@AAAB@@ABA@ABBDABABCBCD@BAB@B@B@BDB@B@BABCDABBD@BBB@FCPKPCNAJ@FQJAHEJGFEDEDCHADBJ@HAJCFMCGAEAMBCBGFEFCJEDIBECEEAECECECEIKEGCGEEQIQEUAS@SBSDIHBHAH@F@JCFEH@@@@AB@DFBFDBBBDBBBD@D@BCDCDA@G@E@CACAG@@@AAAC@CBE@ECCAACAEBCBABCJC@ABABC@CBAB@D@DBDBF@DC@CACAEAABCAA@EAC@A@AB@DFFHHHJDDFFFBPBL@@@BBBD@DCFEFCBGBC@AB@D@DBFBFDHFFHHFBFDDFBBDDFDDAFAFGBGBC@I@A@@B@D@H@B@BA@CAAAA@@CCAABA@CDADBDD@@BBFFBH@B@B@DAF@B@B@B@BH@JAH@HBDAF@BAD@D@FBH@FAH@DBDDFJAJADADAF@B@BADADGB@@GACCIAGBGB@B@F@BGBC@AE@CA@A@GDC@CAACAACBABADBBDDFDDDDHBDD@F@FAFBBD@B@BEB@@DFBBBDD@FCFCD@B@B@B@@BBFAD@FBBBDD@FBFFDFBDABABIDGHEDC@ABCDEBG@E@CBCBGBA@CB@DAJADAFABGDABCDCBCBE@E@@@A@EAAAAAAACAA@CCC@IBAB@D@F@D@@CBIDCBCBAAECACCE@AC@@@AB@B@@BDBB@B@B@DBDB@@B@B@@BDDHBFBF@X@J@D@BDBJAB@BB@BAD@BABEFIFMDKDGAIAKAECCEGCCECBEFBHBDAHEDAJAJAJPBL@JDHBLNNNPHLDPHT@JALAJ@LBLFJJLLFDF@@EBILAH@L@FABGAECCBCNEFAZAV@F@DD@H@FAHELEPADEHGHCB@LDDD@FCFEFEHCNBH@NCDAF@DBBDAFAD@FBB@B@BA@@DBBFBD@BB@D@BDN@BHFJDDDB@BBDJDHBBBBB@BB@DBD@DBBF@RFD@B@@C@E@G@CBGBG@CAEAEAC@C@C@ABGDCH@B@DCLA"],"encodeOffsets":[[113222,24948]]}},{"type":"Feature","id":"450422","properties":{"name":"藤县","cp":[110.931826,23.373963],"childNum":1},"geometry":{"type":"Polygon","coordinates":["@@D@@BBB@@DBD@HBJEHCHETWRYNOLIZIXARGLKJIJS@QAEIOSKICOGGIDMPKDQLORHLHPHTEAS@GFMFEBOIOMM@OPKJIBOCOCUCS@Q@C@@@CBCDCDGBADA@A@A@A@CBCJEDAB@DB@BD@D@BCDEDIBABABA@C@A@E@EDCDAHABBBDBBDDHBDBBBBBF@D@HCBA@E@C@E@CACBCBAAAA@ACAA@AAAAACAKGCEAAACEEECEA@AAAC@AA@CAAAAA@C@AAAAAAAEA@AAG@C@@BA@C@@@CBCBA@A@@@@AAAA@@AAA@@AA@CAAAC@@AAAAC@AAA@@@AC@CAAAEA@AA@AACBC@CBC@CAAAC@C@AG@A@@ACAACA@@A@AAAC@CA@ABA@A@@BABADABC@A@AHCBADC@@BC@A@AAAC@A@AAAAA@A@@AAAAA@CAC@A@AEAGGEAA@@@C@AA@@AA@@A@AA@C@A@A@ABC@ABADCB@B@D@@A@ABAFADBB@B@BA@EBE@@@A@AB@BABAFABA@@@C@AB@@E@@D@@@H@BA@ABC@CBAJCDCDA@C@AE@CC@AACAACAE@A@@A@CFCD@@@B@@A@AA@@A@AD@B@@AAAB@BA@@BABBBBBDB@BB@AD@B@BAFAB@B@@BAD@B@B@B@DBBBBD@BD@BADBBDHBD@DBJ@B@D@BDF@D@D@@DF@BFBBBBB@FDBBB@@@B@B@BBBBB@BDB@@BBB@@A@@@AB@BBB@DAD@BA@EAEBC@@DAAG@C@EAACAC@A@ACACCAACAAAA@G@C@AAA@AB@D@@ABABABBBBD@DBB@B@B@@A@@FAD@FEB@B@@ABABCBC@@@CBAB@BMBSLSPSPGLAHBHBJAP@J@JCLAPBJBHDFBHBJJJJNFJ@NCNADAB@D@HDDDDBB@DBJBJAFAPEBAHEFApSPGLENEFALC@C@C@CDCAEBGDCHEBCEABOEAHAH@BMB@BAF@BABQ@GAGACCCMIMAGBU@SCQIEMDSFIFKFG@Q@GCMAQBUBEBO@I@UDKBK@ICCCIKK@I@G@EBKCICEGCGEGCIEAEAK@GAA@E@GGGGGMI]IWDQLKPOLW@MUMKWCUM_CUPUTGHCF@BGBABAB@BBBB@DDB@@BBBDB@BABAB@B@B@B@DC@A@@DDD@BABABBHADBDB@@B@BAD@B@@A@C@C@CAAA@@CACBA@ABA@@@A@EDGDA@@AAAA@C@AB@BA@I@E@ACCAC@EAC@C@@A@ADBF@BA@AFA@A@AC@@ACCECC@CACAA@AAAAAAC@E@C@CB@BEDABABAACAEA@A@AAACAAAACA@CAEBGDCBABAAC@E@AAAABC@C@C@CAAC@A@EC@CAAACCCA@AAAA@AAACA@A@A@ABCDABA@CCC@A@AA@CAAA@CBA@@BCBAB@FAD@BA@A@A@ABCBADE@EAA@AB@@ABA@A@ADC@ABC@AAAAC@EBA@A@CAAAA@ACBCFKJA@AA@@AACAA@ABAB@B@B@BABADAB@BBDBBBF@BA@C@CBCBA@@BABC@AAAAC@CCUMMEO@EBQ@OEIKMQIMA@CA@@AACCAAAA@ABA@@BCDABAAA@A@AAAC@CAG@ECAAB@DCFEDCDC@CAACACBCBC@A@E@CAICAA@A@A@A@@AAA@@AA@A@AA@A@@AAA@A@@A@AGEA@AC@CA@@@CAC@C@E@CDA@C@@@@B@BBBAD@@@DBB@B@DAD@B@DABC@E@G@EBEBA@A@A@CDA@A@@BC@C@ADABEFCB@D@BDHBDFB@FBHABC@EACAEAC@EDCD@B@D@BBB@@AB@BAB@B@BCB@BB@DH@JCHKFQBuHIDOCIICMCKEGCAMACDGNMDKAQ@IBGFCJKTBH@FALBLDLDJDNCPIVGTBRBFJL`\\FDHBFAD@HCLINCRAVJHFNHFHBNFJJFLHLFHJFRDRBHDbE\\KN[JQ@@BABCBA@A@C@ABEBAD@B@BA@E@E@AACACCCAE@AAA@A@CBA@AAC@A@AHABBB@DBB@BBB@D@BA@AAADADA@EDAB@D@@BBHBBBBFAFCDAB@@BB@BCBABABAD@@CBC@CAE@EC@AC@@@@B@BABA@@@AB@DADBBBBF@HBD@BB@BBDB@D@@AD@@B@BABABAD@BABA@CB@AA@A@C@AB@BDBD@B@F@@B@BABABABAB@@BJNhBDHNBHCNAJBHHLJHN@JBPHF@LFNLDFDJALCFKNIV@N@PATCTCD@H@JDHBFADEHCBEBA@C@CBA@A@AB@BBDAB@BABBBDBDD@B@F@BADABABCDCFAHCBOAC@C@CAC@ABABBBBD@BFDBBBDBBB@@@BB@BBB@DAB@BB@BB@BB@@B@@ABADA@BB@BAFBD@BCDA@@DADA@ABEBEB@B@D@DABABC@EBABEDABAB@@CA@@CAA@A@@@ADA@CDA@ABABA@A@A@ABBBAB@BEB@F@BC@@B@D@BBB@F@DBDBBB@B@BBD@BAH@B@DBBABBBBB@BB@BDBDBDCDD@D@B@DA@CBABABABBB@BBBBBBB@BBB@BAB@BBB@BDF@B@@@B@DAD@BBB@D@@C@ABA@CAABAA@AAAAAA@AA@AA@CBABC@ACA@@B@FAHBB@BAFAB@BA@AB@B@FDF@N@B@DBBDFB@BB@@BB@D@DAB@B@D@BB@BBDA@@DBBBJNDFVdBFDF@FEFA@KLAD@B@J@FCHGLCDEJEHIBECGMEKGIKIUEW@ODGFWbCFAHDHDDBBFD@HINGDGBEDABICICEAGAEDEDEHILCDGFKAGAGAE@KCKBEHCJEFIHODOBG@MDOFOJGN@NAPDRLVFDNDVHPNLRFT@JARCHABCLCPDLFJDHDJJGTCTAT@VBRFRJFFDHFHJLDFDFDFBFFFFDJAFCDIFEHEDANAFBHBNDDEBI@GAIBCDGFCFCHEFIBGRI@EBIDMLODO@EAA@AACBADCBA@A@ACA@A@A@ABA@ADCDABABAACBAB@BA@@BABBD@ACBABCB@@A@A@ACA@ABABA@@BG@CB@D@@@BAHEDC@A@CCEACAAAGAAAC@@@ABCACAC@CDCDAHEBADAB@BC@ABCBABAD@FBD@@@BADCBABA@CBAVSVIVDJPDNRLN@J@VBNHNHVDZKN@RRJFPJFT@D@@@@@F@H@BFHDB@BAD@BHBBDFBB@BB@D@BBBHDDFBD@B"],"encodeOffsets":[[113428,24520]]}},{"type":"Feature","id":"450481","properties":{"name":"岑溪市","cp":[110.998114,22.918406],"childNum":1},"geometry":{"type":"Polygon","coordinates":["@@BKCQ@SDSFSHEJ@HHHPFDRCHARETATFRFNFN@HEDG@IDSBKNIL@PCRAJEAMGIMEKACG@OLGLANAV@P@NCFCJGHMHKDMAEEKAGCERWRHLBHGRBBIAGLFBHAHNDNGDCB@FCBCJGBABABC@@BCBABE@CCEACGECE@AFEDC@CBCFB@@B@@AB@@@BA@A@A@ABABA@AB@@A@A@@@A@E@ABABA@AC@CAAA@ABA@CBAB@D@BA@AD@@ABA@ABA@A@AAA@ABABA@@@C@C@CAAA@AAAA@CAC@C@CA@CAAAA@@AAA@@@AC@AA@ABA@AA@A@AC@@@C@E@C@CBCAC@AACEAAACACABA@A@@@AAAA@AABCAACAAACBA@@@AA@AAA@A@CCCA@A@A@EACAAAABA@A@A@@@A@@A@ABA@ABAAA@A@ACAAA@A@AAA@AA@AAAAC@CBA@A@AA@AAA@ABA@ACAAACAABA@C@A@BA@AB@BA@A@AAAAA@A@AA@A@AA@A@@AAAA@AA@CAA@A@CAABC@@AAABA@AD@B@B@@@@A@@AAAE@A@@@AAAAAA@AA@A@A@@B@B@BABC@A@@@C@AAA@AAAAA@@C@A@@BA@C@ECCAA@A@AAAAA@@C@EAE@A@AA@AAA@CB@BCDCBA@ABA@A@A@AAAC@A@@@A@AAA@AC@CAEAAACAC@CAA@@A@A@AEC@AAC@A@ABABA@A@@AAA@@@A@BA@@@A@@A@A@AACA@A@A@C@A@ACCCACCCACACAAC@@A@C@A@A@C@@@@BAB@@CAA@@ACBA@ABAAAA@A@A@A@A@CAC@AAAC@CAC@@AA@@BBBABAAA@ACA@C@A@CA@@ABABA@A@@AAA@@C@C@AB@DABABA@C@AAA@C@A@A@ABA@CAA@A@C@@@@D@BEAA@@A@A@AA@AB@@@B@B@BA@AA@CAAAA@@AAAB@@@@@@AAA@A@A@CBABAB@B@BABA@@BAA@AAA@A@A@AA@A@ABA@@B@BABA@C@A@@@ABA@A@@@A@@@A@@BAB@@ABA@AAA@BCBA@@A@C@AAC@A@AD@BABA@@AAA@AAA@@@ACA@@CBABABA@CAAC@A@C@A@A@@AAA@A@C@@AA@@AA@A@@AA@A@C@A@ABA@C@C@A@ABA@@AAAA@A@AB@@E@E@A@ABC@@AA@AA@AAA@@@AB@B@B@@ABC@A@ADA@AB@B@DAD@@@DABAB@BCBABAD@BABADABABA@AAA@A@AB@@C@CBABADABABA@A@A@@@C@A@A@AC@@@AAAA@CAC@@AAA@ACCCAAAC@A@AAA@A@AAAAAAAAAC@AAA@ABA@C@C@A@@AAAA@@A@@@ABA@CAA@@@A@A@@@A@A@AA@ACAAAAAAA@C@CBCAC@C@C@A@C@AA@AAACAA@ABCBA@AB@BADABC@AAC@AAC@AACAAAA@CAA@C@@AAC@A@AAACAA@EACACC@AAC@AC@CDA@ABEDA@@HCBA@E@C@E@EAECAAE@AAI@C@AA@ADEBC@GAC@AAA@CAAACAAEEGCEAA@ICC@G@G@GBEDC@EBG@CAEBEBC@G@GBC@ADABEBGBAD@BA@A@ABADAFBB@DDDFHBLAFABADABMZSfSbGNIHKDKAMCMFMLYFKBMFKLDNFNIPOLKTBPHTJTJZHRJXJ`DJETKJM@MIIKKGUBKJQZINIPAJABGD@HBD@FBJIBADBDFDF@DH@HAHCDGD@HDHHDJNDHFHHHHBP@HBH@FFANIHIFE@EHDD@BADADADAD@JHLFD@JADCDCD@B@BDBDDDB@BBD@D@DAD@BABCBCDAFE@@BADABAF@B@BFD@D@@DDABA@A@AB@D@FADGBABAB@BBBJDDBF@B@D@DADADBBB@DCDCDEFCDA@BBFDH@DBD@BB@B@BBBABCBAD@@AB@BBBBBDDBB@@DBB@JNNRJLPFR@FAP@NFVNDDD@BBBBD@BA@AB@DADAD@B@@AAEAAAC@ABABCBA@A@A@ABABAB@DBBB@@BBB@LIDEDA@BBBBB@D@BAB@FBDBB@BAD@BCD@B@BAB@BA@@BBB@FCFABAD@B@B@BABC@EBA@ABAD@@AB@DBBDBB@@B@BDD@DABCBAD@B@B@BDBBB@BBBBBB@DDBDBB@DFDB@D@BB@D@D@DADBBBBF@D@BBBADAHCFADBB@BDBBDBBB@B@BFBDBBBBABAFC@ADAD@F@D@BBBBBBB@DBDBD@FDDD@BD@@B@BEB@BABE@CA@B@BD@D@FBD@DBBDF@J@B@@ABAD@B@BB@BB@HCFCB@@@B@BAB@DADB@@BBDBD@D@B@@@@ABC@A@AA@ACBCAGBABA@ACC@CB@D@@C@A@A@ABABA@ACAAA@AA@CCA@AA@ABABAHA@ADEHGVSVO`DVNXDNLNVX@PKLORKXC^JNJHHHH"],"encodeOffsets":[[113791,23721]]}}],"UTF8Encoding":true}