{"type":"FeatureCollection","features":[{"type":"Feature","id":"520602","properties":{"name":"碧江区","cp":[109.192117,27.718745],"childNum":1},"geometry":{"type":"Polygon","coordinates":["@@F@J@D@BA@AAAGCGACAAC@CDEJGNKHGBCDC@CACIQAG@GFG@ECCCC@AACBABABAB@B@AA@@C@GCGGACAAB@B@B@FBD@DAB@@ACAGGCEAA@ABAH@BA@@@@AA@A@@@AB@B@F@F@B@B@DA@A@A@ABABAHGFEFADAB@BAAIBEBA@ABAAAEG@@B@HALAFCBABCAACEEGIEC@@A@C@CB@D@FBD@F@NDB@DAD@B@BBBBB@@@B@BC@ABAHCB@D@@@BB@BBBLDF@D@HG@I@CBADAD@FABADGBEBAH@FEDAD@LCREHGJKHEBA@AAAAAC@GAGCCAAA@ABCFMFMDGBIBIDI@GDC@EAOEKEMCK@@@A@@@@A@AA@@AA@@A@@C@@AA@@@@@A@@AA@@@@@A@@AA@@@AAA@@@A@@AA@@@A@@AA@@@@@A@@@AB@BA@ABA@A@ABA@A@@BC@AB@@ABA@ABA@@@A@@BABA@@@A@@@AB@AA@@@@@A@AA@@A@@@AA@@A@@@@A@A@A@ABA@A@A@@@A@ABA@A@@@A@A@@@A@EGEEEECCACKAKDGDEBKAIAIEGCECIC@HEFCFCFAJ@HAHAFCJEJEHCJALAJ@HEHCJGFGHGDGDI@GAMCMCO@UACAA@@A@@A@@@@@@@AA@@AA@@@AA@@@AA@@AA@@A@@@AA@@@@A@@AA@@@A@@@@@A@@@A@@@@@A@A@@@@@A@AB@@EBCBGFCBEBIDCBAAA@CAEA@A@@A@@AA@@AA@AA@@A@A@@@AAA@AAC@CAC@A@AACA@@A@C@EBEBC@CAA@ADBBABABC@AB@DADADAB@AA@@AACCA@D@B@D@BB@@BABABAC@@BCAAACAAA@CFOB@BC@A@@A@BA@@@B@@B@@@BBB@B@@BBB@@@B@@@B@@BBB@@AB@@@B@@BBB@@@@B@@@B@@@BB@A@@B@@@@BB@B@@@@@B@@@AB@@BA@@BA@@B@@BBB@B@BA@@@B@@A@@B@@@@B@@B@B@@@@@BB@@@@@@@@@B@@BA@@@@@@@AB@@DBBDDBDAD@H@H@J@HAHAH@FAHBFCD@HCDDLFFDJHFJBF@F@DSDC@E@E@I@C@CBIBEBQB@FDJBD@B@FAFABI@CACCCACECG@C@CIAKAC@@@G@C@EDEFCB@BEFABEB@DBD@B@@AB@BA@AA@@CB@A@CA@EBBDD@ABBB@@@B@D@@BBA@@@@@A@@@@ACB@@AB@@C@A@CA@ECGECCCIAUIA@IAGAAE@ABA@CACDMDG@C@ADBB@B@D@B@@A@@BA@@DAD@B@@@MOAAA@@A@AACAAA@C@CAAA@ABABEBA@@D@@@@A@@AAIBAACA@A@AAAG@EAI@E@C@CAAA@CAC@AAAA@GAABEBEFCDAB@B@D@@A@A@A@@A@G@AA@C@@@AA@AACACAAA@C@A@A@CB@@ABA@@@CCA@A@EAA@CAA@A@E@E@CAA@AAC@A@A@@B@@BB@@CDA@AAAACCA@A@AAA@ABABCBABCDAFAB@@ABBBDBBD@B@BABCBAB@L@DAF@@@BA@@@@BB@FB@B@@A@C@A@A@AAAA@A@AAAA@@BABABABA@A@CBA@AB@@A@@A@AAAA@A@C@AAA@@AA@A@AAECCC@A@CBA@@@ACCCC@A@@@A@A@@@A@AA@C@ADIDOFSCU@Y@KBGHEJ@LDTBFBBDBFBDBBD@@@B@D@B@D@@@BBB@@B@@BB@@BBBB@B@BB@@FBFBDBBBBBDBB@B@BB@B@BA@EACAABBB@DB@D@B@FB@@B@@@@@@B@@@@BB@@@@@B@@@@BB@@@B@@@D@D@B@@@BAB@@AB@@CBEDGBG@A@@B@@@B@DAD@D@BBAB@BAB@BBB@BBBB@DC@A@ABA@@@@@@@@H@B@@@@A@A@A@A@@B@@A@@@@B@@@@@@@@@@@B@@B@@@@@@@@@@B@@AB@@@@@@@@A@@@A@@@@BA@@@@@@@@@A@@@@@@@@@@B@@@B@@A@@B@@@@C@@@A@A@@A@@@BAB@@ADADCH@FADCDABADBFBFDFDFDDBD@D@J@BBDBB@BBBCBA@A@BDDDFFDBBBB@@@BABBBBBBB@BAB@B@BDBBB@F@B@@C@CAC@C@CBAD@DBBB@D@BBD@BBB@DB@B@B@B@AABABCBABA@@B@B@D@D@BCFCB@D@DBDDB@FBDAF@D@FAD@BADABB@@@BB@BBBB@B@@@@@@@@@@EBA@@@@@@B@@@@DFFDDDBDBBDAFBD@DBDBBBDBFBF@D@DCDABC@C@CBA@C@@@@B@B@B@@@@BB@@@B@@@B@B@B@@@BAB@B@@@@B@@@D@@B@BAB@B@B@@BBBBDA@AAAAAB@D@BBBDBD@BB@@@B@B@@@B@BB@@BBBB@BBB@@@BBB@@@B@BB@@@@BB@@FDHDBBDDDDDBFDFBBBBB@@B@@BB@@@B@@@B@@B@@BB@@@B@BBBA@@B@BA@@@@BA@@B@@@B@@@DB@@B@@@BB@@@@B@BBB@@@B@B@B@@@D@B@@AB@@@BABA@@B@@A@AB@BA@@@A@@BA@@@A@A@A@@@CB@@A@A@@BA@@@A@@DJDLBJHLDRDVCNEXQPKHGJGNGHALDBA@@B@@@B@@@B@B@@@BAB@@@B@B@B@@BB@B@BB@@B@@@B@@BB@@@BB@AB@@A@AAAACCC@CBA@ABBDBHD@FAF@DBB@B@D@@@@@@@BB@@B@@BB@B@@@@B@@@B@@@@@@AB@@A@@BA@@@@BA@@B@BA@@@@B@@BB@@@@@@B@@B@@B@@BB@@@@@B@@@BB@@B@@@@@B@@@@BB@@@@B@B@B@@@BB@@B@B@@@BB@@B@@B@@B@@@@@BB@@@@B@B@@@@@BB@@B@@@B@BBB@@@B@BB@@@@LBZ@F@D@B@BCBEBA@AB@BBBBBBD@B@@A@CBAB@DBFBD@BBBADCHCHA@@BB@@AB@BB@BBDBB@BB@A@CBCB@@@BBBDBBFDH@FBHDDDFFBF@D"],"encodeOffsets":[[111952,28539]]}},{"type":"Feature","id":"520603","properties":{"name":"万山区","cp":[109.21199,27.51903],"childNum":1},"geometry":{"type":"Polygon","coordinates":["@@IGGCIGIEMMIEOKMKKEKIKIMIMGKIEIAG@MDKDO@I@C@IBKAGEGECKAG@GBKAIBIAIACBGCEACCEAE@GBCF@F@F@DEFABG@GBIDIFEHCFCFCDK@KAEEIIGIOMMIGEGIE@IAG@AD@FFNDF@H@DAF@B@B@@B@AB@@E@@BABAB@D@DB@@@B@@B@@@@BB@B@@@@BB@@@B@@BB@B@@@@BB@D@@@B@BA@@B@@@B@B@@@BAB@@@B@B@BBB@B@B@B@@BB@@@B@B@@BB@@@B@B@B@@@B@B@@@BA@@B@@@B@@@BAB@B@@@BABA@ABEDABCBB@@BBD@@DBBB@DBB@B@D@@BB@@@@@@BB@@B@@@@@BB@@B@@@@B@BAB@BA@@@@BA@@@A@@@A@@@A@@@A@@@@@@@AB@@@B@@@@@B@B@@@BA@@@@BA@@@@@A@A@@@A@@@A@@@A@A@A@A@@BC@@@A@@BA@@BA@AB@@@B@@A@@@A@@A@@@A@@@@AA@@@A@@A@AA@AA@AA@@@EACCAEAE@E@CFEFCDEBICKAMGIGGKEGCACCEEKKIGEEGGGKIKGMGEICECICICGEKAKBC@ICI@EBAHAHAFCDC@IAIAIAG@K@KJEFAFFNFFHHPHDHDF@FEFGDM@GBE@GDCDEFCFGFCDKBGAKICGGKEGECEEGAIBG@KFKFIBOBGDIAFFGJIJEJCLBHLLJHPLFDFHDN@FALBPJNNHHDJALCPKPWPQHGN@JDHFHNLXF\\FLBLNHNH\\LPFFH@JABD@B@@B@B@@@B@B@@@BDDDD@B@@AB@D@BDDFDBBB@B@@BB@BBD@B@B@BB@B@BB@@@BAB@DAB@B@BABABA@AB@BB@B@BBBBBB@B@D@B@@@@AEAA@@A@@B@@A@@BE@C@KBADABA@A@AACCAAABA@@BABEDCBADABABAB@BBB@B@DDBBBBB@DC@@AA@@@AB@B@D@BBB@DBF@F@B@B@DBB@FBB@B@DD@@B@BA@@DAB@B@D@B@BBBDBD@BBB@@D@B@@B@H@BB@B@B@@@@C@ABADCFEFABAHBB@BB@BBD@DBBDBD@F@J@FBH@BB@B@BDBBBJABB@@@B@@C@@@ABAFAB@BBBDBD@B@BBBD@B@BB@BBNP@@A@C@CB@@AB@@@BA@C@A@A@CA@B@DCHCNBD@DAB@BBFHBJBB@VJJBDDFDDH@FDBB@D@@@BA@@DA@B@@B@@@@@B@AA@@@C@A@@AABAC@ACFAB@@D@BDA@@BBB@@ABA@@@AAC@CFABAFE@ADAFEFCD@H@@@D@LBJB@D@DDHDFDBDDDBJ@BABE@E@AACCI@ERAFAJADAD@J@F@F@D@TC@C@EAEEIIGECKECCGDC@EDGAEBG@GBGBI@G@G@C@CBCAACCA@@BA@@@@@@B@@AA@@@@@@@@@A@@A@@@@@A@AA@@@@@@AB@@@@A@@ABA@A@AA@@@AB@@AB@@AA@@B@@@A@@@@@AAA@@@@@AB@A@@A@@@A@@@A@@A@AA@@@A@@BA@@AA@AA@@@A@@@A@AA@@@AAA@A@@@AA@@@B@@A@BB@D@@APADEB@BBBDBBAD@@BDBABA@AA@@A@C@A@CDBBD@BB@@BBABCBC@CBAD@BABAAABCB@DBD@FAFAD@B@@@DBBBB@D@DBD@BBB@BB@@B@B@@@BBB@@BB@@BB@@@@BFBDBB@BBDAJCFADAHEDAFA@@BAB@@@@@B@B@@@@@B@@@B@@@@@B@@@B@@BB@@@@@BB@@B@@@BB@@BB@@B@@B@@BB@@BB@@@@@@B@@@@BB@DBVBP@NDNDHBJ@HCHCHGHEDIFG@GBIBKDIFGFIDIBEBG@GBIDEDEFE@G"],"encodeOffsets":[[112014,28203]]}},{"type":"Feature","id":"520622","properties":{"name":"玉屏县","cp":[108.917882,27.238024],"childNum":1},"geometry":{"type":"Polygon","coordinates":["@@@@A@AA@@A@A@@@A@A@A@@@A@@@A@@@A@@@@@A@@@AA@@A@@@@@AA@@AA@@@AA@@AAAAA@A@@ACGCACAC@CA@E@@@AAAA@A@@@A@C@AAE@A@ABA@@AAA@CB@@ABEJABA@@AA@@@AA@@@@@@ACCE@@@A@AB@@A@@BABA@@DA@@B@B@@@@@B@B@@@B@@@B@@@B@@@BBB@BB@@B@@BB@@BBBBB@@@B@BB@@B@B@@@@@B@@@B@@BB@@BBD@BBBD@@BBB@B@B@BA@@@CBA@@BA@@B@@@@@BA@A@@@AAA@C@@@A@@@A@@A@@AA@@AA@AA@@@@A@@A@@A@@@A@@@@AA@@@A@@@@@AA@@@@@@A@@A@@A@@A@@@@A@@A@@@@@AA@@A@@@@@AAA@@@@CA@@@@A@@@AAA@@@A@@@AAA@@@A@@@A@AA@@AA@@BA@@@@@@BA@@@@BA@@BA@A@@B@@A@@@A@A@@@AB@@A@@B@@@@@B@@@@@BA@@@@@A@A@@@AA@@@AA@@@@@AA@@AA@@@@@@AAA@@@AA@@@@AA@@A@AA@@C@@A@@A@AAA@A@@@@@AAA@@@A@@@A@A@@BA@@@AB@@AB@B@@A@@BA@A@@@AAA@AA@@A@@@A@@A@@A@AA@@A@@AA@@A@@@@@A@@@A@@B@@A@@@AB@@A@@B@@A@AB@@@@A@@@@@@@AA@@AA@@@AA@@@@A@@AA@@@@@A@@@A@@@A@A@@BA@@@@@A@@@A@@@AB@@A@A@A@CBA@@@@@A@@A@C@G@A@CAA@GGA@A@AA@BC@ABAB@BC@C@A@CAACA@ACAC@E@A@AE@CBGDGBCDAFAFCDA@C@CACACA@CFS@EFIDKDC@A@@AA@C@@BE@A@E@AAA@AA@A@@@@@A@AAAACA@@@@@AA@AG@@@@@CAA@A@AA@AEAA@@@BA@@@@@AB@@@@A@@BA@A@@@@@A@@@@@ABA@A@A@@@@@AB@@A@@@A@@B@@A@@@A@@@@@ABA@@AA@@@@C@A@@@@AA@@A@A@EAECAA@@@@@@@AA@@A@@A@@A@@A@@AA@@@C@@AA@@@A@@AA@@@A@@@A@A@@@A@@@AA@C@AAAA@@@ABAB@B@BADAB@@@@A@@@ABA@@@A@A@@@@@A@@@A@AA@@A@@A@@@@@AA@@@@A@@A@@A@ABA@@@A@@@A@@BA@@@A@@@@@A@A@@@A@@@A@@AA@@@AA@AA@@A@@AA@A@EACCCACCCA@A@A@A@A@A@@@A@ACC@@CAA@C@E@IBA@AA@@@@AA@A@@@AA@@A@@AA@@@A@@@@AAAA@@A@@@@@AAA@A@CAAAA@@@AAA@A@A@AAA@C@AAA@A@@@AA@@A@A@@AA@A@AA@@A@AACA@@CA@@AA@@A@@@@ABC@@AA@@@A@@@@@@@A@@A@A@E@@@AA@@@@@@AA@@@@AA@@BA@@@AB@@@BAB@B@@@B@@AB@D@@@@@B@@@BA@@@@BA@@@AD@D@DBBA@AA@AC@AAACAA@@A@@@A@ABABA@@@AB@@A@@B@@A@@BA@ABADABAB@BAAAACCC@@@A@@@A@A@A@@@A@A@@@A@A@@@A@A@@@@@ABA@A@@@A@@@AA@@@@A@AA@@@A@@@A@A@AA@@AAAA@@A@A@CBCB@@AA@A@@@A@@DA@A@A@AACA@AAA@@@A@@A@@@AA@@A@@@AAA@@@@@A@A@@@A@@@AA@@AAA@@@@@A@@AA@@AA@AA@@@@AA@@@@A@@A@@@@AA@@@@AA@@@@@A@@A@@A@@@AA@@A@@AA@@@A@@@@@AA@@@@A@@@AA@@@@@@@AA@@@@@@A@@A@@@@A@@A@@@@@@@@B@B@@@B@@@@@B@@B@@B@B@B@@AB@@@BA@@BA@@B@@A@ABAB@@ABABA@ABABA@@BA@A@@@A@A@@@A@A@@@AB@@A@@BA@@BA@@@@BA@@B@@ABAB@@AB@@EBA@C@A@A@CAA@@@AB@B@BB@D@BBD@BD@@@B@@@D@@@B@@@B@D@BBB@@@B@@@B@@@BA@@B@@A@@BA@@@CB@@AB@@@BA@@B@@ABA@@BA@@@AB@@A@@BA@@@@BA@@B@@@B@B@@@D@@AB@B@@@B@@AB@@@B@@AB@@A@@B@@@@A@A@A@A@@@A@ABA@@@A@A@A@@BA@A@@@@BA@ABA@KBMDKDGBEFAHBHFFLJRDNDLLFDFNFRBR@P@HDHFDNJJFBFBHBLFNBJBLALGRGLIHIHA@@BBF@@A@CFAB@@@@@B@@@BB@@@@@B@@B@@BB@@@B@D@B@@@DB@@@@BB@B@@@D@B@@AB@B@DAB@B@B@BAB@B@BB@@B@@@@@BB@B@@AB@@@BA@@B@@AB@@@@ABAB@@ABAB@@AB@BHFJBLBHCDCDEDCDM@E@IDCJAHBLFHJBDDNFHHDHBF@JGHAHAHDFDJJNFHDNBVCPAL@TCTAP@JF@LDJBJFHHLDJFJBJ@JAHKLEHILGFIFLBHFJDJDFDJDHFHNJLHLHHFFJHLLFFDDDBFHHLJHNHLBJDFADCFEDEF@F@FBDBBD@F@@BBB@@BBBB@@@@B@@BB@@@@@B@@@BB@@@B@@@@A@@BAB@@AB@@AB@@@D@@AB@B@B@B@@@B@@@B@@@B@B@@@@@B@@A@@B@@A@@@A@A@@@@@A@@BA@@@@@@B@@@B@@@B@@@B@@@B@@A@@B@@ABA@A@A@@A@@@AA@@@@A@@@AA@@@@@@AA@@@C@AAA@CAACA@@AC@AA@DABAFCBAB@BA@A@@@ABA@A@@@A@@@AB@@A@@@A@A@@@A@A@A@@AA@@@A@A@@AA@@@A@A@AAA@A@A@A@@BA@A@@@A@A@@@AB@@A@A@@@CAA@@@@@AAA@@@A@@AA@@@@@AAA@@@@@AA@@@A@"],"encodeOffsets":[[111774,28109]]}},{"type":"Feature","id":"520623","properties":{"name":"石阡县","cp":[108.229854,27.519386],"childNum":2},"geometry":{"type":"MultiPolygon","coordinates":[["@@GACBGDIFKNKNEPEJGHGDIAMAKAKBIBOFODGBEAGCKEICKAK@GBI@SESASAUAAACOCE@CE@EBGDIFEFKLKB@@AA@@A@@@A@@@@@AACAAAC@CAAAA@A@ABCBAB@@@BFDBD@B@@@B@DA@E@I@C@AB@B@BFBH@HFHP@J@FAHCBEDC@A@@@A@A@@@A@@@A@AA@@A@A@@AA@@@A@@@AA@@A@@@@@AA@@@@A@@AA@@@@AA@@@@@A@@@A@@@@@AA@@@@A@@@@AA@@@@@AA@@@AA@@@@AA@AA@@AA@@@@AA@@@@@@AA@@A@@A@@A@@AA@@@@AA@@A@@AA@@AA@@@@@@BA@@@@E@@B@@@@@@@@@@@BA@A@@@A@A@@@A@@@@A@@@@@AE@A@@@@B@@@@AB@@@@@@@B@@A@@@@B@@@@@BA@@@@@@B@@A@@B@@A@@@@BA@@@@BA@@@@@AB@@@@A@@@@@@@AB@@@@A@@@@@EDoEa]aAOCS@UHGFALDP@@BDABABC@GAE@GDEBI@I@EDAF@D@@@@AB@@@@@B@@@@@B@@@@@@@B@@B@@@@@BB@@@@@@B@@B@@@@BB@@@B@@@@@B@@BB@@@B@@@B@@@@@B@@B@@@@B@@@@@B@@@@@@@B@@@@@BCDCBC@CBCBA@CBEBABABAD@BBD@BBBDBDBD@DBB@D@J@D@F@B@@@B@@@BA@@B@@@@@B@@@BA@@B@@@@@B@B@@@DA@@B@@@BB@@@@@BB@@@FDETAVDTA\\MLO@S@QHOLCLDRLPRJRJF@LAVHDBB@J@@Dl¨JNVLH@F@BAPABAF@BAH@P@P@RJRZDLBB@DBZ@BAD@D@B@DAD@DAB@DAB@D@H@D@\\BJP@VCNAHCLKNMJMHOJKHGHIHINQFEFIJIFGBGBIBKBGFIDEHDPBJJFBD@FC@GFGDCFBLRn¢PFLbTPh@@XNHDJHHLFNBLDLFHJDL@TBPARKHGBGAO@MDMAOCICICIBMDGJCPFLJPBJBFEFGLEJ@JBFNBJDL@F@FADIHGFKHEF@BNVHvTBTHJ@FEHGBE@GASBOHOHGJCLCHEHEHCPCR@JDJJJNRLXNbaD@CK@G@ILIJILKHIFGNKPGFCJELEHIFGJGJ@P@T@FBn\\dFLND@H@H@DBHDHDHDH@HAHGFCJAF@JBDDRHLFDBHDFEEKGKGKGMAEAG@KBMHIFEJGFGDECGKGIEGICKGI@GFIFIHKHKDIDCBGBC@EAEEGKMEAECEEEGKKEMGQEMGKAG@GAGCIEEG@EBE@CFKBE@CGCEAG@ECCCAG@CBCBEDCDEDCDEDKBI@IBGFIDIBIAEAIGIKEEEGIGIEKCICIEKGKCIGMEIGIGKKEEIKGEIGGCCAEBE@IDK@GAGCGCIAM@Q@MFKFKJOHQJIBM@OCMGIGIOCIGOGKCUEWISEKEEGAC@"],["@@@@BA@@@@B@@A@@B@@A@@BA@@B@@@@@BA@@@@@@BAB@@@@@@AB@@@@AB@@A@@BABCBC@EACEAI@@@@@@@A@@@@@A@@A@@A@@@@@A@@B@@@@A@@@@@@@A@@@AB@@@@A@@@@@AB@@@@@@AB@@@@@BA@@@@B@@A@@@@B@@@@@@AB@@@B@@@@AB@@A@@B@@@@AB@@@@@@@BA@@@@BA@@B@@@BB@@@@@@BB@@@@@B@@@B@@B@B@@@@@@@BA@@@@@@BF@@@B@@@@AB@@@B@@@B@@@@BB@@@F@"]],"encodeOffsets":[[[110767,27944]],[[110510,27989]]]}},{"type":"Feature","id":"520624","properties":{"name":"思南县","cp":[108.255827,27.941331],"childNum":1},"geometry":{"type":"Polygon","coordinates":["@@FNN@PBNFHDHFBFAJCLCFCFAFAHHBPDNBPFLBLDHDL@LBFBD@FBD@J@F@H@DAHBFAJBF@D@JBDDDBDDDBDDDBDDHFHDFFFDDBHFDDDDFDFHBDBD@HBDFBD@D@BDFJJHBDHDHAL@J@FAHEDGBKHCJAHCB@HBL@FAL@BB@FELALBNAHBFDHDJBHDHHHJDJAJEJ@L@FA@C@GCK@EAI@GAKCM@EBIDIFAJBHBFAD@BACMCI@O@CFCFAFCD@FADAD@D@H@JADADAD@H@H@FDFDDDDDDBFDFDFBT@@@DA@A@@@@@A@@BA@A@A@CBC@@@A@A@A@AB@@A@@@A@@@AB@@A@@@C@@@@@A@@@A@@AA@@@@@A@@@@@AA@@A@A@AB@@ABA@@B@BCB@BABAB@@@@AB@@@@@B@@@B@@AB@B@B@@@B@@@B@@A@@@A@ABA@A@@@A@A@ABA@@@A@A@@BA@@@A@@@A@@BA@@@A@@@AB@@A@A@A@A@@A@A@CBAAA@@C@AAA@CAA@AF@FBDAB@BABC@@@A@@@AAA@EBAB@BBDBFBD@DB@BBBBDDBBABABA@A@AAAAAAAAAC@A@@ABABABABAB@B@FB@@CICIEMAIAKDGDGLENGLIFOFQBKAOAKAGAEDGFGHEHCHEBIAKCGCGAAGCGBIDKBK@MCMKUWMWEMEKCE@CHEFEJBJBJHLJFHFHHDFDJADA@A@E@G@G@EBCDAH@NADCBMBQHMJKFENAPFFDLJLFLDRDHEBC@KCMDQFMDIBIBI@G@@BC@@@A@@@@@A@@@ABA@AA@@A@@@A@@@AB@@A@@@A@@@A@@@AB@@@@A@@@A@@@A@@AA@@@A@A@AA@@A@@@A@@@AB@@@@C@EAA@C@E@EAEACD@B@D@B@DBF@D@DAB@AA@A@@@AA@@A@@AA@@@AAA@@@AAA@@AA@@@AA@@AA@@AA@@AAA@@AA@@A@@AAA@@AAA@ACA@@AA@@@@AA@@@AA@@AA@@A@@AA@@A@@AA@@@@IIOKKGIIICM@K@WBcIW@C@abWMQKIMIIICQ@ODGDGFGFKDIDGHGPAPBT@HAFGHEFI@SGSAGuMU@AFELGHEJGBC@E@ECKAIEMIAI@KFEHEFIAOAKIOEIDCHANDJDJDJBPCN@NBPAHGHQLOBSAK@ICEGCKAKEMGKIGGCWM@@OgaSEKOm¡KQEACDEH@HEDC@EAIIOAGCCFEJAHALAJAHEHIJEJEFMRGJGJGHILGPINMNKLGDMBUDO@BBTbFRJPNPTTDPERITETC\\@XHPPPLNFNCRKLOFOJKJMPGNITQNMVBNATANBVHDLTBPNNVDPAADAFEJCFCHCHCFAHAHDZ@ZHVLTNXDDFH@B"],"encodeOffsets":[[110524,28674]]}},{"type":"Feature","id":"520621","properties":{"name":"江口县","cp":[108.848427,27.691904],"childNum":1},"geometry":{"type":"Polygon","coordinates":["@@@CB@@@B@@AB@B@@@DA@@B@B@B@@@B@@AB@@@B@@ABAB@@@@AB@BA@A@@BA@@@A@C@@@A@A@A@@AA@A@A@@A@@A@@@AA@@C@@@A@@@AB@@A@@B@@A@AB@AA@A@A@@AA@@@AA@@@A@@@A@@AA@@@AAAAEAECCACCCCAAGCEC@@AA@@@@AAA@@@A@AA@@A@AAA@AA@AA@@A@A@@@A@A@@AAC@CAAA@A@CBABBBBB@ACAA@AA@A@A@ABA@@@@C@@@A@@A@A@AB@@A@A@A@@@A@@@A@@A@@A@A@A@@@@@@DAB@D@DADCBCDC@E@EACAAACACAC@EACBAAACCCECCE@@@@@A@@@@B@FA@@@@@@@@@@@AAAAAA@@A@@AACBABC@EBC@E@CBEAA@CCCAC@A@EDADC@C@A@A@@@ABABADABBBA@A@A@A@@CAA@AAC@A@CAACAC@AB@D@DBD@D@DA@E@A@AAACA@A@ABA@AAAAAAAB@@A@AACAEECCACB@B@DAAA@AAAAC@A@I@CACCCCECEAEAEBCBADCBC@EDGBCBC@@BA@A@@@BB@B@@@D@@@@@@AB@@@@A@@@A@@@@@@@@B@@@@@@@@@B@@A@@B@@@B@@@@@@@@@BA@@@A@@@@@@@@A@@@@A@@@@@@@@@@@A@@B@@@@AB@B@B@B@@@@@@A@G@@@@@@B@BAB@D@@CAAAAA@AAA@ABA@AB@A@CBC@C@A@@@AB@H@HAFCDA@@BA@@BA@A@@@A@C@C@@@A@@AA@@@@@A@@@@AA@@@@@A@@@@A@@@EAA@C@A@@CAABADBFBB@@A@AAAA@A@CAAAAACAEAEA@@AAA@A@AA@AA@@AA@@@AA@A@@@C@A@C@A@@ACCAEACAAAAECS@KFIHGLAZ@V@TDPEJCBCBA@IEGOE[KMGMGAKEKE[KWGMGEICM@GHOROXOLKDIBGCMGIMAOBK@ECMEGECOKIGKKAGDKFIJIHIEEGCE@G@@@@@A@@BA@@@A@@@A@@@A@@BA@@@A@@@A@A@@@AB@@@B@@BB@@BB@@@@@BB@@B@@@@@B@B@B@@@@AB@@ABA@@@A@CB@@CA@BAAA@@@A@A@@AAAA@@@AAA@@@AA@@@@AA@@A@@@AA@@@@A@BA@@@A@@@ABA@@@@@ABA@@@ABA@AB@@ABAB@B@@@B@BA@@B@@A@A@@@A@@@@@A@@BA@@@@BAB@@AB@@A@@@@@AA@@A@@@@A@@A@@A@A@@@A@A@AB@@A@@BA@@BA@@@AB@@@@ABA@AB@@A@AB@@A@@@A@A@A@@@A@@AA@A@@@A@@@@@A@@@@@A@A@@B@@A@@@ABAB@@A@@@@BA@A@@@A@A@@@@@A@@@A@@AA@@@A@AA@@@@AAA@A@@@A@A@A@@@A@A@A@@@C@@@A@@@A@@@A@ABAB@@A@@BA@@@AAA@AAA@@AA@@@E@A@@@E@@@ABAFAB@@A@AACC@@@ABCBA@G@ABC@@@G@A@C@AA@C@I@IBABC@@@BB@@@@@B@B@BBB@B@@@B@@@@AD@@@@AB@B@@@B@B@@IDIHIJIJIJIHGHEHIDK@I@ICGEECGEKEG@I@MDG@I@IDKFKHKHGBIBMEKEEIIICKCKCMEKCGKIICGBEHGDIDG@MDLNFHBF@FADAHCDCJGLGLEJEJ@HHJDLHJJFLHDHCFEHIHEFGJAN@LBHBFHNHLHLFLEFJFHRHNFJRPNFNLJJFFDH@FBHALEREJCLENGLIPKRKJMFIBKAICGAI@KBGFEDKBEAIAICQAC@EF@DBJ@FAHAL@L@N@VDLHFRHNBX@J@LDJBDJBDBL@JBNBNDNBN@L@JBPFRJNHFJDLAJAFCDEDENAJ@J@HBLDLFJJPHRHLDLDLDLBF@F@H@HBJBHDJDHFJDLFJLJJLJLFLHLDBFZ@PALCJIFIFEHALAJFDDDDLFNAJGHIFIFMBCHEJALCDG@GGG@KHINCRDFBLFPBPABA@@B@@@B@@@B@@@B@@A@@@AB@@CBA@@@@BA@@@@FBDFFJHHJDX@NADEBABI@@BADEB@@A@C@EAA@AEE@A@A@ABC@@B@BAB@BBBBDDDDBBB@D@J@@@B@B@B@@@BB@@BA@@B@@@B@B@@@BAB@B@@@BA@@@@B@BB@@@@B@B@BB@@B@B@@@BB@@@@B@B@@@B@B@@@B@B@B@@@B@D@B@B@@@F@D@B@NCL@HFFJIZ@HJDNHDDDADGAGCMHGHELAHBFDDDBB@BBBBB@@BBDDB@BB@BB@F@NANAPCHCLCDCDAACEIGIGICGGGKIMCOEEGCKCMAK@IBEHELBLDHBLFHHFJJJAJCH@FAHBDHDLBLAHABE"],"encodeOffsets":[[111714,28528]]}},{"type":"Feature","id":"520625","properties":{"name":"印江县","cp":[108.405517,27.997976],"childNum":1},"geometry":{"type":"Polygon","coordinates":["@@D@@@BBB@@@@@B@@@BB@@@@B@@@B@@@BBB@B@B@@@@@B@@BB@@@B@@BB@@@B@@@@@B@@B@@B@@@DDBB@@@@@B@@B@@BBBDH@F@LAJ@FCHBFDDD@BFDBJHDDFFDJDFFJHPFJHPJNHNDDLDJBFBD@FBDDFDDBDJBDDJDHBFBDDFBFDHDDBFBDDFDFDBDBDFDCDAHEDAFADAD@D@FLFTJRHRJLJNJNNT@B@@B@B@@BD@@@BAB@B@B@B@B@B@@AB@@AB@@@B@@BBB@@B@@BBB@BBD@BBB@BB@@BBD@@BB@BBB@BBB@B@@BBBB@@@BB@@B@DDD@B@@BB@B@B@BBB@B@BBB@B@B@@@BBB@B@B@B@@@B@B@BBB@B@@@D@@@BBB@D@BBB@@A@@BBBBBDDB@BAB@@CB@@A@@BBB@B@D@@ADBB@@B@B@B@@@B@@BB@@@B@@@B@@BB@@@@B@@@DBF@DA@CBA@CBE@CBEBAFCBABC@@@AD@@@B@BBB@B@B@B@BBFA@BBBB@B@B@B@@@B@@@@A@@@@BC@C@C@ABA@AB@BABA@C@C@GBAB@B@BBBD@DBFBDBBFDDBD@BB@C@CBC@ABAB@F@B@D@F@D@D@@A@@BA@@@A@A@@BA@A@@@EDGBCDEFAHAFBJBD@F@DBH@F@DADABCFCDCDCBCBGBEAG@GAE@CAG@GAG@EAGAC@CAG@GBEBCBGBGBC@EBEBGBC@EBE@EAGAK@E@GAG@A@E@GBEAEBCBEBCBEBCDEFCDEFCFCD@H@FDDBDD@FDDFBF@BEBE@@B@BA@A@A@A@A@A@@@A@C@CBA@AB@@AB@DAB@BAB@B@B@@@BBDAB@HDLR@@@FDDDBF@HCHAF@DFDDBBFADCDEHIJCHBFDHLD@@H@H@DAF@FBDDHBDBFAHAHADCDAFBDFAFAFCFAFCDAFAF@DBDBFADBF@FADCDC@ECAE@G@E@CACACC@CBC@CBC@GBC@CBCACAEACACECAE@E@G@G@C@GACAAEEECCAGCGAEAE@G@EACCECCCAEBG@E@CAECCAECCAE@C@EBEDEDADCFADEBEAGAEACCEBG@G@EBI@C@CBIBE@EBEEI@KBADEAO@OAKAI@ECGAGKGAEKCKGKEKIIIIKKEICGEICGCIAGAG@E@E@KAKCKCKCQGOGIIKEKCGAI@I@MBCFCFEDIBKBICGEIMEQAO@I@KAMCMAMAM@IAKACCIIAKCI@W@MAQGGECK@U@M@KBKBG@EAI@CFED@RBJDJBFBLAFCHELAJ@HBJDLBJANELILQJOHKFMDKFIFQBKAG@ECGEEIIMKMEQOEIGMGQIEGCCAKEQGCCIAE@IBEDGHGBG@GCGCGCCAG@G@C@KMcEm[EAS@O@I@IHEHGJKFIFEDOHMLEHGJKLIJKJ@J@HDLX@dJXAL@N@JDJJLHPLJJ@@@@BB@@@BB@@BB@@@BB@@BB@@B@@B@@B@@BB@BDB@BB@@BB@BB@@@BB@@BB@BB@@BB@@BB@@B@@BB@@BB@B@@BB@B@@BB@@@BB@@B@@@BBBA@CBC@E@CAA@C@A@C@BDBF@F@F@DBB@F@D@@A@@B@@@B@@@BB@@B@B@B@@BB@@@B@@@B@@@B@@A@@B@@@B@@@B@@@BA@@B@@@B@@@BB@@BAB@B@@@B@@@@@B@@AD@@@HAJAJCJENCRDN@LADGFQCKCKEKIECOEMBEFILGNARANCDMBG@CBAD@F@H@H@F@BCBIBECGCEGEGKIIGIAIAEFGF@DDFFLFNNXVXNLNDL@LAJCHAHDBBDHDHBLAJGFGDGFEHCHBFBHBLBPALEREPKJMHKFCHCHBLBJFNDJDJ@@EAA@A@ABABABAB@BB@D@BBBBBBBB@B@BABABABCAACAA@ACAC@EACAAAA@AB@FBB@B@@@B@@ADABA@CBEAE@@BBB@DBB@B@DB@BBDAB@B@@@@B@B@B@BA@@B@@@B@@AB@@@B@@@B@@AB@@@B@B@@AB@B@B@B@@@BAB@B@B@@@BA@@@A@@@A@A@A@@BA@@@A@@@@@A@@B@@A@ABABA@ADA@@@AB@BA@@B@B@BB@@B@@@@@B@@@@BB@@@B@@@B@@"],"encodeOffsets":[[110905,28733]]}},{"type":"Feature","id":"520626","properties":{"name":"德江县","cp":[108.117317,28.26094],"childNum":1},"geometry":{"type":"Polygon","coordinates":["@@@@HAD@BABA@ABA@CB@DAB@DBBDBBB@B@@DBBBBFADAD@DBDBDBDDDDDDDDDDBBB@BAB@B@@B@D@B@D@B@BBBBBB@B@BAB@BA@@@@BA@@DFBRBPBRBV@PAPEL@HBNDJDL@LARCXA~JhPX|@XELFEFCDEPDDNCLDJ@FAXEPAFBJDJDHALKZSF@FBBJFJ@JCHQJMHUBSVCDFHLRCRDPPPJ@JGHCJ@LBDBB@BBDBHB@ADGAGACGEE@A@E@M@OAEACCBKB@FDBDJBH@LCFADABI@GDCFCDCFEDGD@F@DA@ACCKCKAECEGAIDCD@FBH@FMFGHIHEHAHBDHDHFHFJHLHRHNFNHLDLBLEFCFGDGFGBEBAFHHHNDHBJBH@JCJEFEJGJ@LDJFHJFLFHFDF@L@JCHKLGJKFGBIFEFCHDFDDFHJFCFEJEHGJAJ@HHHLFFFB@@@BBBDFFBD@@B@BBBBBBB@@@BBB@BBB@DB@@D@@BB@B@@BB@FBDBB@FBB@BB@F@@BB@D@@B@@@B@B@@ABA@@BA@AB@@AB@@AB@@@B@B@@@B@B@DB@@B@BB@@D@@@BBB@@BB@B@B@BBB@@@B@@BB@B@@BB@@@B@B@@BB@DB@BB@BB@@BBB@BB@@B@@B@@BB@@@@B@AA@A@@@A@@AA@@@@@A@@@AAA@@AA@@@AA@AA@AAA@@AA@AA@@@@AA@@AAA@@AA@@AA@@@A@A@A@@A@@A@@@AAA@@@A@@AA@@B@@@BAB@B@B@B@B@B@B@B@DBD@B@@AHADAHEFCBCDEFGBABCBEBCDGBCBEBEBCDCHEDCH@F@D@DBD@F@FBDCDA@CCCGCCCAE@EBEBEBGDEDEBEBC@E@EBC@C@CDEDEBCDCDCBCBCBEDE@CGIGQEMOWCGGOCEB@RGFEDG@IBCNBPBBC@KAIAE@CAI@EAIBCDGFAD@DAFCDADEDEBABC@C@EAE@EBCDCH@FFBHBJFBHAHCF@HDLDNBNDJ@J@JBF@BACAEECEBCNIPIPGNELGLGHCJGDCBCBE@GACAIAKEAE@IAE@M@E@GAE@E@CEFEBK@IAC@GDGHGJGDEBGBKBIJGJELEFCBA@ADABAF@D@HBF@F@HAF@D@F@H@HBDBF@F@DBF@FADAD@HCDADABABCBEBEDEDEDCDCFCFABADAFAFCDECECACACECEACAECCCGAECEACAECGCIACCICAECCCEAC@EAIAKCCCGMIMGOEIGOEICECIEECCIGCAAEC@CCAEDG@EBI@K@ECGAA@AA@@@@A@@@@AACC@@A@@@@AA@@@@@A@@@A@@AA@@@A@@AA@@@@@A@A@A@AA@@A@@@A@@@@@AA@@A@@@@@A@AA@@C@@@@D@@@BA@@B@@@B@@@BA@@B@B@B@B@@AD@D@B@BAB@@@B@@@@@BCB@@S@EAECECCACCCCECECG@G@C@CBCBIBG@C@C@CBEBC@EDEBED@D@PDJDNABC@EBGAIAEBCJAJ@FDNBL@HBJ@FDL@H@DEBK@I@IFIBICGGCGAGCICGAEBGAMBKFK@EAAK@EBK@GAA@GDIBGDALCHGFEBI@K@GBGCACIGEIACC@C@EAAC@GACACEGECCCCCGECAECEEGCGECCCACCCACCCACCIAC@E@IAEBGACBG@E@I@C@EAC@EAKAK@GCKCKAOEMAOCGABGBEDEDEDKBIAEGEGCMEOAM@EMIPGDIFCDEFCHCHKJGJGJEFINADCNADABCBA@AA@@@A@C@@AE@AAAEAA@A@@B@B@DAB@@A@A@@ECA@ABC@AAA@AEA@A@ABA@AAAECA@@G@AA@GD@@C@AAEAICAACAAA@C@@E@AAAB@@CB@B@D@BABABABAD@B@@BBDF@DADABIBC@CAC@ECA@AAA@C@AB@BAD@DBD@DBH@J@BABADC@ABC@C@CAC@CAGCC@A@A@@BAFGJAAA@CCA@EBBHDDBBB@DHBB@DCF@B@D@DDDDFBF@DBFBFBDDDBF@BBABA@@BBBJ@D@D@D@B@BBD@B@BBH@BBB@B@D@D@BBFDD@BABAD@F@F@D@DBFBH@D@D@D@B@DABCBABBBB@"],"encodeOffsets":[[110391,28860]]}},{"type":"Feature","id":"520627","properties":{"name":"沿河县","cp":[108.495746,28.560487],"childNum":1},"geometry":{"type":"Polygon","coordinates":["@@@@BA@A@A@A@AB@@A@A@A@A@ABA@A@A@A@@@ABA@@@ABA@@@A@A@@BA@A@A@A@ABC@A@A@C@A@ABC@C@@@ABC@ABCBCFAFAF@FAFCFABADCDCDABCBCBC@E@E@E@E@A@C@G@E@I@EDE@ADIBADEBA@AACAGAIBI@EAEACAAEECEACAGBIBEFKFIBE@EAE@G@E@EAC@A@@BA@@@@@AB@@@B@@@@AB@B@B@B@B@BA@@@@B@@AB@@@BA@@@@B@@@B@@@B@@@BAB@B@@@B@DA@@B@@@FA@@B@B@B@@A@@B@@@B@BA@@@@BABAB@@CBABC@EBE@E@GACAIAC@EACAAA@C@@AABCACAAC@@AA@@@A@@AA@@@A@AAA@@@@@@@AAAA@@A@@AA@@A@A@@AA@@A@@AA@@@@@AA@@@@A@@A@@AEC@@CA@@CCAA@CAC@A@AA@@@AA@@A@AA@@@@A@@@AAA@AA@@@A@@@C@@@A@A@A@@AA@A@@@A@AB@AA@@@A@A@A@@BA@A@A@@@A@@@C@@@A@A@AB@@C@@@AAA@A@AAA@CAA@A@A@AAA@A@AAA@AAA@ACE@AAA@AAAAA@AA@@AAA@AA@AA@AAA@@B@@A@A@@@A@@@@B@B@@A@@B@BA@@B@B@D@B@DAD@FDBBD@BADAFCFEFCFAFAJEJEDCHEFCFAHAJALCHAJAFAHCLEFCHCJCJCH@HBDBDBF@FAJGFCDAF@F@F@HDJBF@BAFADABAB@@@B@B@BBDBD@@@BB@BA@AB@D@B@B@BD@BBF@DBDBHBDBBB@BBB@B@B@@BB@@B@@@B@D@B@B@B@@BB@@BB@BB@@BBBBB@BB@@B@B@@AB@B@B@@AB@@ABAB@@@BAB@@@@@B@B@D@B@B@BBB@B@B@B@B@@@B@B@@BBB@B@BBB@B@FBB@BBB@B@@B@BB@@B@B@B@BAB@B@DABABABA@@BABA@ADABABABA@AB@BA@A@A@AAA@AA@@A@A@A@@@ABAB@BBB@B@DBD@B@BAB@B@BA@ABA@@BCBAB@@AB@B@@@D@B@B@B@BB@@BBD@BBBBB@BBDBBBB@B@BBB@B@D@B@BAB@BAB@B@BA@AB@@ABA@A@A@A@C@AA@@A@A@A@A@@@ABA@@@A@@BA@@AA@AA@@@AA@AA@AA@AA@CAA@AA@AA@@AAAAAAA@@AAA@AAA@@AAAAAAAAA@AA@AA@AAAA@@AAAA@AA@AA@AA@AAA@AAAB@@A@A@A@A@ABA@A@C@A@C@ABA@C@E@A@EBC@E@C@A@A@CBAA@@ABA@@@ABA@A@A@CB@@A@ABAB@@AAA@AAC@@E@G@IAG@E@E@GAEAKEBA@@@A@@A@A@AA@@A@@A@@@AAABA@@BA@ABABA@A@@@E@A@C@EBE@ADABAB@AA@AAA@AA@@AAA@@AAA@@AAA@AB@@ABA@@@CBCDCBCBA@ADCBAFG@@@CBABA@A@AAA@A@A@AAA@@@A@A@A@AAABA@A@@B@@@@@BA@@B@BA@@B@B@BAB@BA@@BA@@BA@@@A@A@@@A@A@@@A@@BA@A@A@A@ABA@@@CBABA@ABAFCFAB@@C@EACAC@C@ABADA@A@GAE@EAE@AAAEAG@G@G@KAA@@AA@@A@@AA@AA@@A@AAAA@@AAA@A@@A@@A@AAA@AA@@A@AA@@A@A@@@A@A@@@AA@@C@AB@@A@@@A@A@A@@@KBABA@ABA@A@AA@CAAA@A@@BABEBO@E@@@CBCBA@@B@B@D@B@@@B@B@B@BAD@B@B@B@D@B@@@B@BAB@D@@AB@BA@@BA@@BABA@A@@BA@ABC@@BA@A@A@A@A@@@AB@@A@@AA@@@@@A@@A@@A@@@@A@@ABA@@@@@A@@@A@@AACA@AAAA@@A@@@AAA@@@A@A@A@@@A@A@@C@C@E@C@A@E@A@AB@BAD@D@DAAC@CAECAAACAE@CACAAA@A@AB@H@D@DABABA@@BAB@B@D@DAD@@@@@B@@A@@@A@A@A@A@AA@AEBAAA@A@A@A@AAA@@@C@@B@@ADABEDABAF@DAF@DAB@DCBE@CA@@A@@@@@AA@@@A@@@A@@AA@@@A@@@A@A@AA@CA@BC@A@A@AA@@@BA@@DA@ABA@CCAAAA@AB@@@AA@A@CAA@A@@@C@@@AAA@A@A@A@@@A@A@AAA@A@@@A@AAA@A@AAA@A@A@AAA@@@ACC@C@AA@@A@@AAAA@@@AAA@AAA@AAA@@AC@AA@@AAA@AAC@AAA@AA@@@AA@AA@@@A@@BA@@BA@A@A@A@A@A@AB@@C@@AA@A@@@@AMSIMIMIKGQIQESEKC@C@CBEBCBGFCBCDCFEDEBCBABEBEDCDCDCFCFAFAFADABCBCBGDC@CBEBE@CAE@E@CAGAG@E@C@E@GBE@E@GAC@E@ABCB@BABEDKFIFIHAJALAHCFIHGHCH@HBD@JALEFDFF@F@HBF@N@F@JBF@FBBLBJBD@HAFADCDIHGDKHKHMFOHOJMJADDFFFDBABE@IAI@I@MCMAKCGCE@GDGBEAAIAGEEG@CDAD@FBF@F@DADABCFCFCBEDCBC@EBCHADBJ@FBJ@DBFBJ@LADOAMAAD@JCHEFQHA@DFHPDHPXFNHRHJ@DCFAFADADCDCDADCFCF@D@DAD@F@FADAFCFCFAHAFAF@FBFDDHDDD@DCBCDEAE@C@CAC@E@G@CDGFCDADAFAFADCHADAFADABEHCFADEDGFCBGB@BA@C@CAA@A@A@A@A@A@A@A@AB@@A@@@BB@@@B@@BB@B@@@BB@@@@B@B@B@@BB@@BB@@BB@BB@@B@@B@@BBB@@BB@BBBB@@B@@BB@@BB@B@@@B@@@@BB@@@B@@@BBBA@BDB@@BB@@BB@@BB@@B@B@BA@@BAB@@@BA@@BABCB@B@@AB@@@B@@BB@@BB@BB@@BBBB@BBBBBBBBB@BBB@BBBBB@FDDBBBBBBBH@D@FDHDLFNLDFDHBJ@FDJFLDFBJ@N@F@NARBJDDFBD@F@DBDHDHFJHHFDFFDH@N@F@@A@@B@@@@AB@B@@A@@B@HBB@B@D@DAB@B@@@BA@@B@@@B@@@B@B@@@@BB@@@FAD@D@B@@AB@@@BAB@@ACA@A@@AA@@@AAAAAA@@@AA@@@@@@A@@@@AA@@@@@@@A@@A@@A@@@A@@@@A@@A@@@@@A@@A@@A@@AA@BA@CAAACA@BABCJ@BABA@ABA@A@@B@B@DAB@B@BAB@BC@@BABABABA@@BABAB@BA@@DBB@B@B@DAB@@A@@@A@A@ABEFAFCFGHEDIDKFIDGJGHCH@NDNDVFRBRDjCLADEHEBIFMFIHGHCF@HBHBFAHCHEFEFIHEJGJA@IHGH@J@D@H@JAPANCTAN@HBBB@DBBD@B@@@BAD@BB@@B@B@D@@ADADAB@B@BAD@@ABCDCD@DB@BAFAB@TENAHA@@BABA@AD@FBD@FADADABCB@NCHCDADCBABC@@BGBIBABAD@HBT@FBB@BBBBBBTJJFDBB@J@DA@BB@@D@BJBFBFBB@D@B@BA@ABCBC@AHMBABAB@B@F@B@D@D@BADCB@JCHCBABABA@CCEAEA@A@CA@@@@@GBC@A@AB@D@B@BABAB@B@D@B@DBJ@B@BBBB@D@@BDFDDBFDBBDBBHDJ@D@J@N@BBB@BDHDDHJ@HADAFDFDDN@RCTGLCHGBC@A@AA@@C@AAA@A@@@AAA@@ACAGACAAAEAGAE@ABC@C@ABCBCBGBCBCBCBABA@@BC@ABCBC@CBC@A@AAA@C@A@C@C@A@A@A@A@A@@@@@A@AB@@ABA@A@@B@@A"],"encodeOffsets":[[110912,29694]]}},{"type":"Feature","id":"520628","properties":{"name":"松桃县","cp":[109.202627,28.165419],"childNum":1},"geometry":{"type":"Polygon","coordinates":["@@LHBHDH@FBJBL@PBPCFAB@LFJAF@FAFAJ@D@DAJ@F@HAHDFBDBFBHAFCFEBCDCBCFAF@F@DBFDDBFDDBF@D@FAHBFDDFDDDFBH@F@FBHBHDDBFDFFBBBD@H@D@H@H@FBFFDBDBDBFBDAD@DAD@HAD@DAD@DDDDBDBF@H@F@DB@FCDCDEBE@CAEBCACAE@EBCBEDEBEDEBEBACBEDCBCBGBGAEACCGAC@EBE@C@G@GC@GKECGAIDGJCFCDEBAACCCEE@GBGDE@CACC@E@@KQGCA@CBAA@@A@A@A@ABA@CBA@@BA@@BAB@D@D@B@@@B@B@B@B@BABA@@@AFAFE@EACC@ECCCAECG@C@EDEDCFEDCFADAFADAFADBFAF@H@F@BBH@H@FBLBH@FAF@FADAHAF@FADAHAHADAF@HBH@DBDBH@FBH@HBH@DBF@HBHAFAHADCDCDEDADCBCBE@G@CAE@C@IAEAGBEBCFADCH@F@@@BAB@@@B@B@@AB@@@B@@@B@B@@@B@B@B@@BB@B@@@BB@BB@BDBBB@@@B@@@B@@@@AB@BB@@@@@@BB@@@@B@@@@BB@@B@B@@@B@B@B@B@B@B@B@BBB@B@BBB@B@B@B@BBB@B@BBBB@@BBBBDBB@BBB@B@BA@@BA@@B@BAB@B@DBB@BBB@D@FBB@D@D@B@D@BBB@B@B@B@@BBBBB@BBBB@@BBBBBB@@BB@@BBB@B@B@B@B@@@B@BABAB@BA@@BA@A@C@@ACAA@A@AAA@A@AAA@A@AAA@@BA@@BA@@B@B@B@B@@@F@B@B@BBB@B@BBD@B@BB@@B@BBDB@BBBDBB@@@B@D@B@B@B@BB@BB@@BBB@DBB@@@@BB@@B@@BBB@B@@@BAB@B@B@B@B@BB@@BB@@BBBBBBD@B@DB@@B@BB@@B@@B@@@@@BBBBB@@BB@B@B@B@B@B@BABA@@BA@@@A@@BA@@@@@AD@B@B@B@@@BAB@B@DAD@BABA@ABAB@@AB@BAB@@@@@@E@A@A@A@A@ABABA@@BA@@BA@@@@@A@A@@@@B@@@B@@AB@@@BA@@J@BAB@BA@ABA@ABA@ABA@@@ABA@ABA@A@ABA@ABA@ABA@AB@@ABA@AB@@ABA@ABA@@B@B@@@B@BB@BD@B@BBB@B@D@@BB@@BBD@BBB@@BB@BBBBBBB@BBBDDBD@FAJC@@F@FDFBF@FBDBDDDBD@FAF@D@B@DB@@BB@BBD@BBB@DBB@BBD@BBB@BBB@B@@BB@BB@BABAB@@@BA@@BA@A@@B@BAB@@AB@BAB@@AB@BA@A@@@A@@@A@@@A@@@A@A@@BA@A@A@A@ABA@A@A@@@ABA@A@@BA@ABA@@BA@@BA@@B@DA@@B@B@@AB@B@B@@@BAB@F@B@@ABCFADC@C@C@CA@A@@AA@@AA@@A@@@A@@BA@@BAB@BAB@@AB@B@B@BADAB@BAB@BA@@B@BAB@BAB@BA@@BAB@B@BA@@B@B@B@BA@@@ABA@@@ABABA@@@AB@@A@A@@BA@@@A@AB@DBB@@A@@@@AA@@A@@AA@@AAA@@@A@@@A@@@@AA@@A@AACCAA@A@AAA@@AA@CAA@AB@AA@@@@@@A@@A@@@@AA@@@A@@@@AA@@@@@AA@@@@A@@@@AA@@@@@AA@@@@@@AA@@@@A@AA@@@@A@@@@@@@A@@@A@@@AA@@@@A@@@AA@@A@@@A@@@A@@DA@AB@BAB@B@@AD@BAB@B@BAB@@@B@B@DAB@B@B@D@BA@@BA@@@A@A@@@A@A@A@@@AA@@AAAA@@AA@@AAA@AA@@@@A@@@AA@@A@A@A@@@ABA@A@A@A@@@A@@BA@A@A@@AA@ABAAA@A@A@A@AAC@A@AAA@@@A@@AAA@@@AAA@@@AA@@ACAA@@AA@@@AA@@AA@@AA@@@AA@A@AA@@A@@AA@@@AA@@A@A@@@ABAB@BAB@B@BA@@B@@AB@@AB@@A@AAA@A@AAAAAACAA@@AA@AA@CA@@A@AAA@AAA@AAA@@@A@CAA@A@AAA@@AA@@@AA@@AAA@AAA@AAEG@@CA@A@@ACAAGACAAAAC@CAC@C@@@A@A@@BA@A@@@A@A@ABA@A@ABA@A@AAA@AB@@ABA@@BA@AB@@AB@B@@AB@B@@@BA@@B@@ABA@A@A@C@C@E@C@C@C@CBAAA@ABC@A@A@AB@@AB@@@B@@@B@B@B@@@B@BBB@@BB@B@BAB@B@BAB@@AB@@A@@B@@ABA@@BA@ABA@A@ABC@A@A@@@A@A@AAA@A@@@A@AAA@A@A@A@A@C@A@C@ABA@@@ABABA@@BA@@B@B@BB@@BD@@@B@@BB@B@BB@BDBB@DBB@@@BBB@B@@@B@BBD@B@B@@@BBB@@BBBB@@BBBBD@B@BBD@BBD@@BB@BBD@BBB@B@B@BBB@B@B@@BBB@BB@@B@DB@@B@B@BBB@B@B@@BB@B@BBB@BBB@@BBB@@@B@B@B@B@B@BBB@BA@BB@B@B@BBB@@@B@BBBA@ABA@ABA@AAEBA@AACBA@A@A@AB@@ABA@C@@BA@AB@BABABA@@BA@AB@@A@A@A@A@A@A@ABA@AB@@A@@BABABAB@@AB@B@BA@@@@BA@@BAB@BAB@@@B@BAB@@@B@B@B@B@B@BBB@BBBBB@@BBBB@BBB@BBB@B@DBDBB@BBD@B@BBBBB@B@BB@@@@B@BBB@B@DBDBDB@BDB@@BBB@B@B@@@B@B@B@BAB@DAB@B@BAB@D@B@BAB@B@B@BB@@BBB@B@@@B@B@B@B@B@B@B@@AB@BABAB@BA@@BAB@@ABA@ABA@A@@@AAA@@AA@@A@@AA@@AAA@A@@@A@AAA@A@@@A@@@A@ABA@@@A@@BA@@BAB@BA@@B@B@BAB@B@B@DAB@B@B@BAB@@@BAB@B@BAB@B@B@BAD@@@BAB@B@@AB@B@@AB@BA@@BAB@@AB@B@@AB@B@BA@@B@B@B@BA@BB@BAB@BAB@BA@@B@BA@A@@BA@@@AB@@ABA@AB@@A@@DEBA@@B@B@B@B@@@BBB@B@B@B@B@B@B@D@B@B@BBB@B@BBBBBB@@@BB@BB@DBB@BBB@BBD@BBB@B@@@BBD@@@B@D@B@BAB@B@@@BAB@BAB@B@@@B@B@B@DBB@@BB@BB@@B@@BBBB@BB@BDBBBBBD@BBB@@@B@BB@BB@B@@@BA@@B@BB@@BB@@@B@BAB@@AB@@ABAB@DA@@BBB@@@B@BB@@B@@ABA@A@AB@@AB@@A@A@A@@@A@A@@@A@A@ABAB@@AB@D@B@B@BAB@BA@@B@BAB@B@D@B@B@B@@BBAB@B@BABA@@BABA@@BABA@@BA@ADA@@BA@@BAB@B@@ABAB@BAB@@AB@B@BA@@B@B@B@@@BB@@@B@@BB@B@@BB@B@@@B@B@@@BBB@B@B@@BB@@B@B@@@D@@@B@B@B@BBB@B@@B@@@BBB@@@BBB@@@B@B@B@B@B@BA@@B@B@@@DAB@B@@AB@B@BAB@@AB@BABAB@@A@@BAB@@AB@@A@@B@@ABA@ABAB@BABAB@@@B@@@B@BBB@B@B@@@B@B@BA@@DA@@B@@ABAB@@@B@@@B@@A@@B@B@@BBB@@B@@BB@@@B@BBB@BB@BB@@@B@B@B@BB@D@D@B@B@@@DBB@BBB@BBB@@B@@BD@BB@BBDB@@BB@@BBB@BBB@BBB@BBBBBBB@@BBB@BBB@B@BB@@BAB@@@BAB@@AB@BA@BBB@BBB@@BB@BBB@@BB@@BB@@BB@@BB@@BB@@B@BBDBB@B@BB@@BBB@@@BBB@BB@@BBB@@BB@B@BB@@BB@BB@BB@@BBBBB@@@B@@@B@B@@@B@B@@@B@@@BA@@B@BAB@@@B@BA@@B@@@B@B@@@BBB@@BBB@BB@BB@BBBB@@B@B@@BB@@@BB@@BBB@@B@@B@@B@B@BB@@BAB@@AB@BA@AB@@ABA@CBA@CD@@A@@BA@A@@@ABHDFFBD@DBDDFBDBD@BBDBD@B@@@F@@BB@@@BB@@B@@@B@B@@@@@B@@@BA@@B@B@D@B@@@B@@@B@@BB@@@@B@@@BB@@@@@B@@@B@B@@@BAB@@AB@@AB@@AB@@@BA@@B@B@@@B@@@BBB@B@@@BBB@@D@B@B@@AB@FA@@BAB@B@@@@@@@DH@BBD@H@@AHA@@B@@BB@@BBB@JAD@B@@@FHBFBDA@@@@BA@@BA@@BAB@B@@@BA@@B@BB@@BB@@B@@AB@@@@@@BB@@@@B@HB@@B@@@B@@@@BDB@@@B@@B@@D@B@@BB@@DD@@B@@B@@@@@B@B@B@B@B@B@B@B@B@@B@@@BB@@B@@@B@B@B@BB@@@@B@@@@@@BB@@D@@@@@BB@BBB@B@B@B@B@@@B@BBBB@@@BB@B@@BB@B@B@B@BA@@B@B@BAB@@@B@B@BAB@B@B@@ABA@ABAB@BAB@BBB@@@BB@BBBB@BBDBB@B@BBB@BBB@HDF@DDFBDBDBB@FDB@BBBB@@BBDBD@B@@A@A@A@C@A@AB@@ABA@@BAA@@AA@@@A@ABA@A@A@A@AAAAAA@A@C@AAA@CAA@@@A@A@AACACAC@AA@@A@AB@@A@@@A@A@@AA@@@@@AB@@@@@BB@@@@B@@@B@@@@@@A@@BA@@@A@@@@@@@@A@AAA@@@AA@AAA@@@A@AAA@AAC@A@@BA@A@AAA@A@A@@@AA@@@@A@@@ABC@@@@BAB@@A@@AA@@@@@AA@@A@@@A@CBA@A@A@@BC@A@@@AAA@A@@@AB@@@BA@@@A@C@A@A@A@A@A@@BABABA@@@A@A@@@A@@@A@@A@@@@A@@BA@@B@@@@A@@BA@@@@AA@AA@@A@A@@BA@@@ABA@@@ABA@@@A@AB@@ABA@@BAB@@@B@B@B@B@@@B@@@BABA@@@A@@@A@@A@@@A@@A@@A@B@@A@@BAB@B@@@B@@@B@D@B@B@B@B@BABA@A@A@A@AAA@A@A@C@A@@@AAA@AA@@A@@@A@@@AAA@@CCAAA@AA@@AAAC@ACCCC@@AA@@@A@A@@@AAAA@ACAAAA@@@A@AB@@@@A@@@C@@@ADE@CBA@A@A@@@@B@B@@@B@B@@@BA@@AAA@AAAA@@@A@AB@@A@A@@@A@@B@@@@A@A@@@A@@A@@AA@@A@@@A@@B@BAB@@@B@@@@AB@@@@@@@BAD@D@BADABC@CDCDAFADABCBABA@ECGCE@CBABAHCHADAFBLDFBFDJHHFFLBBD@F@F@DAJEHAD@FADADA@ADB@@BAACEECGGGCG@ABCD@B@D@DBFHDDBB@BBBB@F@BBDBF@VEFAF@JBD@@@@C@EA@K@IACAECMKECCAC@A@AA@@@AB@FCB@@CBAAACGEKECAAEAC@AAA@@@@CBCDCBC@EAEEEMKGIGMCK@GDUBK@EAOECCCC@@EDUBEAGGGEEEI@KCKGGIIECAC@EAI@GBC@CAEMMCI@MCM@MCSAI@GBED@D@F@BDDFDFHDJBHBDBDJDJDLFHBBF@LAFCDCBCFAH@D@BABCBAHEFADABCBC@A@ADADCDABC@C@@A@A@@AA@@A@A@AA@@@@@AC@@@@AAA@@@@A@@@A@@@@@A@@A@@A@AA@AA@@@C@@@@AA@@@A@@A@@AA@@A@@AA@@@A@@@A@@@A@AA@@@@@@AA@CAE@IAK@G@CAIEGEMIIEAAACBEBIBG@AAAA@@A@A@A@AA@C@A@@AAAAAA@G@E@CCCEAI@CBCFGDC@CBG@EDCDEBCACAC@CBEBCBC@CEQ@CDEHGDGBAAGCM@EBKDCDA@A@CAA@C@@D@BBFB@CAEEECCGCEAG@ECAAACAA@@A@AD@D@BAAA@CAAAA@@ABA@@AA@@GBGDCDABAAC@EACAA@AB@D@BA@C@AAAAAAA@@BABAFADA@C@E@Y@KA@@@@AAA@@@A@AAA@@@A@@@AA@@@@A@A@@@@@AA@@@@A@@@@AA@@@AA@@A@A@@@AA@@A@A@A@@@@@AA@@@@@A@@@@@AA@@A@@@A@@@@AA@@@AA@@@@A@@@@A@@AA@@@@@ABA@@@AB@@@@AB@@@BA@@B@@@@A@@@A@@@@@@AAA@@@AA@@A@@@@@@@C@AAA@CBE@EGCCAAA@BAB@DDDBDBB@B@BA@@BAA@@A@@AA@@@A@@@AAA@A@@AA@A@A@@@A@AB@@A@A@@@A@@@A@@@ABKCGBMHIHGHOLWRMFUDQCKCIGKAICAFGBKBKAGCACBG@EDGBIIIEIGGKEGAKCKAGFAF@JBLDNDLFHPFNDLJHHDHHJHJFJBDCBCDKDGDODMBMBE@A@@AAAA@CCAA@@AAAA@AAACCECGAKBGFGHDNBHCHCBCCMGIC@GJYEIGEK@MDA@C@E@@@A@A@C@A@@@A@A@A@@@A@A@@@A@A@@@@@AA@@A@A@@@AAA@A@@@@@AAA@@@@@AB@@A@A@AB@@A@A@@@A@@@AB@@AA@@A@A@A@@@I@C@A@AACCCCAAAAA@ABA@@@AD@B@B@BFF@BBB@F@D@BA@CFAB@@AJABCFMBW@ICGGEICEEA@@@@AB@@@@AB@DA@@B@@@BA@@@A@@@A@@@A@@@ABOBOAKEEAQCMDGJ@LHH@HCHKDIBGFADENEJGJIHMBKECCCCIEKBGBEFEJIJKDOBY@"],"encodeOffsets":[[111354,28622]]}}],"UTF8Encoding":true}