{"type":"FeatureCollection","features":[{"type":"Feature","id":"610200","properties":{"name":"铜川市","cp":[108.979608,34.916582],"childNum":1},"geometry":{"type":"Polygon","coordinates":["@@BC@AACKKECGCCACAC@A@EDEDC@E@G@C@C@CCCCCAA@A@A@AFCB@@A@A@GEMEEAKMGEGEEAC@GBKHGDA@AAAA@ABGAA@ACAE@EAEECCAE@EBCBG@A@A@CA@MACAAAAAAICG@@AAC@ABE@C@CAA@AACAAAMAKCECEACAS@GAEAKEKGGGIGEAA@MBC@@A@E@CBABAR@J@HEBABCDO@IBSBGBCDCHGBABADQB@BAD@L@D@B@DABCBGDC@@B@F@D@B@FEDCBCBEBCHCDCBE@EFGDAB@D@H@FAD@FCFGB@B@D@HDHBB@D@D@HADAFBJDLHRFDBF@DAHGBA@AGO@ABABADADAD@D@B@AE@CAACEAC@ADCFK@ECKAM@GAC@EF[@EACACQE@AAEAECGACA@MDEBC@ABADAJCJ@B@@ADAHABA@C@C@EBCBABCDC@CBEBEBE@E@AACCCC@@A@@@EFABC@C@A@A@CBCBC@A@AAAAAAMCICECC@I@MAK@IAUCEAEAAAAB@B@J@BCFGFEDGBGBC@C@AAAA@ADCBCFADCDE@C@CAAAAGECEIMGEAEAECCACAEBE@CA@AAEA@@A@@D@@KFA@EAICKECAC@KBE@EE@C@EACICEEDSGEECBA@@@@JIHG@AAAEE@AC@K@EBA@E@KGCAIBA@ABCBGAACACCGAE@AEAE@@@@A@A@ABA@@AAC@EBMBEDKHA@A@ECECEACEAGIIAAGACCC@C@A@CDC@G@CAAA@AAEEEEEGCEAA@C@CBA@AA@EBGDKBEBEHGFCBA@A@ACAKEAA@A@AFAFCBA@AAAAAC@C@AAIEECEAEAGACBCBC@AACA@A@C@ABCAAAEAC@EBCBC@AAAAAA@C@ABCFABC@AB@DADADA@EBGBM@A@CAACCAECEAICEAG@EBG@CACAA@E@C@I@E@E@UGAAEGAABWBUHIDEDMBOCIACAMK@GBEFCFCBE@I@O@M@GBQHA@C@A@EIAEAAA@EAGBE@EAA@@A@AFCBCBC@C@AAEAAAAA@C@E@E@CBEDEDADCBIBG@I@C@CB@BA@G@A@@DA@A@C@CAGCECCCACAAKAG@EAACCEA@A@CBAB@DADBBA@AB@@@@@BB@BA@@@@@B@@@BAB@@@B@@@@D@@@BB@@@@@B@@C@A@ABA@@B@D@B@B@@@BAB@B@D@B@@@@BB@@@@@B@@A@A@CC@@@@A@ADAB@BED@BAB@@AB@@A@ACAAA@A@@@A@@BBB@B@@BB@B@@CB@@A@@@@CA@@@CB@@@BABAB@@@BA@CBC@ABA@A@A@@@@@@BDD@@@BA@C@A@A@CB@@@@@B@B@@@BAB@@BB@@@BA@@B@@A@A@ABA@CBABBBBB@B@@ABAB@@C@AAA@@@@@@BBB@DB@AB@@@@A@@@@AA@@@A@@B@@@BA@@@A@C@A@A@E@KAGBEBA@AAEACAE@SEC@EBCBKBEBABAHABADA@EACBC@AB@DABABA@C@CCAAA@ABCDGN@D@@ADCBCHCD@D@H@BABCDEDADCD@D@LATGNEJADEDEFADAJAHCLEJABA@A@E@A@CBCBCDK`IdGFIHGDE@GBC@ABADCDEDEFCFCDAFAH@DDBDDBBDF@BFFNJRNDD@DFLBDDDFDBLDJDDBDBB@@@B@@@BC@@@A@C@AAA@@BABC@A@A@C@@AA@ABA@AACCGC@@ACAAG@IHAD@DHDD@F@D@FBHFDLDBHFB@LBPFD@F@B@HAFAB@@@BBBDDHB@HBF@F@B@B@BBBD@B@B@@CFADABCLCF@B@B@HBF@B@@@@A@GCCAA@EAG@A@CBABADEHAD@@@DDFLPB@@@F@F@F@BB@B@@BBB@B@@BBBADBD@B@BAB@BBB@HBB@BB@B@D@B@@@@@BBAB@BBBBBB@B@B@HALCB@@@BB@BADBD@BON@B@BBBHHJJDBB@BAJEB@D@B@DBBDBB@BBN@B@@B@BBJAD@B@BB@@@D@DB@FDB@BB@F@DDBHTFDPHHHFDDBBD@BAD@F@BBDDJBDBDFDDDBDPDF@DAF@BBBBBBDFBBBBDAF@F@B@DBFDD@F@FBDBB@D@FAHGB@B@B@DBDDDBLDBBBDDJ@BBBB@FCF@D@D@BBFFDBDBFBL@HAHBZH@B@F@JADEDAD@D@DFHJFJBB@FAHAR@FBFDFDDDDDDBF@D@FDFBNPHJDLBHFJHFPJNLFBD@BBBD@FAH@@RHDB@BBBAF@B@BBBHFFFHF@@@@@BABGHEDAD@BBB@BHFFDBBBBBL@BBDFD@B@F@DBFBDFHHLBDNHHDBBBD@HAH@B@B@DB@BBL@HBDDBB@B@D@BB@@@DAD@B@BB@@@B@BABADAH@B@B@BNLBBFBDBFDDBBB@B@F@D@@BBB@FBFAD@RGF@FAHBF@F@BABAD@B@B@BBDBDFDFFFBBNDDBDBBBBB@FBDB@DBD@D@FAB@BBB@FHBBB@BBD@NAD@F@H@FBFBDBFDBBH@ZFL@D@F@HAF@H@DBDADCHIFKDCBABC@C@CAADGDCBBFDBBB@BA@A@CAGBCBAVcHEDAB@J@^GX@P@FDD@DAB@H@D@DCD@BABBHDD@D@D@D@HAJAHAF@DBFDFDDBF@L@L@F@FABAD@F@LDF@LAN@HAF@HBFAD@DC@CBCACA@AA@@BADAF@BABADEHCDADALAB@B@@@BDDH@BBBHDDBP@B@BABKDABABADBB@BB@BBF@BBDB@B@D@BAFCDE@ABC@EAAGEGAGCCAAA@ABAB@DADBFBDBB@BABA@A@AAAAASIA@AA@@@ABA@@DAJBJ@H@FADA@@BA@CAAACeSAA@A@A@@BAD@D@FADADBD@D@B@@@A@KKAA@E@@B@B@JBBAB@BABA@E@EACAEIICEAC@A@A@AB@BATCDABABA@A@AAAEEAC@A@ABAFALELCBA@A@A@AEGAA@ABC@A@A@AEAEC@@@A@@LC@@DABABA@CA@ECGAA@AA@ABCPIBC"],"encodeOffsets":[[112124,36206]]}},{"type":"Feature","id":"610500","properties":{"name":"渭南市","cp":[109.502882,34.499381],"childNum":1},"geometry":{"type":"Polygon","coordinates":["@@C@C@ABE@A@ABA@ABA@AB@@AB@BA@@B@BA@@B@DABAD@BABAD@DADAB@BABA@@@AA@@A@A@@@A@C@A@C@A@ABA@ABABA@C@ABA@C@C@A@A@A@CBC@ABC@CB@@C@A@C@@@@@E@@@CAA@CACAC@AAC@A@A@E@A@C@A@@@CDABA@ABABABABA@@BA@A@@@A@A@A@A@A@@@C@A@CAC@CAAAAAAAAACAAAAA@@A@ABA@@@A@GBIDIDCD@@EB@BIBKDIFCBA@GBGDGBCBABCBCBA@EAE@C@GDEBAA@@CCAAAAEAA@A@AAC@A@A@CBC@A@CBA@A@C@A@AAA@AAAACAE@A@@@@@A@CHABABABCBABA@ABA@CBA@ABA@CBIBCBCBA@ADABADCB@@@@@@CBABCBABA@ABCD@BCB@@CBABABBB@D@BA@@DABC@CBCBE@E@E@ABA@@@@@@@@@@@@@@@@@@@@@@@@@@@@@@@@@A@@@@@@@@@@@A@@@@@@@@@@@@@@@@@@@@BB@@@@@@@@@@@@@@@@@@@@@@@@@@@@@@@@@@@@@@@@B@@@@A@@@@B@@@@@@@@@@@@@@@@@@@@@@@@@@@@@@@@@BB@@@@@@@@B@@@@@@@@@B@@@@@@@B@@@@@@@B@@B@@@@@@@@B@@@@@@@@@B@@@@@@@B@@BB@@@B@@@@A@@@@@@@@B@@@@A@@BA@@@@@A@@@@@@B@@@@@B@@@@@@@B@@@@@@A@@@@@@@@B@@@@@@@@@@@B@@@@@@A@@@@@@@@@@@@@@B@@@@@@@@@@B@@@@BA@@@@@@@A@@@@@@@@@@@@@@B@@@@@@@@@@@@@@@B@@@@@@@@@@@@AB@@@@@@@@@@B@@BB@@@@@@@@B@@@@@@@@@@@BA@@@@@@@@BA@@@@@@@@@@@@@@@@BB@@@@@@B@@@@@@@@@@@B@@@@@@@@@@@@@@@@A@@B@@@@@@@@@@@@B@@@B@@@@@@@@@@B@@@@A@@@@@@@@B@@@@@@@@B@@@B@@@@@@@@@@@@@@@AB@@@@@@@@@@@@BB@@@@@@@@@@@@@@@@AB@@@@@@@@@@@@@@BB@@@@@@@@B@@B@@@@@@@B@@@@@BA@@@@@@@@@B@@B@@B@@@@@@@@@@@@@A@@@@@@@@B@@@@@B@@@@@B@@B@@@@@A@@B@@@@B@@@BB@@@@B@@@AB@@@@@BB@@@@@@B@@BB@B@B@@@@@@@@@@A@@BB@@BA@@@A@@@@@@B@@@B@@AB@BB@@@@B@@A@@@BDBBB@@@@@@@BBAB@@@@@BB@@@BBBB@@@B@B@@AB@@A@@BB@@BB@@@B@@B@@@@ABBBAB@@A@@B@@@@@@@@B@@@@@B@@@@B@@B@@BA@@@@@@@AB@@@@@@BBBB@@@@B@@@@@@@@D@@@B@@@@B@@@@@@B@@@B@@@@A@@@A@@@A@@@@A@@@@@@A@@@@@@B@@@@AB@@@BB@@@@BAB@@@B@@@@@@B@B@@@B@@@@@@@@@B@@BA@@@@@@@A@AB@@@@ABB@@@@@@B@@@@C@C@C@A@A@A@ABC@CBABA@@B@DBB@B@B@B@B@D@B@BABADABAB@BGBE@CBA@CBABCBCBABABAB@D@B@D@B@BBB@B@@@B@B@@ABABA@AB@BDB@@BBBB@B@B@BADA@CDCBABCBAB@B@B@D@BAF@BCBABABCBA@CBC@AAC@CBC@ABC@ABABAF@DAB@D@B@HBB@BBDDFDH@BBDBBBD@BB@BBBBB@D@B@@@DAD@B@B@@BBB@BABABCDABG@MBAD@DAJAFAHAJHL@BB@D@FCB@D@JBB@DBB@D@HB@@DDHJFHDDFBJBJDDBF@FA@FAH@@@DA@U@B@B@D@DAF@D@DABAB@BAB@B@B@B@BBB@B@D@D@@E^CR@FADAFAFCR@TAD@F@@@DBBDBBBDB@@BB@@BB@BCD@@EBABAFEJ@H@D@B@DB@@BBBBBBBD@BBB@B@@B@B@BCBEBADA@ABCD@DADAB@D@B@DAB@B@BAB@BABCB@@ABAB@@AB@@A@@@A@AAA@AAA@AAC@AAA@A@@@CBC@C@C@E@C@EAGAC@C@A@C@A@EBC@ABA@@AA@AAA@@CAA@AAA@A@C@AAC@A@C@C@C@C@AACCCAACA@@C@AAAA@A@AAC@AAAAA@AA@AAAAA@CACAA@CAGAA@A@CAC@EAC@C@A@C@C@E@C@A@CAA@AAAAAA@AAAA@A@C@A@A@A@A@E@A@A@A@A@A@A@@B@@AB@DAD@BAB@BABA@C@A@A@C@A@A@AAAAAACAC@A@A@A@C@@BCB@BC@AB@BA@A@@@EAAAAAAEAE@@CCAAA@A@CBA@ABEDABE@@@A@A@CAA@A@A@A@A@A@@BA@@BA@@@C@@@A@@@AAA@A@A@@@A@@@AB@@AB@@@DAB@B@@AB@@A@A@A@A@A@A@G@EAK@C@C@ABC@CAA@AACAAAAAAA@AAD@B@@BBDDDDBB@DCDABEBC@M@W@EAA@AAAA@@CAI@E@EAIDEBEBC@C@AAEACAK@MAG@E@EBEFCHAFCDCDE@CBC@CACCAACEAEAE@CAEACGEECCCGECAAAABEJGHIHGFABAB@BBDDD@DAV@F@F@BB@BBHBD@DBBBBBBF@HBHAB@D@BBBBB@B@BA@AD@B@B@DAD@DCHCDGFEFA@CBED@@A@@@AB@@@BA@A@@BABAB@@A@C@A@@@A@@B@@@B@BAB@BABCHA@@BA@@@A@@BABCBAD@@@DABA@AB@@@@BB@B@B@@A@A@@@A@@@@DAB@BA@ABC@A@@B@B@BADA@ADCBCFCBCBC@E@C@C@BNBDDJAPCNCFGJAVAXBBFHBBVHF@F@J@D@F@B@DBDBH@FAH@FBJDFBFDDBBDDBB@N@HAFAB@BCBC@CBAD@BADEBAD@B@BBBB@BADAD@FBDBFBBAD@B@D@BDBBBD@DADAHBFBFBFDJFBBD@D@BBBB@BABEDEB@B@BBBLFDB@B@BABEDGHAFAFCLAH@FBBB@DAD@B@FBHDFFFFBF@BBBDBH@D@DCB@D@D@DDHBBBJJBHDFFBFDFDB@B@LGFCNAFAD@BB@@AB@B@B@B@@F@FB@BBFDHBDBDHBDABAB@JADBLHF@B@FAL@D@@BFFBB@BGHIJ@@@@ABFDHFCTFFJDBD@F@DFFF@LAD@DBLFJDFBB@LE@@@CB@@@FBBBB@@DAFBFBDDDBFBFHFJNDFHFBBBB@D@DCFCDEBADCD@BBBBBD@D@HAHAFCHEDE@A@I@ABABBFBFBVDJBL@NBJ@D@FDJDNDBBBBBBB@D@DADAB@B@D@D@BAFE@@B@@@DDDDBBF@F@FAFADAD@DCBADAFAD@D@B@BABGBC@@@ADIBIBCBAD@FANCB@BDDHBFBF@BRFBDBD@FE\\@FBD@HBNDL@FELCD@BBDDFBB@DBFA@C@C@CBCBABAB@BHP@BABGHCBE@CAQEKGICEACBGBC@C@A@GAGCC@A@A@EHEDC@EBG@C@A@CBEH@FAFCDGDADAFADCDEFA@C@E@A@@@CDAHADCBA@C@K@C@ABA@CRABABGHCDADAHAT@JCPADABGFI@Q@ABAB@D@F@BD@NAB@FBJHHHLHLFFBHBT@DBFBFDLDNBBBDBBBB@DBD@F@BAD@BB@@DHBJBBBBDBNBB@@D@B@BAHAD@FBFDDFFFBF@DB@BBBAH@BBBBBB@HCLGHAD@FBHFHFLNFBNFHFB@B@@@DABEB@B@B@DBDDDDD@D@H@F@D@FCFCB@D@DBDBHDFDLLBD@BADBF@@BBB@@@D@BAD@H@@@BD@D@B@BA@EDADAD@DAB@D@BBBBBFFD@B@BBBBDB@B@B@BABGDADAD@BBD@BB@@@B@BCB@B@B@BDBB@B@BABADA@@BBBBB@B@@@BAD@BBB@@@BJF@@@FBF@DB@F@DAB@B@BBBBBFDHDDFDDDDBFDBBDBB@D@DAD@D@B@B@D@D@BAB@@BBBFDB@BBBDB@@@B@@CBEBCBAB@B@B@BBBDBBB@B@DAHCD@H@HBD@FBF@FAL@FAJAVIPILEVINANAJAXQRER@RBLDFDRRHFDBFDJHHDD@NBJ@D@DBDBFBL@XDLDJ@H@LBFBDABADIDKBCB@D@DBHDHBF@FAHEFCFGDAB@BBDBFDHFHFFDHBD@B@BABCJEBA@CACAC@ABCDALGLCFAD@DBD@FDHBF@FAD@FCBABBB@@B@B@F@@BBB@HIDAD@D@BBHNBB@@BADENENAH@J@HAF@DCDAD@B@B@@BAV@DBBLJB@DBBB@B@B@B@BBBBB@@DAVSDABEFQ@EBAB@D@D@BBDFBBB@B@FADAB@B@BBLJBBB@B@BADAB@DBFBDBDDFJBDDBB@B@FEFEBE@CAGCC@@@CDCFCDGDCD@D@F@B@DDDFLJRTBFB@P@JBB@BBDHJJFFHF@BBDAJ@DBB@BB@DBDFB@D@FBFAD@D@LBHBNDJFLFFBDBBBDDBDDDBB@@B@HDFBFDFDDB@DBHBHBBDBBBBB@JB@BBFBJBHBDBDF@@@LA^KZAFFBJ@xOVAL@@@BJFJ@BAD@DAB@FAD@B@BBBFBDBBBBD@@@BA@ABABEDCBEBKBEBGDCBGFCF@D@DFLFH@BABED@D@DADCDKFEBGBEDCDCDCBADAB@B@BBDBFBD@@@B@@ABGBC@A@A@A@ABA@CBCBC@A@AB@BABA@ABCBCBAB@B@DABCBCFEDABIBIBC@EAE@C@C@CBIDIFABABA@A@C@CBA@A@AAA@@BGBGFGDGFA@AB@B@B@B@D@B@@FDDBF@BBD@@@BB@BBBDDBFDDBBD@BBDBDDBBBHBDBBDDD@FBDBDAB@DBB@DBBBD@LDJ@J@FBF@F@J@F@DBD@DBB@DBBBB@B@DADCDCDAB@F@F@J@FAF@FALCD@F@DBDBB@B@D@DAH@D@FADBB@FDBD@BBBBBBBDBDBBB@FBFBDB@FBHBDB@@BDBB@@DBHBFBB@DDBBBFJNBBB@BABAF@X@N@D@HBDBFDFBDBB@@D@FBBDD@@BDBH@BBDDBHJDDBBBDBBDBFDBBDBHDDBBB@B@HBDBBBFFDFFF@FBD@H@F@FBD@DBDFJDFDHBJBNAJ@F@DBD@BDHDDBFBJ@FBBBFBLJJHNLDBLBJ@HBJDFDFBFBJ@L@@A@G@CBI@GDEFGJEFCHMFMBI@O@CCEGGAG@EBEJIHMDE@G@S@E@GBIBI@MDO@C@I@ECEAE@CBEFGBCBE@CBAB@DAFCDCBE@CAY@CBCDCDANA@@BA@ADQDKBM@GICAIECCAC[}YoQ]CGEKGSQyE[EOGMKMKG]IGEKkÉEUGOGGMKGEQMIKECEKEEKKGEGGIQIOKcIQ©IeMkWAKOeG]G_G]ISS[WYYWMSISEIECIEIACCAECKAIBCDCBC@EACCGCGAE@G@G@CLEDE@EAKM]coGqFSR[TYJYFU@_KgMYEUCYFSN]P_TYTQTKNGVCvCf@XCbIGSAA@CGWGK@C@AHCLCVAP@HBFDDB@@BA@G@C@CEAGASGSKA@@@A@C@CC@AAA@C@ACACACCACCIAA@E@A@A@@AA@A@@@@@@@@@@@A@@@@@@@@@@@@@A@@@@@@@@@@@@@A@@@@@@@@@A@@B@@@@A@A@@@@B@@@@@@AB@@@@A@@@@@@@@@A@@@@@@@@@@@A@@@@@@@@@A@@@A@@B@@@@A@@@@@@@@@@@A@@@@@@@@@@@@@@@A@@@@@@@AB@@@@@@@@@@@A@@A@@@@B@@@@@@A@@@@@@@@@@@A@@@@@@B@@A@@@@@@@@@@@@@A@@@@B@@@A@@A@@@@B@@A@@@@AA@@@@@@@AB@@@@@@A@@@@@@@@@@BA@@@@@@@@@AB@@@B@BA@@@@@@B@@@@@@@@A@@@@@@@@@@@@@@B@@@@@@@B@@@@A@@@@@@@@B@@@@A@@@@@@@@@@@AB@@@@@@@@@@@@@B@@@@@@@@@@@@@@@AA@@@@@@@@@@B@@@@@@@@@@@B@@@@@@A@@@@@@@@@@@A@@@@@@@@@@@@@@A@@@@@@A@@@@@@@@@@@@@@@@@AB@@@@@@@@@@@@@@@@@@@@A@@@@@@@@@@B@@@@@@A@@@@@@@@@@@@@A@@@@@@@@@@@@@@@@@A@@B@@A@@@@@@@@@@@@@@B@BA@@@@@@B@@A@@@@@@@@@@@@@A@@@@@@@@@@B@@@@@@@@@@@@A@@@@@@@@@@@ABA@@@@@@@A@@B@@A@@@@@@@@@AB@@@@@B@@@@A@@@@B@@@@@@@BA@@@@@@@@B@@@@@@@@@@@@@BAB@@@@@@A@@@A@@@@@@@@@A@@@@@@@@@A@A@@@@@@@@@A@@@@@@@@@@@@@A@@@@B@@A@@B@@A@@@@@@@@@@@A@@@@@@@@@@@@@@@A@@@@@@@@@@@@@A@@@@@@@@@@@@@@@A@@@@@@B@@@@@@@@@@@B@@@@@B@@@@@@@@@@AB@@@@@@@@@@@@@@A@@@@@@@@@@@@@A@@B@@@@@@@AA@@@@@@@@B@@@@A@@@@B@@@BA@@@@@@@@@@BA@@@@@@@@@A@@@@@@@@@@A@@@@A@@@@@@@@@@@A@@@@A@@@@@@A@@@@@@@@@A@@@@@@@A@@@@@@@@@A@@@@@@@@@@@@@@@@@@@@@A@@@@B@@@@@@@@@@@@@@@@@B@@A@@@@@@@@@@@@@@@@@A@@@@@@@@A@@@@@@@A@@@@@@@@@B@@@@@@A@@@@@@@@B@@@@@@@@@@@@A@@B@@@@@@@@A@@@@@@A@@A@@@@@@B@@AB@@@@AB@@@@@@@@@BA@@@@B@@@B@@A@@@@B@@@@@@@@A@AA@@A@A@CBCHCVKNGCAKCI@C@GBMBIBE@G@E@CCGCCGIEAACBE@I@E@MAE@C@C@ABCAA@CAE@G@GCC@GBE@CBCDCB@@A@CCECGCCAA@A@A@E@A@CAEBE@IAGAA@AB@@C@CBCBA@EFKHKDEBMFA@C@GAE@EBE@C@CBC@GDGDCBABCBA@C@AAG@CA@@CBC@OBC@IDIFGDABA@ABBB@BABA@GBG@ABCB@BA@ABABC@E@IAKBC@C@CAGEAAC@C@QDEBG@E@C@C@C@C@EAIGKGCAA@C@C@EAMKC@C@KBG@AAA@@AAEBEAKAG@AA@EACAEACCEIEIEEAAC@C@C@EBC@C@C@CCCACACAEACCECBEDCDCDKDCFCHSBEDAFADA@ABADMBADAFABA@ABQAI@CA@A@C@AAACCCC@C@K@EBCBCBEFA@A@AACAAA@C@CDEBE@E@IAC@E@CBCDGBADABIDK@A@A@I@CCGAE@ABA@ADAFAFABA@@@@@ACAAAAAAE@C@@A@@@ABABABCBA@@@CAAACC@@CAE@@A@@CEACEEA@A@A@CBA@A@@@CCCCEECAEACAAAC@CAE@C@A@AAA@C@CBCBCBEFCDABAB@@@F@BBDBBDBBBBFBF@DADABBB@FBBA@C@C@ICCAGGCACAAAE@C@EBCAA@CCACA@A@@@AB@BC@CBABADABA@CBA@CDCBE@SBCBC@CBADCD@DBBBB@B@D@BCFCFED@DABAF@BABA@A@CAG@GAGAEACAAA@BA@@B@DABEBCDABADCFABABC@CBCDCBCDADA@C@C@ICCCECCEAECE@AC@CAG@EAECEACA@A@EDSDODIBC@EAGAABAFGBA@AA@EBGDIHKROZCBC@]@GECKCCKCCCBABCFEDKHQ@ABCBE"],"encodeOffsets":[[112389,35034]]}},{"type":"Feature","id":"610300","properties":{"name":"宝鸡市","cp":[107.14487,34.369315],"childNum":1},"geometry":{"type":"Polygon","coordinates":["@@@@@A@@B@@@@@@@@@@@@@@@B@@@@@@@@@@@@@@@@@@A@@@@@@@@B@@@@@@@@@@@@@BB@@@@@@@@@@@@@@@@B@@@@@@A@@@@@@@@@@@@@@@@@@@A@@@@@@@@@@@@@@@@B@@@@@@@@@@@@@@@@@@@@@@@B@@@@@@@@@@@@A@@@@@@@@@@@@@@@@@@@A@@@@@@@@@@@@B@@A@@@@@@@@@@@@B@@@@@@@@@@@B@@@@@@A@@@@@@@@@@@@@A@@@@@@B@@@@@@@@@@@@@B@B@BD@B@B@DDBB@D@B@DAB@DBD@BBBAD@BBDBH@D@F@F@FBDBD@D@DB@B@D@DBBBDFBBBD@@D@DAD@@@BABCBBFBDDBDCDC@@BABE@BFBL@JBH@JAJ@LALCL@HAHAJAJCHAHAJCHAFANCHAF@FAHAF@FAL@HAHDJFD@BDDBFDDDFBH@H@FAH@HBDBF@@@B@BCBCDADBFBJFFBB@@ADCBAHABABE@C@C@ADAFAJAHCNA@B@FBD@DDBFCH@BAF@@CBABGBE@ADEFADAHAF@F@HB\\JF@F@B@DACEGECC@AHCF@D@FBD@BADCFEBEDCBABABCBGB@BE@AACCE@ADAD@F@FBDDD@DADABADAD@DBFFBDBBBFDFB@B@FED@FDB@BACC@CAIAEF@HAR@H@DAFAHBHADAHCDADEDEDEDCBCBE@GAEAECEAECG@EAGACDCBEDCFCDCDABCBEFCHCFCDCJCJAHAHABBBB@@BC@CBAB@B@BB@BDAH@JBJAPCDEHCHCFCDGFEBGBEBIBGBIBIDIDIDCFEFGFEL@FB@@B@@@@CBABABA@@B@@@B@DBH@D@BDFD@BBFBBDJ@@@@B@@A@@BCD@D@D@D@B@BA@A@A@A@AB@DA@@FCB@D@B@@@@BDH@HFF@BFJ@B@@BFBBBBAD@BD@DBD@B@BB@@FAFC@@D@FDB@@BBD@H@H@FBHDFBFHFJBJBJ@J@LBH@F@F@H@HAH@JAHAHAFEBEBEDEDCDAFAJAFBFBDFDDFDHFHDHBHBH@HAJAH@FAD@HAH@JEHCDCFAHCJANCH@J@FBFBJBH@FAH@FADAHAFCF@JBJALEHAH@JBHBDBDF@D@H@H@FBD@DHHLDHDDHBDBFBDBJBHDHDFFDHFF@HAHAHCFCDAHAFCHAHAFAHDDDJDF@H@DCHEDEDEBE@AAA@CAC@C@A@A@EAA@AAA@GACAEACAEAACAB@B@F@FBD@F@B@DCB@AD@B@B@B@B@DAD@B@@@D@@@B@B@@BDB@F@B@BADCB@@@BBD@B@B@D@@BBBBBB@@@@DBBBDDB@BBABBBB@B@@DAB@@B@DBB@BB@B@B@BBBBBBBA@AB@AA@@BA@@B@B@BBDD@@DBDABAB@BD@@F@B@DAB@D@BBB@DAF@B@BBBDBD@@B@BB@B@@@@BB@B@B@BB@@@@BBB@@B@BA@ABA@@@A@@@ABA@@@C@G@AD@LBFBFBBBH@B@HAD@@@HBHFRBJDFBLDNBJANALCLCDC@@@@B@ENADAD@@B@BBBBBDB@DDBBD@B@B@D@D@DBB@BA@@@A@A@@AC@AA@BA@@@ABABGBIBGDIFIBIBGDGBGDGFGDEFGFIBEDEBE@A@ABA@A@C@CA@A@AAA@AAAB@B@@AB@@AAA@@@@@DC@C@@@@B@BABC@A@ACA@@A@B@@AB@@@B@AAG@AA@@BAF@D@BBB@@BB@@B@@@@@ABC@A@CBADCBABCBCAA@@AA@@@AB@D@BA@@@A@AAKAEAC@CBA@ABABAB@NBBA@@BA@@B@D@@@BBBH@B@BCA@BA@@D@@AB@B@@DBB@BB@@B@AA@CBA@@B@B@@ABBB@BAB@@@@C@A@@@AB@@ABA@@@@@ABADCBBF@DAJBH@LBFALDLDHDHBJFDBDFHFHDDBFDF@FG@C@G@I@EAIAGAGAG@EAIBGDEBMFGFCHGHCHCFCFAFCFADCFADCDAFEBEBEBEBG@GACBG@C@EBCFGLKFIHSBO@mLcESN[AgNQmSA@CAAACBC@CBCAACAA@K@CACGEAACCAAACAC@C@AAEACAGACAE@CBCBABEDAF@B@@@BCBEBGDEBEBCFGFGFEFCBKDK@]EQEGGAAE@E@EDCD@JCJCDCFCCQCICO@MFK@ACCAAAA@A@C@ABA@CB@DAF@BAB@@ABA@ADGDC@ABEDKFKHOBQCUAKBMDIFMLQH@BA@ABABC@KBKBGAC@@@@@AA@@A@@@@CB@@AB@@A@@@@AB@@@@AB@@@@AA@AA@@AB@@AB@@@A@@@A@@@A@@A@@@@@AB@@@BC@AA@AA@@@A@A@@@@@A@@@BA@@AA@A@@A@@@AB@@@BA@@@A@@AAA@A@@A@@@A@@@A@A@A@@@@@@BA@BBA@@BA@A@@@@@@B@@B@@@@@@BA@A@@@@B@@@@@B@@AAA@C@A@A@AB@A@@@A@@@@A@C@AB@@A@@A@@BA@@BA@@@@@AA@A@A@@@A@@@AB@@@BAB@@A@@@A@@B@@@B@@@@@@A@A@@B@@@@B@@B@@@BA@AB@B@BA@@@A@ADA@@B@@BB@@@B@@@BA@@@A@@@@@@A@@A@A@@@@@@@AAAA@A@@@@BC@CB@@A@A@@BA@@@@AA@@@A@@@A@AA@A@@@@@A@@@AB@@@@@AAA@@AA@@@@A@@@@BA@@BA@AAAAAA@@@@@A@@A@@@@@@F@@@@AB@@AA@@A@AB@@A@@@A@@@@@@@@B@B@B@B@@A@@AA@AA@@A@@B@@BB@@@BA@A@A@AB@@AB@@@BAA@@A@@@@@DA@@@@@@AAA@@@@@AB@@@@A@@@@A@@@AAA@@A@A@A@@@A@C@A@ABE@ECCCCCAG@MBK@CBEDEBC@CAABABAHDD@DAFCHEFAJAF@BADC@CDCBE@ACC@@@A@@D@F@F@F@HAB@B@B@@@B@B@D@DAD@D@D@D@@@DCBE@GAEACACECECAA@A@E@EB@BABA@AAUF@D@D@B@DBDBFB@@B@BBBBB@D@DI@CBE@A@ADADA@A@CCCC@AA@A@EAA@EACACCCAC@AAC@C@@DI@ECEE@CAAA@EAAAGAC@AACCCECECABACCGBGA@AAA@C@BEBCBABA@KAGAA@ABMBEACCCAC@ABCBC@AB@BA@A@@A@AB@CD@AGEACCAAAACCACACCCACCACCEECA@@AEAAE@ABAA@A@A@EBA@C@I@@ACAACCC@KIGC@C@ACCC@CAG@C@CC@CBC@EACACACAE@CDEBC@A@E@CAC@C@E@ABCBCBADEBA@CB@@A@A@AAC@ADC@C@@@AA@AAA@A@C@CAC@C@A@A@A@ABA@A@ABA@A@C@C@A@A@@@AAC@ABEBA@ADAB@BAB@@@BADAB@DA@AB@B@BA@C@G@G@C@GAAACAAAA@AAC@C@A@A@EAAAEACAAACAAAEECA@AAAACA@ACA@@AA@A@CAC@CAC@C@A@A@A@@BA@ABABABAB@BCB@BA@C@ABA@ABA@@BAD@BABEBABCBEBC@GBABA@C@AACAAAAACAAAACAC@@A@AAE@CAC@C@AAAACAAAACAAAA@CCCAC@AACCCACECACEG@E@AA@AAAAEAEAEAEACACAEACACCCACACAA@CA@AAACCCACAEAE@@@MCDKDUESA]E]IWAEBABA@@BC@ABC@C@@@AACCA@AAA@A@C@@BC@A@AAC@AA@AACAC@AYOOUCDKJIAMMI@AB@@A@@ACACCECCCCCAAACAA@AA@@A@@A@@@ABA@ABA@@@@@GPKPGNK@IBI@@@CBCBADABA@ABEB@@@EAEAAAAAAAEGAMACAA@@EECCEAEDECECI@IBGDEDGDGDCDCFIDEBIAEBOCGEOIGCICKEG@EBKBEBEBIBIAGCCEECCCEEMECCKEG@IEGAGBE@QDG@IAGCGEKEECEGEGECIEMCGA[EIAIAIAIBQAG@KDCHEHEFCHGHCFCFCFGJC@GDEBGBG@G@I@EBG@OBIDEDEBGDADEDGHCDE@EFADJ\\HJSJCR@`FRPJLAFHBPFH@NFHLDHFDLDLC@G@E@ILG@CACK@EKCKMEGGEECCDEDCBE@G@C@EDGDCECG@GA@CAICIECCCCCAIAAAAAACCAGCGAECECAI@IEACAI@ECIGG@IBQDOACDDDEJERCFKFEH@BCBEHABAD@@EBICCCCBEJGHOOMOCA@FBRJHCPJZCFG@ME@EECABE@EDC@ABCBADADAFAB@BA@CBG@CAG@CAIA@@C@GBILGFCFCFADCH@HAF@H@J@N@DAHADEFCBM@CAGCCCCKAG@EAG@GDQ@EBE@K@EBI@GBE@G@E@GMKECKEIAGAI@G@G@MDEDG@QFKDEDKFEBIFGDIFIDKHIDIFADABAFAD@@A@C@EDADEFKJADA@ABCAC@A@AACAC@A@G@CDEB@BBD@@BBDDADCBCB@B@D@@C@E@A@A@GDCBGDADABADABABABABABCBABE@CA@AA@@AAA@ABC@A@A@A@GBABA@ACCACAE@C@ECEIEKOACAI@CGDGBC@KBEBEFA@@ABAAC@AGK@CGCACAEAI@QAG@K@EBI@GAI@I@IAGBIAK@KAK@E@MBIAMAQAICMAEBE@CAEAGECIEOHIDIBKFODIDKDIBGDGBG@GBIDODKAGBI@E@G@K@E@A@CBC@ABEA@A@@BCBA@AB@D@HADA@AB@@ABAB@B@DDFABC@GDEFEDABCDC@A@AA@EECAEBCAECCACAACA@A@E@EACAIAAAA@C@ABC@G@E@E@@@A@C@A@@BAACA@AC@C@@@A@CA@A@@BABA@ABA@AB@ACBCBCDEBC@GACCCEGECCCEEECGEAEAEEGACAG@EAGACCCAA@@CBABCAAAAACAECCACAAE@CA@@AA@AAA@A@A@C@GBCBGFAFAF@DAFAFBF@HAD@DDB@BCNCJAJAHEHELCDCHGHCJCHELEFCJGJGL@FEHIHGDKFE@K@EBI@G@K@IDMFGDCJAFDHDFBFBHBF@JAF@HBHBH@F@H@F@HAFAFCHAFEFGDE@IDEDGFAHBHDJFJBJBH@HHFFFNHHFLDFHAF@JCHCHEHCFIFCB@BABAB@B@DAB@B@D@BABA@A@A@A@C@A@AB@BAB@BAB@BAB@BA@A@CAC@@A@@@A@@B@FA@@B@@AAA@@AAA@AAEAAA@@ABA@@@A@@@@A@AB@@AB@B@B@BA@@@@@AGAQEI@I@K@EBCDADEF@FAJBJ@NABADAFADABABABCD@B@DHD@BFBD@BBDBBBBB@BFDHFDDBBBFDDDBDBFDBBBDDJDFHFDHHDHFDHFDDFHJDFDHDL@H@F@HAFCHAHCHCJ@JAJDHFHFFJDFDJHHHHFHJDDBHBH@HAJ@JAHCH@JALAJ@HDBJBHDHBJAL@H@H@L@L@JDB@DAD@BBB@DAB@@B@DBDHLDH@B@@B@B@@@@@B@AB@BLNFLBBB@DB@B@BBB@FBDCFCDCFCFCFAHAFCJAL@HENAHALAJAJCLCJAJ@FCFEJCJEFIHGFGBGBGCCCECCCEECACCAAMCGAMDAFAF@FBHDHFFFHHJHJHLDHHFDHJFJ@HAD@HCFAJCJ@LADALAJAHAFEDGDMFSFGHANADALDHDFDFDHDJBJAD@DCFCFEBCDCDCHEFAJ@D@HAFDHBFDHFDDFHDHBFDFBFBHBDDHFHFHFHDHBDDFAL@HCFCJCFCHCDEHCJBFDDH@LFJBHBFDBFDH@DAJ@B@DBD@F@DAAA@ABABAHABA@A@C@AAAACEAA@@A@@@C@A@A@@BCBAD@B@DABA@ABA@CA@@@@A@AAAAA@A@A@A@A@@BBD@BB@@B@BABCBABA@AAC@CAA@A@CBAAAAC@AAABA@CDCBADABCDCBABA@A@C@AAA@A@CBA@A@A@A@ABA@@BAB@BBB@BDBBB@B@@@BABABABA@A@A@AAA@AAA@@BAB@B@BABABA@ADAB@@@F@DABADAB@B@BBB@DBB@B@B@B@@ABA@C@A@@B@@ABAHAHAB@@@B@B@@@BB@@@DBBBBB@B@@@BABA@AA@@A@@A@AA@@@A@@@AD@D@BADABAB@@C@AAA@@AA@@A@AA@@AAA@@AAA@@BABAB@DA@ABA@ABCAA@@BA@@B@BBBDDBB@@@@B@@BB@B@@@@@B@@@BA@@B@B@@BB@@B@BABABCB@@A@CAA@GAC@A@A@AA@@@@CB@BA@@@AB@@@BDBB@@B@B@@ABCBA@ABA@ABA@AAC@CAA@ABCBAB@@@DBB@B@@B@BBB@B@@BBB@@@@@BABA@EAAACA@@A@A@@@A@A@A@@@A@@B@F@DAB@@ABA@CBA@CAC@CCAAAAAA@A@A@@@AAA@AA@AAA@CBA@@B@B@B@BBBDD@@@B@B@BCDABCBA@CBI@A@AAA@@@A@ABCD@BA@A@ABAAA@A@ABA@@@ABAD@DADBB@B@@@@@B@@@B@@DB@@@B@B@B@BA@C@A@AAAAA@C@C@C@ABA@@BA@C@A@@BABA@ABC@A@AB@B@B@BAD@B@BA@ABA@A@@AAAA@CAA@C@EBE@ABA@@D@DBB@@ABA@ABCACA@AA@@A@C@A@@AAA@A@A@@BA@@D@BDBBD@@@BC@CBA@C@AAACAEAC@@CAA@CBCDC@CBABC@C@EAECCAA@A@C@A@E@A@ABC@CAA@CAC@A@@AAA@ACCAA@A@A@CAAAAAAEAC@E@A@CBA@ABA@@@@B@DADBB@B@BABCBC@A@A@@@AAAAA@ACCCCACAAA@@A@C@A@ABCBEBCBCBC@ABA@ABC@A@@@AACAC@A@A@C@@@A@ABA@@@A@@@@B@@@@@B@@BB@BB@DD@DBD@BDDBDBDBDAN@BABCB@BABBDBB@D@B@@DBBB@B@D@BCFAH@BABEBEBAB@BABCBCBEBG@ABCBC@C@A@AB@FJFFFDDLDFDJBNFHDJDHDHDJDFDFHDFDDDDDFHDDBFAFA@@BBBBB@B@B@@@DJBBB@BBBD@BB@DB@@BB@AB@HAB@DBB@BBDDDBBD@DAB@BBDDLBBBAD@DCBADCBABADADCBAB@BAB@@A@A@ABA@@B@B@BBB@BA@A@A@AF@FBFBHB@@BAD@FAJCBAB@@@@@@B@@@@@B@@@B@@@@@B@@A@@@@@A@@@@@@@A@@@@@@B@@@BAB@@@@@@@B@BB@@B@@@@@@@@B@@@B@@@@@@@B@@@@@@@BB@@@@@@@@@@@@@B@@A@@@@B@@@@@@@@BB@@B@@@B@@@@B@@@@@@@@@@A@@B@@@@@@@@@B@@A@@@@B@@@@AB@@@@@B@@A@@@@@@BA@@@@@A@@@@@@B@@A@@BA@@BA@@@AB@@ABA@@@ABA@A@ABA@A@@BCB@@A@@@@B@@@@A@@@@@@@@@@@A@@@@BA@@B@@A@CDCBCFCF@HAFBDDJDFDFFFFFFFFDFBHBHDFBH@HDDBHDFFFFDFBFBHBDBH@DBFBDFBDDH@F@JAJ@L@F@J@H@J@DDFDDBDB@JCDCFA@@BJD@@FDF@DABAD@DBFDB@DBDBBBBB@DBBBFBBBB@B@BAB@H@@@D@BCDCBCDABC@GDADBF@B@B@@@BAD@@@FGF@@C@A@CBCBABB@BB@B@D@BABADAD@D@BAB@B@BB@B@D@B@AB@JBLFJBHCNCFCDEDIDGDEDGBGFGDEHADEFCFAHAJAJ@JAHAHAFCHAHMLGDEFGJBL@H@H@D@BAJ@@@@A@@B@@@BA@@@@B@@@@@@@BA@@@@B@B@@@@@B@@@@@@@B@@@@@B@@@@@@ABA@@B@@A@@B@@@BA@@B@@@@@@@@AB@@AB@@@B@@AB@@@@@@@BB@@@@B@@@@@@BB@B@@@@@@@@BBB@@BB@@@@@@B@@@@B@@@@@B@@@B@@@D@@@@@@BB@@@B@@@B@B@@@@BB@@@@@@BB@@@B@@B@@B@@@@B@@@@@@@@@BB@@B@BBB@@@@@@A@A@@@AB@@@@A@@@@@@@@@A@@B@@@@@@A@AB@@@@@B@@@@@@A@@B@B@@@@@@@@@@@@@BB@@@@@@@@B@@@@@@@@@@@@@@@B@@@@@@@@A@@B@@@@@@@@@@@@@B@@@@@@@@@@BFBFBD@BBBABA@A@A@A@A@CDABAB@@@@@BHBHB@@@DFJFFB@B@BAD@@@BADAHA@@@@BBB@B@BA@@BA@@@@B@@@@AB@@@@@@@B@BBBB@@@@B@B@@@B@@B@@@B@B@@@D@@@B@B@B@BBB@BB@@B@@BBBB@@@B@B@@@B@@BBBB@@BB@@@B@BB@ABB@@@@B@@@@BB@@@@B@ABB@@@@@@@@B@@@@@B@@@@@@BDBBBDDDBFD@BDBDAB@DAHAFAB@B@B@@BDD@DBF@LFFBB@BAFEDCBC@ABADABADBBBABAB@B@B@B@B@BDBBBB@B@FCH@@@JCHCHEHCJALCD@@CBA@@BABABBBBB@BABAD@D@@B@BBBDAF@FAF@H@B@DBB@@B@BAB@@@B@BFBD@@@@@B@@@@@@@@A@@@@B@@@@@@@B@@@@@@@@@"],"encodeOffsets":[[109211,35920]]}},{"type":"Feature","id":"610600","properties":{"name":"延安市","cp":[109.49081,36.596537],"childNum":1},"geometry":{"type":"Polygon","coordinates":["@@BABAD@B@DBJHFLBBFABEBQ@CHAF@BB@HFL@DABEHGVBDHHPJDD@XBBDAHKBKBG@ADMFGHCRCJCNCFCFGDAPEJ@F@DDHFDBD@@@FM@EBADAHBDAFAF@D@FHJD@ABABADAH@B@FC@@DAHCBCBIAYAKEMEGGICI@KAIEG[II@K@KDELKJIBQCIEACHINKLKHINKFIAK@@@@@IIQAE@EDINQHIDAFBBFDFFBRNFDLBHADE@G@MESEKEMAMGODADOHKFGFMHQFOAOBSBKJITIPELEJEJKJKHIJIFITEP@HCHGFEPBPFVFNF@@@@FBTFRDLFFHDJHLHLDBT@\\CdIVENMLIXENGBKFKBIPEP@VJHDNLRNN@NAJCRMHMFI@@AC@EBADCDG@ACC@CBA@A@AD@B@D@BD@D@BAB@B@BDBBBBF@BHH@@BBDABAFAHAF@DBDBD@FBHF@D@B@BB@D@B@@AB@F@D@F@BDBBBDDBBAFIDGBE@EAMCIIMCICOCSAKAIBK@@AEAIEEGEEAKAM@G@E@ECCE@CBCDCDAHCHAL@P@NALELEHEBG@GASCGCEGEEAGACA@C@ABCBAFAHAH@DADC@A@C@GCKCOEMKUEICAECC@C@KDEBE@EAAAAABEBEBAFALAP@J@NANCHEHEDEDIAGCCEEIGIECE@C@CBCFAFAD@FBDDDBDHDFFFFDHBF@FADCBC@EAECEGGKKEECGAGBIBIDG@GAEACEAEAEBGBEFEHEHEFEDE@E@E@GCECCG@GBGDGJGPITGLEHGHIDINYR[LOVULKBAJGVKHAHCDADIACAGGEEOAI@EBEDALM@ADCDEBKAS@KBGBIAUBOAGCIIKMIUOEGCE@IBEFKPKJGDE@G@C@A@CCM@ACKAI@E@EAEEGGMCEEGECCCAC@KBM@E@@@CCCGICEACAE@GBGDGFILIDGBA@CCEGIAE@C@ABCDEFGDEBC@EAI@E@EDI@GCGAIEICCGICEMMCECI@GBGFEFI@G@ICIIOEMCIAKBKBKBE@C@A@A@A@A@A@E@A@C@CBC@CBC@ABA@A@ABAAA@@@AB@BCBGBEBEBEDEDEFCHGBA@A@@@A@C@CBC@EAC@ACE@C@A@ABCBCBABEDCDCDABCBABEBEBCDCFGDIFK@EBEAEBEDMBEDCBE@CACGKCE@CBADGDEBEDADAJCFAHCDEBA@CAC@A@C@IAA@AAAAAAACAC@ECAAACACBIBCDIBCHGFEDEBEAEAGACAC@C@CDG@E@E@CAA@IAECE@C@CDAFALAJAF@HBHDFBD@HAFADC@CAE@C@IASK@I@EAEAECICGAI@KACAMKIGKIEAAAEAI@EACAGCACC@CAE@I@MBIAGAECICCECAC@EAE@G@C@EAE@EEECAEAAAC@G@AAACAGCCAAAECCAAAACAACCGICAAC@AAGAC@@CCAA@E@CA@CAEAECCAGAC@M@W@E@ABABA@AAIMAEAACCA@EAGACA@@AAAC@@CAGAEAA@ACAE@EAACACAAAAAAA@AACECA@CAEBC@G@CBC@A@A@CACAE@C@KDEBE@EBI@E@E@A@CBCDCDCBA@A@AACAA@CAC@CAE@I@E@E@EAI@I@KCC@AACAA@CAA@CBCAEAC@CCAAACAGAACCCAAAC@AACCAECCAA@AAA@@C@AAE@CAEC@@@A@C@A@A@ABAB@HEHCHEHA@AB@BBB@B@DAD@B@B@BABAJEJCDAD@D@F@FBD@JAJABAFCDEDABA@C@ABADADABAB@BA@ABAB@D@DADAB@BAB@B@B@D@HABA@@@A@@ACAEAC@A@ABABCDADCDCFCHAFALEDCBC@C@CFCBA@AEGEK@C@CDEHEDAHCFALAFADAFCBABAB@@A@@ACAACAEAAA@A@ABC@EBA@CBC@AEIAI@@K@UBwPI@EABELYB]@K@@CECAGAIAEAAAA@@IAAAACAAAAGAG@CCAECECEAGCA@@@AACCACCCAACAEAKEIEMCGAKAC@C@EBEAC@A@CECAA@@AAA@CBIAC@AGEEEIICGAAA@IAO@A@AEQSKICECCA@E@C@C@CDCHEDCD@D@@DDBH@DAFEFEFA@A@CAACEICCCAEACAA@CBABA@A@AAKIAAA@A@CBEBA@A@AACEAAC@C@A@AB@FERAFCBUTCB@@AAAA@A@A@A@AAACAA@KIAA@CBU@AA@A@C@CBCDE@GBI@G@MBMFCFAB@@AAGMAAC@C@CBGJA@AA@@@E@A@AA@AAABEDC@EBE@GAECC@CAC@EBKDKHCBAD@BBDBD@DABIFADABA@C@GAECGEGEECCAAAA@CBEHEDGFEBE@GAGCCAC@A@ADCLCJABCBEAKAG@I@KCWCK@EACACAC@I@MAC@GCIGECCAGEQQECKCQAQ@QFWRIBMBMBUJKFOJUJIBEBK@EBE@EAC@GAG@C@GDCBA@A@AAACAAA@A@A@ABADAF@DA@@@A@ACAAA@ECAA@AA@ABC@C@A@A@C@C@CBC@A@CAAAECCACCECCCCGAEAAAAA@A@CBE@A@@CAE@E@@IE@A@@AA@ABC@A@@@AAAAA@AB@BCBA@A@AAAACA@A@A@ADA@@@A@@AAC@ABCBCHCBA@A@A@ACAAAAAA@C@EEAAAA@A@CBA@CBCBCFCB@@A@A@CAC@@G@C@ABC@@@A@AA@@AEADOJAD@BBBB@HBFDB@@DABABCB@@KD@@@B@@FDFB@B@B@BAD@BBBFH@B@B@BABKDKFEBAB@B@BBDFFBB@B@BABABCBSDABA@@B@B@BBDDFJJBFBD@F@FABABA@ABIAA@A@@@@FBBLLB@@@A@C@C@CACBEBC@C@AB@@@B@BBBfTBDBB@DAB@@CBEBG@I@IACB@@AB@B@@BBB@TJBBBB@B@BABABA@CAEACACBA@AB@BBBDBHDHBHFBB@FAD@BCFEDABC@A@A@AC@AAE@AAAA@CAABABCBALABA@O@CAGCAA@ACGAC@@A@A@KBCBCBGDCFABABE@CBAB@@BBB@BDAD@DCDC@EBGAE@GBM@KBE@KCE@C@ABEBE@K@K@E@CAECECCAE@GBIBGBC@C@C@C@GCAAABC@CDC@G@A@CBC@ECO@W@]HI@A@CBGFUdABADBH@D@BABA@AAECAACDCHBB@D@DADABCDELGJCDCBCAG@E@GBE@C@K@YEG@AAECCAEAEAG@E@C@MBC@AAA@AAEGA@AAA@EBC@C@CAA@AC@EAAAACACAMCAAEECECECAAAA@A@C@ABABE@E@GAEBE@QHC@EBEAA@AA@@@C@E@AAACAECCAEAAAMK@A@A@ABGBCBA@A@A@@AAA@C@CB@@A@@A@C@AAACCGAK@AAA@@C@A@ABG@GACAAGCMGACGKEGACAE@C@E@AECAC@AAKAAAAECGE@AAA@ABCFCHGBA@A@@@@GEEEGEAA@A@ABEAA@ACAQG@@BG@EACAAC@EAMKOIGEEIAGCKGIMOEAECC@E@CACCCCECECEAQ@GBEBA@IAIEEGADC@AACAABA@ADCBCBE@G@C@ABAB@B@F@HAF@BBB@@@BCBABG@C@A@@B@B@BBB@D@D@FAF@BA@CBCAOCIAE@A@ABA@A@CAE@A@CBAD@B@B@BDDB@BBBBBB@D@DGJEFENM^@F@ZGPMJIRATAVMNODcFKHKPADCBC@AAE@A@ABC@CBC@@BCAABA@CBIDCBE@A@CAEE@AAAAAA@C@A@AB@BAB@@ABA@C@CAA@A@AB@BBB@DDFBB@B@@@D@BAB@@@BC@CAA@AB@DABA@CBA@A@@D@DBDBBC@CBABADA@C@A@AAECAACAA@AACBAB@@AF@DBF@BCBA@AAECEAC@A@CBA@ABCFA@@@CAEECF@B@HBFABAFADCBC@A@ABCB@BAD@@QBIFKNGH@BEBA@E@CFCBCBC@E@AB@B@DAD@DCFAFCBCBGAC@GBC@CBCBCDEDALAL@FCB@DGH@D@BCLGT@LETDNFJ@@@B@BBDBBBD@BAF@@ABADGB@BCB@@CDAFAB@D@B@BFFBBBBBD@DBD@BABCBEDCBAD@D@B@BBB@@B@D@BBHJDFDFBB@F@F@B@@BBDDBBADADEFCDCDCDAFADAF@D@D@BBBDBDB@DBTBV@VBP@PCRANKTOVSTCFAHBNDDZZDFFJHBTD~ZFXFNLJLFPFL@L@\\ANEZCJ@NBNFJHBJBTBTANBNDF``NJJNATCTALERBNBNDPJXFJNPNR@@@@@BAB@@@@A@@BA@@@@@@@@@AB@@A@@@AB@@@@ABC@@@@B@@A@@B@@@BDFDLJLDFFDBBAHENELEJYhADILKRINILGJGRKRGTIZ@FBFJTDDBD@DGJMfCXBPBZET@JBZH\\FRDF@@@@ADABABCBCDABCD@FABCDABA@AAAAA@A@A@AB@D@DBBDD@B@@CF@B@DAHAFCFEBCDCLCDMAOCU@SNOBY@IFGLWFSHCJcZEDA@@A@@@AAA@AAA@E@GDKJMBGEECGCEEGGICCCCAAA@A@GFGHA@A@A@E@ICEECACAE@E@EBABA@@@@B@@AB@@@BA@@@@B@@A@@B@@@B@@@@@@@@@BA@ABC@CBI@C@IBGDC@ONILA@K@A@@@ECA@EAC@AB@@AD@DDFJJ@B@D@BALAL@HABGBC@AB@@BH@B@@INCZCBIAC@MTE@GDEBADADBFBRCNINWROFO@kDI@IAGCACEEGACBCHCFCDEBEBKHEAGEA]AACBSTCD@DBFEJEBG@_CMDKLEV@FEJBFADABB@@@@B@@BDB@@BA@@@@@A@@@@@@@@B@@@@B@@@@B@@B@@@@BB@@@DB@B@@BB@@@@@BB@@BB@@B@@@B@@@@@B@@@B@@@@B@@@@@B@@@@@@@@B@@AB@@@@@@BB@@@@@@BB@@@@@@B@B@@@@BB@@D@@BB@B@@B@@@@@B@@B@@@@AB@@@@BB@@BB@@BB@@IDMDMAMGEIGSGSESCKMYGIKOCAWEI@KDC\\ADWFUJSDYAAVBHDFAB@@CDE@EB@@ABAJCBA@AA@AAABG@A@@AAAA@C@AAAA@A@A@ADCF@@C@A@AACI@EEEAEA@ABCFCBE@C@GAA@@@AHADCB@BBB@BAB@@C@CCA@@@ABABA@AAA@ABAB@F@HBD@BABA@GBA@CBABA@A@CA@@@AAAACCA@@ED@@A@@@CC@@AB@D@B@F@BCB@@@B@@B@BBB@B@D@B@BB@@BB@DAB@BADA@GDA@CA@@CB@BAD@D@DBDDDBB@@BADCB@BAB@@BB@@@@@BAD@@@BBBBJB@@BB@D@D@FABAD@@@BBBF@BB@HAFADA@ABCBGBABABBD@B@DABCBA@ABA@@@ABA@E@@@AACA@@A@@A@A@A@@@@A@A@AB@@A@@AGCA@A@AB@@A@@A@A@@A@A@A@@@@A@C@ABC@@@A@@@@AAA@@@@ABCDE@@AC@CAA@A@E@A@@A@A@ABC@@BABAD@BA@AB@B@D@D@BAB@@ABA@AAAAACE@AA@@AA@@@@A@@@ADCD@@@@A@A@@C@@CAAA@@A@@DAB@@A@@@A@@AAC@@C@@@AA@@@CAACEA@@B@BA@@B@DAB@@A@@@ACAAAAA@@@AD@@AB@@BB@@BD@@BB@BAB@@@B@B@@DD@B@@@@CD@B@B@BBD@D@BDD@B@DAF@DBFAFCHAHCFCHADA@@@@@@AA@AA@@ABA@AB@@@ACBAB@@AD@D@BABC@@BCB@@EBA@@@@@@@@D@D@D@DADABAFEFABA@AD@@@H@DBDBD@@AB@B@@A@@A@A@@C@A@@ACAA@AAC@A@@BADA@CAC@CAE@@@A@@A@@A@A@@@A@ABEN@B@@CA@BA@A@AB@@@@@@AA@@@@A@@@@@A@@@AA@@A@A@@B@FAB@@AB@@@@@@B@BB@@BB@@AD@@@D@@A@@@@@A@@@CB@B@@A@@@A@AA@B@@A@@@@@A@@@@BAB@@A@A@C@@@AA@@@@@@@AA@AB@B@@@BA@@@AAA@CB@B@@@BAB@DCFAB@@C@@@@@@@@A@@@@AB@@@AA@@@AB@@AB@@AB@@AB@BC@@@@BA@@BA@AAA@A@CEACAA@CA@AAA@AB@@C@@BEBA@@@C@EAE@@@CBCDE@@BA@@BA@@B@@@B@@@@A@@@@@CD@@@@A@@C@@@@@@AB@@AA@@A@@@A@ABC@@@ABC@CBA@A@AB@@AFAH@BABE@A@AAACAE@@AB@@AB@BEDCBCBCF@@A@ABA@@BAB@@@B@@A@@@AA@@A@@@AB@B@@@@A@@@@A@@AA@@A@@BA@@F@B@BA@ABA@E@@@A@ABC@CAA@ABA@A@@@@@@C@@@A@C@A@AA@@@C@A@A@A@AEA@@AA@@@ABABCDA@C@A@CAA@A@IPEDEBKL_N@@ABCB@B@@ABA@@@@B@@@@@@@@@@@@B@@BBBD@BBDBJJVPTHVFLBDBBDHN@D@DEBCB@FBJFP@HCJ@PBNEPIJEDAJCTCJEFKFAB@@BDDFFJADKDABADEDCDBFDL@BBBDD@BBB@@B@@@DEBGBIBA@AB@@@@B@@@BBB@@@ABCB@@@@@@@BB@D@@@@@@AB@FB@H@BBBB@@B@B@B@@@B@@@@@@B@@AB@B@@A@ABB@@BDB@@BD@BB@DD@@@A@@AG@C@A@@BA@@B@D@B@@@B@@E@AB@@@B@BDB@@@B@BA@@BAB@@ABB@@@B@@AB@@@BB@B@@B@@@@B@B@@@B@B@@B@@BB@@JCBB@@@@@@AB@@@B@HBB@B@BA@@B@@@BBBDBBB@@@BABABCDC@C@C@ABEDAB@BCBCBCB@B@B@D@@ABAAC@C@AA@AAC@K@EAAECA@C@A@ABADAD@H@DBB@B@B@B@BK@E@ABE@AA@@@GAA@AAABA@ABA@A@E@C@ABA@C@@AAC@C@C@@@ABCF@D@BBBBB@@ABA@CJEJ@FAD@B@B@BA@C@ABA@@BABC@AB@BC@@B@B@BBB@DAD@D@DABABA@C@A@@@@BBBBBAB@@CACB@DAFCFGH@F@DFBFBJ@FAPGDCBAAC@CBCHAN@D@DDDHJPFDFDDHB@FBFBBB@BAFCFYNIFAB@DBB@BCDEHAF@DFHBBBBBBB@B@@B@@@@AB@@ABEFABAB@@ADA@A@A@ACAAAA@CA@AAC@ABCD@@CBAAA@A@@@CDBB@FBBHJDBBBB@B@DABAD@BBDFHDBB@@BAB@@@B@@B@B@B@@BBA@@B@BBB@BABAB@BB@BABABA@AAA@@B@B@BBB@@@BABABAB@@@DBBBB@F@BABABCBABA@@BBD@D@B@FAD@B@@BBBBD@@BDHLFJ@DABEBCAEAEAOLAFLNFBTDHBFDBFADABA@CACB@DBPBJAFCBED@F@DF@J@DBDHRPPRFDH@JAD@DBDFHLPNF@FAJCJAJBH@DCDCBE@ECEGGAEACBCHBJ@J@FADCBAHBHDHBDAFEFIBIFMJmA]D@NCBA@I@GVgDOBOGWAE@EDEBC@CAAA@@A@ABEBEB@HCBAB@BABA@@B@@@AF@BAF@D@@B@DAB@B@BBD@B@@BDB@@BA@A@@B@B@BBBB@B@B@FBD@BD@FCFANBFAB@@A@@BC@AB@B@@ABADABABA@@@A@A@@DADA@@@B@@@@@B@B@@B@@@BA@A@A@A@@B@@@BBBB@@@@@CBC@@B@B@B@@BBBBB@BB@B@DC@@B@BB@BBNBDJJFDF@JCFAB@BF@N@HBB\\J`LNFFDNBHBFAFCLCHBFFBBDBDAJAHDHBDBHADAHGDAF@TDNHJLLPFN@RB`FVBJBBJBBBBBGPAFRDBEBODIFCLAL@HDDJBJFBH@NCDEAEEODM@OFKLAPAHBTRHBDAFAFBFDHH@JDHFDLJRLLBHBBDBLBDLHDDBL@JC@MD@@AFBDPFHBBAFIFAFBDD@FAHAF@DD@HAFCB@BDBR@DAFCDIDWHIBAFAHABSJEFAFBFFLBF@BCBIBMDEDEJEFEDEDGNABBBBDJF\\TFBFBF@^AF@BBDB@BB@XHF@BBD@H@D@DBHBdLFBB@DBBBDDBBB@DBF@BBBBDDDDB@DBDBBBB@BBBBDJHNBDDDBFB@DDBBBBBB@B@FBD@BBBFBJBBC@AACCGEICEAEBADAT@\\EJCFEHGB@D@@DBFDBDB@BAF@F@DDBBD@JCFAF@FBBDDH@JCFEJSLMBK@UCQCKBGDGBK@GD[FQBEF@RGncVIFC@E@IAKCAG@E@AA@GAEACC@EDE@EAQGCCAABClOHCJIHKFAFBJDDBZGFADE@ACCIGAC@EFOBGHMLM\\QLOLUACAIEGAE@CBGAMGUEQ@CJQNMHMBC@EIS@CBE@ICCKEGE@E@CFEFKBGAGECIEMCIAECAECCECG@UHGBG@EAACAEFMHOFEJARBH@FALMDAB@BBDB@@DAFIFEB@DDFDDBB@DEH@HCFC@@BBBHDFDBDBBA@EBCBAFAJBB@@BCBC@@B@BLDJDD@HCHCF@FB@DCPBDDFJLFLBNBDDBB@DAHEDAdLJFFJBBH@HADCBEDODCHELCFCBIAG@C@CRODAD@JNF@HBD@DAFQFEFALBHAHALGJEFAL@HBRLD@B@BC@CAIDEJCD@DBBF@DBDLDDDDBBCDCB@DBDHDLDFTL@B@DAFCL@LDFFBNFDD@DADCJGJIBMBOHMBGFEJELCJCBAAE@E@[HC@IFAFBFPTBBNHB@@DABIRCL@BRDD@DGBAFAH@DDFLDFFBFAPKJEBAFBBBBJBBHHNRFLBBDBNCJAF@FBBD@D@HDDHFLFFB^E`A@BBFAnABMDK@EAC@A@CB@HBPBHABCBGDCDCD@DDFFHBD@FCH@DBDDF@D@J@DBBDBF@DBBD@DADMR@F@J@BD@FAJGDCDCDCPmDMBAB@B@BD@J@FDDFBJ@J@HBNFH@B@BE@EBAFAFBHBFBFDBBF@HGD@F@DDBBDJHdDFDDF@L@JBLDDBBFBBDBBDFLBBFDF@BBDD@@NGF@DBDF@HCHEF@HBFBBJCPAZEP@DABCAGBIBCD@F@BBFFDDLLNLFDBFBJBDD@H@HABABGBAD@BBD@D@JCH@D@BBFJFRBDD@F@^ELAJENMFAH@PEJADDDHBD@LEL@DBBBBPEXEJAF@FDLHBBB@FCFADBFDDDB@D@HILKBABB@BBN@FFNBBVHD@HCFAB@DBFDJFHDB@FAFCP@D@BBBFDJDDFBNAL@JBHAJEFGFAD@BB@HAFCHKJGJAF@FRBPFHDFHJNJfp|FDXFJHNBJAHFHFHHJFR@J@LBJFFJFNHZDFDDDFLDZBDAJKDKPGH@R@NAPEFIRKPGPEBGDKHKLMFAH@PEZMNATCD@FCRELHDBTAJ@JCPBNBtNNDTFZEPOBCAC@@AAAEEG@A@ABIAC@CBAFCFCHALCFAD@DBFDFDD@B@NI@A@ACCCECG@C@ABAH@F@B@@A@@AC@@@ABEBC@@ACACAC@E@AB@BA@ABGFIBA@@@@BAFGB@F@PBDB@BABCH@D@@BBFABAA@@AAA@AH@B@@C@GBIBGDIJOBEACC@@A@CBIBEBAA@@@CAA@E@C@GBC@EAA@A@@BAHAFABA@A@CACAA@GSGMIOIMEIAGFALDJBFCBMdBRGLENJFJLJHFTHTGLEJAD@HBHBB@DA"],"encodeOffsets":[[112512,38168]]}},{"type":"Feature","id":"610100","properties":{"name":"西安市","cp":[108.948024,34.263161],"childNum":2},"geometry":{"type":"MultiPolygon","coordinates":[["@@D@@CMMAIKGMCADADCBEFDDFHABDFFDDDJ@NCF@"],["@@@BBBBBBBDBBBB@DBD@BAD@D@L@FBH@B@B@B@B@B@B@@@BA@@@ABA@C@@BA@@BA@@B@@@B@B@B@BB@@B@@@D@@@B@@AB@@AB@B@B@B@B@B@DBB@B@@@F@BAFCBAB@DAB@B@BBDD@@BFBFBBBBFB@@B@B@@ABAD@@ADA@AD@B@B@B@D@DBBBBBBBB@B@D@B@B@D@B@BA@ABA@ABC@CBA@@@AB@B@B@B@B@B@F@B@B@B@B@D@B@B@BB@BBBBBBBB@DBB@D@F@D@D@B@D@D@FBD@DBB@B@HBDBB@DBDBB@BBBBB@@BBBBB@BBD@B@BBBBBD@@@DBBBDDBD@B@D@D@D@D@BBD@B@D@BBB@BBB@DB@BBB@@BB@BAD@FAB@D@B@D@D@HBFBD@F@D@D@D@DA@@B@B@BBD@BBB@BBB@BBB@@@B@@@BA@@BABA@@DABA@ABA@A@ABA@C@A@CBABC@CDCBAB@BCFADA@A@A@AA@A@AAC@AAAAAA@AA@@C@A@C@GFIBEBAFA@@DC@AAA@@AA@@CAAACAAA@C@@@EBC@SDQBEBEBC@EDQF]@@@C@C@AAA@A@A@A@ABA@ABABA@C@CBE@C@C@A@AVB@@C@@BG@EEBE@CAICIAEACCEGGICC@@GAC@A@CAA@IAC@A@EDC@A@@AGKBIBGBEBI@CBCNAH@BADCBABA@AAA@AA@A@C@CB@@A@C@A@AAAAA@@AACAAAC@ACGCEAC@AAA@G@A@CBA@CBEBABAD@BAD@DAD@BBD@DAB@DABABADA@ABE@A@C@A@ABADABADADCB@BC@A@A@AAAAA@@CA@ABAB@BABA@@@A@A@@@AAA@A@A@C@A@CBABABADADABADAB@DAF@HA@ABABABCBA@A@A@C@A@A@A@AAA@C@AB@BADAD@BAB@B@B@D@D@D@@@@@@A@@@@A@BA@@@@BAB@@@@@@@B@@AA@@@@@@@@@A@@@A@A@@@@@@@@A@@BA@A@@A@@A@@BA@@@@@A@@@@B@@@@@@@@B@@B@@@B@@@B@@@@@@A@@@A@@@@A@@@@@@A@@@C@@@@@@A@@@@@AAAA@@@@@@BA@@@@@@B@@AA@@@@A@@A@@@@@A@@@@@@@@@@AB@@@BAAABA@@@@@AA@@@A@@AA@@AB@@@BA@@@A@A@@AAAA@@A@@A@@@@BAAA@@@@@@A@AAAC@@B@@@@A@@A@@ABA@@@A@@@A@@@@B@@@B@@AA@@AB@@@@@@@@@@@@A@AAA@@@A@@@@A@@A@@@@BA@@A@@@@@AA@@A@@@@@@AB@@@@@A@@@@A@@@@@A@@@@@A@@@@@@B@@@@@@@@@@@@@A@@@@AA@@@@@@@@@B@@A@@@@@A@@@@@@@AA@@@@@@@@@AA@@@@@@@@@@@@@@BA@@@@@@@@@@@@@@@@AA@@@@@@@@@@@@BA@@@@@@@@@@@@@@A@@@A@@@@@@@@@@A@@@@@@B@@@@@@A@@@@@@@@A@@@A@@@@@@@@@@@@@@AB@@@@@@@@@@@@@@@@@@A@@@@@@@@@@@A@@@@A@@A@@@@@@@@@@@@@@B@@A@@@@@@B@@A@@@@@@@@@@@A@@@@@@A@@AA@@@@@@@@@@@BA@@@@@@@@@@@@@A@@@@@@@@@@@@@@@A@@@@@@@@@@@@B@@@@@@@B@@A@@A@@@@@@@@@@@@A@@@@@@@@@@@@B@@@@@@@@A@@@@@@@@@@@A@@@@@@B@@@@@@@@A@@@@@@@A@@@@@A@@@@B@@@@@B@@AB@@@@@@A@@@@@@B@@@@@@A@@AA@@@A@@@@@@@A@@@@@@@@@A@@@@@@A@@@@A@@@@@@@A@@@@@@@A@@@@@@@@@A@@@@@@A@@A@@@@@@@@@@@@@@@@@@@@@@@@@@@@@@@@@A@@B@@@@@@A@@@@@@@@@@@@@@@@@@@@@@@@@@@@@@@@@@@@@@A@@A@@@@@@@@@@@@@@@@@@B@@@@@@@@@@@B@@@@@@@@@@@@@@@@@@@@@@@@@@@@@@@@@B@BAF@F@F@DADAD@BA@CB@@A@CAABABADA@@DA@ADCBAB@BADABADA@@@@@@DABCBABCB@DADAJADAB@BAB@DAB@BAB@BADABABABADGB@@@@@B@F@DBBBBBB@BBB@D@B@B@DAB@D@DAB@B@D@BBB@B@FBBBBBDD@@BBFAHCD@F@FBB@DADABADAHAHCHAB@DAJELCJA@AFA@@DCJCJCHAB@@@B@BAB@@@BBBBDBBBBBBBBBDBD@DBB@D@@@B@B@B@B@B@@@B@B@@AB@BABABABAB@BADC@@B@D@B@F@B@B@D@BBD@DBDBB@DB@@F@@@@@D@B@D@@@DAD@BAD@DAB@B@B@D@D@B@BAD@B@BABAB@BAB@D@B@D@B@@@B@B@@@BB@@B@BA@ABABC@CBCBA@ABCBA@C@AB@@A@AB@@ABA@@BAB@BAB@BAB@F@BAD@D@B@@@F@B@@AB@@@@@BA@A@A@@AA@@@CA@CCAAAC@AAAACECCCAAAAAC@A@@@@@AB@@@B@B@@@B@B@B@B@DC@@BAB@B@@@D@@@D@@@BBB@DBB@B@B@@@BAB@@AB@B@@@B@@@B@B@@@D@BA@@B@@@BA@@BAB@@AB@@@BCBA@@B@@A@A@@@A@AB@@AB@BA@@B@@@@@BAB@@A@@BABC@AB@BCDA@@BA@@BAB@B@@@B@@BB@FD@@B@BBBBBBB@@@B@@@@AB@@@DEDA@@BA@@BA@ABABABABA@@@AAA@@@AA@CCCAAAC@A@@@AB@@ABABABABA@A@@BA@@@A@AA@AA@@AAA@AC@AACAA@GCA@@@A@@B@@AB@D@@@B@B@BBB@BBBBBBBB@@BDB@@@B@@@@@@AB@@A@@@E@@@ABC@E@C@AA@@AA@ACCCCCECECICEEEGIEEAACCA@CAA@A@A@A@A@A@A@AA@@A@AA@AAAAA@A@A@A@C@A@C@ABC@CAA@A@AAC@A@C@A@A@@AAAAA@AAA@A@C@A@C@A@@@ABA@@BA@@BA@AB@@CDABCBABA@AB@@A@A@A@@@A@@@AAA@A@AA@@A@A@@@A@AB@@AB@@@BAB@@@BA@@B@B@BABA@@BA@@@A@@@@A@@AA@AAAAACAGCAAGAGCEAEAC@C@A@@@A@@BA@ABA@A@ABA@@@ABABA@@BA@@@@A@@AA@@@A@@@ABAAA@@@A@AAA@AAAAAAAACAACAA@EAA@A@C@A@@@AAA@@@AA@@A@@AA@@A@@AA@A@A@A@C@CAA@@@@A@A@@@AAA@A@A@A@A@AAA@A@A@A@A@A@C@C@A@C@A@A@C@C@C@EAC@E@@@IAEBA@A@EA@@A@A@AAA@@@AAAAAC@@@@AAA@@@AAA@C@A@A@@@C@A@@A@@@@@CAA@A@A@AAA@A@@@@AAAAA@CACAA@A@AA@@A@@A@@@AAA@@@A@C@A@@@A@ABABA@@BA@@FCBA@@BA@A@A@@AAAAAAA@AAAAE@A@AAEAA@@AA@@A@@@A@A@GBA@C@AAAAC@AAC@@CI@AAE@CA@AAAAAAAABABABABA@A@AA@@AAAAAAAAAAA@A@A@ABABAB@DA@ABAB@BADAB@DADABAB@BABAFC@AB@DABADADCB@B@BAB@B@BAD@BAB@BADAB@D@BAB@DABABA@ABADCB@BADABAD@NAFE@GCIIE@A@@@A@A@A@C@ABA@A@A@CBA@C@A@AAA@AAA@A@C@A@AACAA@AAC@AAAE@A@C@A@A@C@A@A@CBA@A@C@AAA@AAAA@@CCCAA@A@A@A@A@AA@AA@@A@AAA@AA@AAA@AAAAAAAAAA@@AAAA@@CACAA@C@A@A@AAAA@A@A@AAA@A@C@A@A@A@AAA@ACAA@AAA@A@A@CAA@A@CAA@A@A@C@AAE@@@AAA@AAA@@AAAAC@ACCC@@@A@CBA@C@CAE@C@E@CBE@C@CBEBC@CBC@A@C@CACACA@AAA@A@ACAA@CBA@A@A@CAACACAACAA@CDABABABCBC@C@GAC@A@C@ABCBE@E@E@CAGBG@C@G@C@CBAB@DADAB@BCBEAC@G@E@C@CBABCBCDCBA@EBADABCDABEBCBCACAC@E@C@A@CACCAAE@ABEBC@CCAAAAAAAAC@CAAAAAC@C@ABC@A@C@CBABC@CAC@CBABCBABAB@BADADADADCBEBCBABC@CBI@E@E@CBEBC@CBABCBC@C@A@ECCAAAC@CBCBC@C@C@A@EACCCACCAA@AAA@ACACAG@G@C@K@EBEBC@CDAB@@CBCBABA@CAC@EAEBABA@CAEACAC@CACBCFABABE@C@AAC@C@ABAAACAAC@C@ABEBCDABA@E@E@CCABC@AB@B@@ABAB@D@D@J@F@BAFBB@B@DEBCBABEFADCBA@C@C@CAA@CAA@CBCBC@ABA@ABC@GAMCEACDEBBD@FGHA@GBG@CDADA@A@CAC@AAAAAABAACAECCCE@AACAACCCCCAACCCCAC@GCAAAAAA@AACCACCEAE@E@E@C@A@CACAACAAACC@C@C@A@EACAG@GBCBA@C@A@ECAAECC@EACCEACAC@C@C@A@C@CAE@CBC@EBA@ABABAAC@A@AAAECC@C@E@C@C@CAC@AACCACCCAACC@C@A@A@AC@CCAEAECE@A@C@AAAACCAACAAAA@AAAACACAC@AAA@C@A@@BABCBE@ABC@ABA@AC@AAAA@CAC@AA@CAA@CAAA@A@ABCBA@C@ABABCBA@@BC@A@CCA@CAC@A@CAA@ACAA@@AAA@A@EFABA@A@AAB@@CA@CAA@CAAACAAAAAAAC@A@EDC@AACAA@CECC@E@AA@CDIDGFA@ABCDCBCBABABABCFAD@B@DDDBDBFBF@D@D@B@DABABC@E@CAE@A@A@ABABCBA@CACAIECAA@EAA@AAC@ACAAC@C@C@C@CCCAC@C@C@@@GBABA@@DABBB@BA@CBEBC@C@C@C@EAGACBC@C@EBABC@E@C@C@CBCB@DC@A@CCACAACCGCEAEAGAEACAGAC@CAA@CA@EBEBC@C@CAACAEAA@AAAC@AAAAAAC@ABC@@ACAE@AACCACAA@CACCACECACA@C@AA@@BCBCBABEBCACACCACAC@EBC@CAA@CBC@C@E@A@C@A@C@ABAB@DADADADCDABCBC@CB@DAB@D@DAB@BG@EBCBA@@BG@E@A@ABCBABA@CAC@GBODEBA@ABODIHG@CACACAICCBC@CBCAECECCC@@GEGAGGEICAC@CACAGCGAICGCGAA@AECGAAK@CBADABCD@@A@EFCB@B@@@D@BABA@EBKBG@ABCD@FAHADCBABA@GAG@GAIBIBC@AAAC@CBA@AAAEAE@ECC@EACC@CACCCCECAGAGCAAAAAACA@@C@G@QFKBE@EACEECQGICIACCBA@AACEAAAACCCCCEECCCEAC@AAAGCE@C@A@C@A@EBGBC@A@@@ACACCCECABC@@@CBEAGDGDC@AAAEAACC@C@CAACAEACACBEBEBCAIAC@CBCBCBCACAEAC@ABCD@@GDGBGDCDCCEAC@A@AACCAAEEG@EFKFEFGD@@IBG@GBE@C@GAEAGCKKCECCEAA@ABAAABEBMBEBMHE@ED@BCBEDEBC@E@ABCBABEDA@A@AAE@A@@@CBEDEBC@E@EBGBCBC@EBE@GAAAABCBCDEDEDCDABABA@GCIGEAG@@A@EAACCCAABEBA@IAABA@@BCBEB@B@@@BCDCBEBCBABCJABA@C@CC@AACC@CAAEAA@C@EAEACCCCEEGACAAC@A@EAA@AAAAAAAGCCCEAC@CCE@AEAECCAA@A@CBABEBAB@@CA@@EAA@I@A@EDCD@BC@ABABA@@BCBCDABIHABA@A@CCEACAC@EBCBCBCBGDCBCBC@E@A@A@C@EDABA@A@A@C@CB@@A@C@@AMEA@A@A@A@A@EBC@CBC@C@E@C@A@ABEBCBMHA@CBA@K@I@CASA@@A@AF@BABCBABAD@D@@AJ@JMLOHOL@H@@@@AB@BAB@B@@@BB@@@BBB@DBBBDBDDDDDFBDBD@@@BA@@BNJBNIJCLVDPPBZD@DBBBB@@BBD@B@BAD@@@D@BBB@BDBBD@B@@@DAD@BAD@@ABABBFJXF^B^FTCVCLND@@F@FBDBDBDDBB@BDBB@DBDBDBDDDBFBDBDBFBFBFBFBBBBBB@@B@FFHBDFDBDDDBD@BBDDD@DBBBBBDBBDBBBBBD@D@DBF@BBB@@@BDBDBBDBBBBBDBBBD@B@BAHAD@FADABAFABA@ABC@AB@BAB@BAD@B@@ADA@ABABABABAB@@AB@B@B@D@D@DBD@DBB@B@@BB@BDB@BDBB@BDBFFBBDBBBDBFBBBFBB@B@D@D@BBB@BBDBBBHBD@H@H@D@B@@A@ABAB@@CBABC@A@@BA@ABABCB@FABAD@BB@@B@B@D@D@B@B@BAB@B@BAB@B@B@D@D@DBD@B@B@BBB@@B@@@DCD@BBD@B@B@BA@@DABCFABADAD@B@F@DBD@D@F@BADCF@DBFBDBDBD@FAD@DDDD@H@DBD@DD@B@DHDLJD@DDBBBD@@@J@DAB@F@B@BBBBAF@BBBF@@DBFFDDDBBDDDBDBDDDBBBBDDFBBHC@@DBAB@@@@BABA@@BADAD@BBDDDBDAFAN@BBBBH@LABABADAFD@B@BBB@AHDHBDBAFDFDDDBD@BBDBHBB@FBBDBF@DF@FCJ@@@DBD@BBDDDBDBD@FBB@F@BBBD@DD@D@BCBCB@B@BAF@DCJF@D@@B@@B@D@D@@@DBBBFBD@BAB@F@DABBBBBBFBF@D@D@BBB@BAB@@@B@B@D@B@B@FBB@D@D@F@B@B@@@@@B@@@HA@@B@@@B@B@@@B@BAD@@CBADAFAFAB@B@B@D@D@DADAFAHCDCDABAD@J@N@FBFFHDFBJBF@H@F@B@D@DAD@DBF@H@HAJCLAFAPIHEHENKDAHCFADAB@HAH@FBFAH@J@HBHBJFJFLDFBH@D@F@JAPCFALCJCDCBCBADANAD@J@JBHBHBJDLDHDHFBBBBN@L@N@PCN@NAD@HEHCDAFBJBDBD@HHJDLBF@JCLCFBJDFBBBTHLFDFFFFBHBH@B@JDHBFDFDF@H@HBF@DBB@B@D@F@D@B@B@BABABAB@FAD@D@F@BBDFDDBBFBJ@D@H@JBDBFBHFFDFDHBFDDHDDFDDBH@BEB@^LPHH@FCDK@ABA@ABABAB@BADA@@BA@A@CBCBAB@@AB@B@B@JCFADCJAB@BAB@@@BBB@@B@@@@AF@J@JBB@B@@FBB@F@D@B@@@BBAB@BAD@@ADABAB@B@BAB@B@D@DB@BBBBBB@@N@DBD@DBD@B@B@H@D@D@DD@@@BBBBBBB@B@@BB@@B@F@@@BBBADADABCBABAB@@ABAB@B@B@ADBDB@FDBF@B@B@BCDEDABAB@BB@BBBBB@B@D@D@DA@@H@B@DAD@LAF@JBF@H@NADB@BB@BD@D@BADAFCD@B@@@@DD@DBF@F@BAFBFAB@DAD@B@D@@@DDBDBBDCDAB@BBB@@B@D@B@BB@@@D@B@B@@C@@BDHBNFDLJFDF@VEF@FFBDDDHBDBBDFDDDFDFDFFDBDBFBF@HBF@J@LAH@HBHDHDHHFJDBHBTA@@N@JDFFHFJDLFLJDDB@CP@DAD@D@BAB@BAB@B@@@BA@@BBDFDB@B@BBB@B@B@BAB@B@@@BA@ABA@A@AB@BAB@B@@BB@@@@BB@@B@B@DAD@@AB@@@B@B@B@BAB@DAB@BAB@B@B@BB@@BBB@BBBBB@@BD@B@BAD@B@@AFBB@FBD@F@@@B@BAD@@A@@B@B@@@BBD@@BB@B@BABA@EF@@ABBDBDBJ@BBB@B@D@D@DBF@B@BAB@B@BAB@B@B@D@BBD@B@B@B@BA@@BCBC@A@CBA@ABA@@BAB@B@B@DAB@DABABABCD@DAB@B@B@D@@BBHFB@D@D@B@B@FAHBH@BBD@BBBDBBBDD@@@D@@@DAD@F@FBD@BBDB@@BB@BBBBB@BB@BBFBBBJ@HBFDDBJBB@H@B@TBB@F@FBH@D@D@F@D@D@B@D@D@B@B@BA@@BA@@@AB@@AB@BAB@B@B@D@BBB@D@B@D@B@B@@AB@BADABABABAB@@AB@BA@@BABABAFAD@F@JBRBHBDBHDBFBDAJALAH@HBJAJ@B@D@DAF@@@BBDBB@BBD@B@B@D@B@B@BBB@@BBDD@@@@DBBBB@@@B@B@@@B@B@@@B@B@@@B@B@BBB@@D@B@B@B@B@B@B@B@BBDDBBBBBDDBBDB@BBBB@@@@@BBBBBD@@@B@B@B@B@@CH@HBFBDDFBD@B"]],"encodeOffsets":[[[111793,34623]],[[111794,35525]]]}},{"type":"Feature","id":"610700","properties":{"name":"汉中市","cp":[107.028621,33.077668],"childNum":2},"geometry":{"type":"MultiPolygon","coordinates":[["@@@E@@@A@A@@IA@@BH@DH@"],["@@DIBABA@A@A@GIMASJYJMFQIQBWEYJQPOEYOUB]JUBYGSEUPUTIXCZCTSVQTKVORGNSF]EOOQGGCA@CAC@QCCOFKLUHOKYKGGNKHGA@AE@C@A@C@A@CAAC@AAAG@AC@G@C@CAMMEGCGECCAIAIGCBA@CCFGBEAAA@C@EAECEEAEEIAGBI@A@@@ADEBKDADBD@BAAA@A@A@C@CBC@A[]KUBQACCBCB@@ABA@CA@A@AAAC@AAA@BA@@FABABCD@DADA@ACCACB@BC@ADCDAD@BDB@DCNGBE@IACCADCLAPI`M@@@CAAGECEFGBA@ADBBBBD@D@DDDHDFBF@D@DBB@BF@BBCDEFADBF@DCFOGISICMBMNYCWBSBQEgMQGYBKH_RSJILQHW\\[BEJUEOIKGOAUF]AOCUQWSQWQQGOQCWDYLMNKX]DQFSJWVOH@FGAECEKCDGFEA@G@BAJKF@NDEKIK@EL@LHFFLBHIEKA@BE@ABAB@D@DBH@DBFAD@DCJCL@F@LHDABAD@BABAB@BAJABA@AB@@C@A@C@CBABCB@BABAF@@AFEJGB@@A@ABA@A@ABCBAHADAB@BABA@ABCBA@AHI@AB@BACGBKGIMGAEBATALALEJE@ECE@MBKDEAABA@CAA@A@A@ABA@A@ADCBEBAAG@KFUFOBGAKKG]@KDMJKBYHYFE@GAGBKACEDIHGN@NCTIRKLKNINKHMNU@GBM@ILOJGLGLIHIDEHOEOCIOCKEKIY[SIOGKEIGIEGIUKE@KBGKNMAGKASBQLWL]DQ@UCKMFW^sF[ECI@IHMFG@EEAGBQJMJGNWDKL]FUFEZSNGPSJUHIJS@MKGOCOK@ACCAA@@@E@CA@AACAACACA@@AA@@CAA@A@AACACAA@ACAAAAAC@CB@@C@@AA@A@A@CBA@A@@AA@AAA@ABA@@@ABCBADABA@A@ABCAC@EBGBABA@ADGFA@CBC@ABA@AB@@C@CACACACAA@C@@@CDA@CB@@ABAAA@CCCA@AAA@@@CCEACAAC@CAC@ABAD@@A@A@@@AA@A@@@AAA@ACAA@AAC@EBA@A@ADABABABC@A@AAA@AA@AAA@@@AA@ECCAA@AAAAA@@CBADADA@A@@DA@A@A@A@@@ACCCACECE@@@@@AB@BC@@BA@@@@@A@@A@AA@A@@@ABA@@BAB@@@B@B@@@BC@A@CAA@AA@AA@@ECAAAACAAAA@CA@AA@ACAAAAACAA@EAAAEIGCCC@C@A@C@SAA@ABA@KNCDIJC@GDEBAB@HA@@BCBEFCDEDCDGHMLAD@BCDEFABC@@BCAAAABABC@A@A@CJ@@C@ABADCBABAAE@EDADABE@CDAAIMGGAAMBI@EC@@AB@DABEHIHCBIDE@AB@@@BBF@BABABO@EFCBGJ]`AD@@ADAF@DADAFEJCDCD@BCDCDCBC@ABABABAB@BCFADCFCFAD@BADAFCFAFCFABABEFMNAB@BBBAD@@@BCDABABAB@B@F@DAB@BA@A@GAIAGCC@EAC@IEAAC@C@G@GAGDEBCBAB@@AD@F@BAD@BABEBAB@BENCH@BAD@D@B@BDF@D@F@DABADCFABKJABCRADAB@@A@ABA@CAC@@@@@A@C@A@CDC@CDGDEFCDEFABCBA@CAECEAGGIBI@I@MAGBEDCBEDI@A@@A@@CAA@AAA@A@@@A@@AC@AAA@AA@@A@A@@@A@@@BA@@@AA@AB@@@@AA@@@@A@@@A@@AA@@@@BA@@@A@A@@@A@@@@@@@@C@@A@A@@A@@@@@A@AAA@AB@B@B@@@@@CAKCEBKCG@GAGCGCCAGCECIAE@EBEBCBIBGHEDEHAFCDIVCHETGB@A@@AA@@A@EBCBAA@@AAAAAC@@AA@@BA@@A@@@A@CA@@A@@@@@A@A@AA@@@@A@AB@@ABABA@@@A@@A@@@@BA@@@A@@AA@@ABA@ABA@@AA@@@@DAB@BAB@@B@BBBBA@EB@@E@AB@@@@@B@BB@@BAB@BBB@@DB@BB@B@B@@BDBBB@@@D@B@BB@B@@@B@@@@@B@@B@BAB@@AB@@A@@B@@BDBFA@@F@@@BA@@BAB@B@BA@ABEBABA@A@A@@B@B@@@B@B@@@@A@E@A@A@A@@@@ADA@@@A@A@@@@ABABABAB@@C@@@@B@@@B@@AB@B@@@@@F@@@B@BAB@@B@BB@@@@@@@BABA@AAA@A@@@AB@@@F@@AB@@BB@B@F@FB@@B@@AFAB@@@B@B@BAB@@CF@@@B@BDFFHBB@BBDBB@@@B@BADAF@DBF@B@DABE@EDEBGBKBIDKDK@GBSAGBIC@CCC@CCEEIGG@CCEEGCEEEICMEQGGAQEGCKCGCGCGGCE@C@E@C@KAEECGCCAEACE@K@GAKAIIMEGGECGBGAKKGGBEBCBIDEDGDQFGDSJEFEDEFCFGNAHAFCFAHCFGJGFCJIFKFIBGDIB@A@@AAA@AA@@A@@@A@C@@BA@A@@BA@@@A@C@AA@@A@@B@@@B@@@BA@CAG@@@A@A@@@ABA@EBCBODEBADCFAFGLCFEHAFGJCJEDGBCFGFGBEFCFAF@JCDFFHHJFFNFR@JFTFNDHDPAHAHIPALEJ@F@F@HBHBF@LCFCJEHCFEFEBODGAGBGDCFCDAJ@HBNDF@FBHBDBFBBADEBG@CBEAA@EACBCBC@G@GCE@ABEBCJABABC@C@E@C@A@CDC@G@C@AACAE@IACACACEACE@E@SFEDKBGAE@C@C@EBCAAAAECCCAEAYAKAGEC@EBCFEFCDCD@D@H@BABGBEBCAKEC@EBCBG@A@CFCBMAGAM@MCCACEAECCEAAAE@E@ECCECAC@CBEBADIDIBG@G@AAA@EBA@C@@A@G@A@@AA@AAC@@@A@AAC@@CCA@@@ABCBADBDAB@DAH@DBF@F@DAD@FAFBBFJ@B@DCBCBMAG@I@KAU@KBGBEBCBAAEGACACOAGCIEGGUOICMCCCCEIGCEEEMGEAIAEAOBA@GCEAKEAAAAA@CBA@E@E@C@I@CBMFA@CAA@E@KFEBCAA@CA@@AA@@@AA@@@CEA@AABAA@A@A@ACA@GAAAC@E@AA@@C@]CKAMAQCCAE@A@A@A@ACAAAAA@GACACAC@A@@AACAEAG@CA@@@@AIBE@E@EAABG@E@GBK@CBEBABCDCFCBABA@A@A@@AAE@C@C@EAC@CBG@C@@@AA@CAQOKIECCCACKEA@A@ABC@IBEBA@CCA@A@A@GBCDCBKJCH@DBDABA@CBABA@@DDLADQJILCDEDEDIFCBABADCBAB@@AAA@@@MBEBA@E@G@GACBOFKDKBEBA@AACCEEAAC@G@EAE@GCE@A@GBEDCDCFAH@FABCBABCDAD@BABGAIAE@ABA@CFGAGCE@E@MBA@GDADA@ABC@AA@CAAC@C@GDK@G@GAEAA@GDGBADBB@DAHCFCBIAGCIACACDADCFAF@DADCBM@ABCBE@MAKCGBEBABABCRCDCDGBGBE@ABAB@DABADCDA@ABA@CA@@CFABABCBABIH@BJB@A@@@ADBBBFB@BBBBBBBDBB@BD@D@B@BAB@BA@@@ACECACCAA@CA@@AA@@G@@F@BC@A@CAK@AB@BBF@HBFBB@D@BDBB@HBN@DBBBDJFDB@B@D@DAB@DD@DBD@DABADABBBBDBD@DEHAB@@BHBF@BC@C@CDA@@@CAC@KACBA@EAA@@B@BDB@B@BA@IFADGDCDELC@EFABA@AD@BCD@B@@DDBDCDABADAD@BA@A@A@A@@ABC@CBAC@EAAA@C@CAA@@A@QLCBA@A@@A@@BE@E@GAC@CAAEACAEE@@@GAC@CAAC@A@CB@@AAC@AAA@KAED@B@BEF@BGHCDA@C@A@EDIHEDA@E@ECCCAAEGACAAEAAAKGGCA@E@KGA@A@C@ABEFCBEBC@C@A@GBCBCA@@A@CBC@CDABGDA@A@ECA@AACAC@GACBAAAACAEAG@AAA@EEEBA@AGACCCAACAC@ABCDCAIBEDCDCBA@C@G@AAAOACAC@A@CBCBCDC@A@CGEGKACFG@GBGBGBE@CA@ABABCBC@E@CAEEEGCGCCCAEAKEEAGCCCCBCFGRCHCBA@E@E@GEA@E@CDEDEAKIEGEIWJIBKECAMMCGECCAGBE@C@AECECACCCGAEA@C@K@A@C@GGIEGBC@GECCCICCCAIBE@CAGIAAAAM@IAU@EAE@A@GT@FAHCFABAD@F@DADA@CAECC@C@MCE@EBIFEHAH@J@F@FBHDFHDFBDDB@BFADADADE@EBEBADAFAD@FDX@D@BABABC@CAAAC@CBCCCAGCC@ABCDGVADBHBHDHBFIVCDAD@\\A@CBEBADABAHAFABMBMLEDCHGXBLBF@XBBFDB@BF^PBAD@LDD@FCLQFCJAHBFDD@LCHBFAFADCFEDEDEDCBGDGFEJGFEJ@L@JALBJBL@LDJ@J@HDFBDFFDFJHFHDL@FBF@HBDBH@HBHBTDJ@HBJ@HAH@JBTBHDLBJFJDJFHFJBHDHBHFJBFBLHXLJDFFHDDDJDDDH@JAHAJCNGHAFEH@HDHHFDFHDFDFFFFFHHFFHFFHLNPNDDFDDHBJFH@H@T@@FHHFAFAH@J@FCBGBCDGHEH@FBLBHBDDDH@H@FBBB@D@BFB@BEDEDADCHCDEDAHBNAHBDHDHHH@FAFD@BBF@DGFSA@@AHCFAHBDFFDDFBDDADCBCDEBCAGCEAEGMEE@CBCDCFBHDFFFJHFDJBHF@BLH@@KNCH@@BBDDDDDBB@FDB@CBAD@B@F@B@@@BBFBBD@BBDAD@BABAB@BCACFEHADA@C@ACAEBC@@AIGCAAA@A@A@ADAB@D@D@FBFBB@BA@@@A@AAAACAAAAAABABAB@BABC@C@I@A@@BABAFAHCFGDAFBJJBF@D@FADBH@LAH@HBH@HAFBFAH@HCJEFMHGDOFGDKJKLEHCDCBGDGBGBE@K@E@I@EAG@GCO@KAKCOBEBCDEBEFEFCHGFMFG@U@IBEBGBEBEDGFADAH@HDDAHCBIDGBM@M@KFEDCDEFEFEHAHAF@JDDLFBF@DDHAHCDEDCDEFEDCBGHEDCFEHEHMVEHGHCFCDBFHFLDHDJBJ@DAFCFCFAD@F@HAJ@L@L@J@L@HAJCRAJCJ@JBF@HAHBJBDFBDBHDNBFDF@JDH@LAJ@JAJAH@HELANAJFLDFDFHJBFBH@H@FAFDHDDJHHBTNHDDDHHFFJPBJBJHDJDDDDPDFBDFDH@FAT@JDLJDDFDDFFDBDFFDHDFBDDBFDDDDDBDBFBFBBAFBBBFKL@@BBD@D@DCFBL@F@J@JAFAFEBCD@BAD@DABBD@HDD@FBF@BDFBBAB@@E@G@GBCDAF@BAB@D@BBDFFBDBFFDHB@BBDBD@D@FAFAB@B@HEBAD@NFBDHFB@FBJFBBB@HCHA@@DAD@B@BCBATABAFGFABAB@DB@@D@LBDI@CIGGEA@C@ABOBAC@ABABAGMCIAA@ADEDAB@D@F@FBF@B@D@B@HBF@D@@@AFAFABBBJDH@L@D@BDDB@@@AB@B@BA@A@@AA@@AACBCACAAAAAA@AAA@@ABADABA@EAC@C@ABAB@DAD@@CBCBABAB@FBB@B@DAHADADEF@JAHCHAFALBNBHDJLLFH@HBJBLDJBHFHFFFDDHFFFHHHHNJLHLFHBJBL@JDLAHAFCDEFAFEDCLCHCHAH@J@FBHDHDJDHHHDFDHHHJFDPFJ@F@LFL@H@L@JBH@RCJEDABC@CDGBEBIBIBI@KAKDIBO@Q@aDIFEHEJEHGHALHHDDDFFFBFAJC@ABAB@BB@AB@BADC@C@CBC@ADAB@AAFAFBBDBDD@HCF@J@HADCD@DHHLB@DD@BF@D@BDDFDHBFDLAFCPCJ@H@HDHJDJBHDH@@@B@D@@D@DID@DBDDDBDDBBEBEHEDAHAD@B@B@B@BBB@@BB@@DBFDBDBFDDBBBBBDBBADA@@BBDDBDBH@FBHBDFHBFBFHFFDFFDDFDFHDDBD@HADCFADADBDA@@BAB@BABAB@@@BDBB@@@D@D@@BDBBB@AB@D@B@@@F@F@H@D@BAD@B@BBJBDBFBF@B@B@BDDBDBFDDBFADBFFB@@B@BCDADCBEFCF@HADEBCCA@A@AB@BA@@BCBGBC@A@@BABAD@@@BFBBAD@DAB@F@L@H@F@J@HALBPCJCHAH@HAHCJALCJCPCLEJAJCPGJFFDBHBF@DAFBFDNBJBRBNAJ@N@FBL@LBLAJBH@J@JBJ@HAJ@F@LBH@RBJBFBDHD@DHL@BBDAB@BB@FEFALAD@HAHC@DBJBDLPJFDF@F@DBFBDDD@BABAB@H@B@B@BAD@BBB@BB@@BDBF@BADABABABABABABCBABCHCDAHCB@B@F@D@@@@C@ADADABCCCAA@@AC@AFADCH@B@D@DBBBB@D@DBBAB@BCLIFEBCFCD@B@@@BCBEBABCJEJCLGJCJEHCJEFALEFCLCREH@FCNCH@H@J@HBJBLFFDNL@H@F@HAF@HAJ@F@LAF@FCR@HBH@FBHDLDDHDDBN@DAFEBCBG@C@M@I@GBE@GDGBCDEDEHEJKHAD@@@JBDBH@DBH@DAB@@ABABEBCBCDABAD@FCF@BAFD@FNFH@DEIYDOIGAQ@EDBNPPPHGFIDADDJDFA@@BCBAFGDA@AFGLEDEFQFICCDCPBRCJAH@JHFDJ@DBFB@JBJFDFDHBHDDBBDBBBBJBDBDDDDJFJDDBB@@HDHDFHCFCD@H@F@DAFCDCFDHFFHLNLD@FDLDBH@JKF@H@D@CKCKGEKCEG@MEGAOEGKBOIEQ@_DQTIGII[BCFEF@DCHGFCBCHCFAFCJCPAH@FAJ@H@H@HAFAHCD@HIDEDEDEHGDGFEFGDGLCH@RBJAJBJBJB\\FHBNDJFFDFHFHFDLFHFHDJBH@RCF@HAHBJFH@LFDDNFFFDDFDDFHDJBJAFAFALAFAH@LFJDHDPJHFPDFAJBFAJCDEDCHCHCFCHCJAJ@FDFDFCFBDDFF@@BBBDBNFHBBBBBBFBFBTBDBJ@L@B@DAB@NGDAFABAB@D@F@D@D@DAD@FAB@B@B@B@B@NF@BD@B@@@DAD@B@B@B@BAFCD@B@B@F@D@DADAHCDADADAFAD@DBFBDDB@B@BAJGBADCDA@AB@BABAD@@ADCFCB@J@B@FB@@DB@@BAFABADAB@B@DBFDFB@BDF@DBDDFDDBHBBBBBBB@FBB@D@BBBDFHDFDDBDBF@F@DBBBFDBD@BD@BDDD@B@BADIBADAFADADC@A@@@AFADA@AB@BAJBB@FABADBDDBB@F@BH@FBJHHDB@BABADCFCFCDCDABABBHBF@FAD@DAHAFAF@D@FAFCDA@@B@F@BBB@B@FCBADABAF@D@FAFCDA@AFCF@NGFANAFABA"]],"encodeOffsets":[[[108623,33551]],[[110648,34519]]]}},{"type":"Feature","id":"610900","properties":{"name":"安康市","cp":[109.029273,32.6903],"childNum":1},"geometry":{"type":"Polygon","coordinates":["@@AA@AAABA@C@AAAAACEAABULSLIJ@bDBV@TKV_PWFUBSI[MWMUGMQGOCIBCDGLKTUDSM[[KMGMKMMKMEiJOBKK@MNINEDCH@FBDA@ABAFC@A@ADILGAEIEMBAA@@CCGCCACCAAAA@CBE@A@AGI@AAGACAAGCA@CGYaSUOMSMSI_AWDiFYHUJ_HaIOIGKBKJ[DWIOMMYQWMKGEK@CFOL@QS]MMMYCYA]AOAWBOFSJMLGL@JBLHdVFX@TIRSLOFGBKAMAGCKNGPAR@THJHTJLBPIl]RI\\MTCJKFQNSNKXGHI@AF@DAB@BCBABCBC@AAC@AB@BAD@DAF@DCJCBA@C@A@ABABAH@BA@ABC@AFABABADEDADE@A@CACAC@AB@B@DAF@DABA@ABEBABAB@B@B@BABA@ABA@CBAB@BBBBBBHBB@F@F@DAD@BABC@CDCBCBC@C@A@ABAD@BABABABCACAC@AB@FBDDB@D@BBDBBABABABAHAHBBBD@BB@B@BBF@@DBH@FBDDF@B@@DAB@BBB@FAD@DBD@@@B@B@@AFAD@BADBBBDBBBFBDDDB@B@F@DBDBBBBBBDD@BADABEB@DAHCDAD@BB@BD@BBB@BBD@DBDDBBBDB@FDPNJNPTJLPHHBJALEJUJI^YPIPQLGPIXAF@B@F@LBDBD@B@JAD@D@BBFAL@DDLPFJFEBBBDBBB@DCBAD@BBDDB@DBB@BBDBDBDB@DB@B@DBB@@F@DEB@@PJP@LALIZaPGPDbHZBRERGPMLUNQLIPCNDZNNHPDR@fBP@TBZBFCJAHEPETEP@^@LBLAJ@N@PCPELETGPCNAJELQLGFBDHJFLDFCDMJEF@RBLFNHNDJ@P@V@TE^BNBNEFGHGFGHANCLEJETGJELEJ@TGNIfIJ@FEBE@KAOGWCc@YAOE]I[IWCO@aKWE]BAHCHEDEDCDEDEDCBABCBAHILGHAD@H@FDDBHHFDFDFBJDH@FBFBH@H@F@@@DDBFJTBFDDD@FBFAF@DCFCLIFCF@D@HBFBJ@P@DAHADAFCFEFIFGDADAD@DBD@HAH@HBD@JBJARCH@F@JBHBH@D@DCDCFIFCHCLCJAJ@HDF@H@BCBCDGDGFCDAHELEJCH@RCPCPEPIHCJCHCJEHGDEDEDMBCFCFAFAJBHBB@D@AEDEEIIMEEEKAIFKJGHEN@NHH@FCBIHW@gCQ@KEOGUAODMHEHERSLGFQLQJEVMFECKGEOGOEQSEKCGKGWAMJOPKLQJUDW@WCIGAOHIBOAMGISGKIMKUMQG]MSAW@UFOLY`GLSFMGS@KHKHQH[HYBaAqSOEmCS@]DmNWDSBYLQJOLCDK@KBKAWGYAW@aCsAMEIGGWH[NQNMHUOSWMaK[EQKEG@]KMGGKCMCIOA]KUUKGIBQB]BGGKMAO@IGGKCUBMHSLUDQ@SEOWcEMDIJKPGRKFENMLQHODKJQFGBKBGNAJCLBLDLALCNEJMNM@KEKKUIQEY@IDMFULQJKNEPSHIBGEMCUEIGIIKKMIOGOEWAUHYT]JEFCHEJMHKHGFIFK@K@KAMCKIKEGIAIAIAE@GAIAACAGCMIS@IDGJCFAJAHEHGDIJODQFMFKFMFIDIFKFKDOCGCEKDQBIAEAGAE@EGIIIMCM@GBIBGDKAIAG@CBAB@DCLADCBABA@A@AC@ECKCCAAACEACACAC@@AAA@@@C@CBABA@A@CAC@CAAAA@E@E@CBEBGDABA@A@EA@@A@KEKCGACAA@A@CBA@A@A@GCKCG@AAE@A@AC@@CAA@ABKDEBCBGAE@I@C@A@@@AA@E@AA@AA@@OBGAABA@@BABAD@@@DA@@BA@ABE@K@CAC@@AA@AACBE@C@GAEAA@CBA@ABAAA@CA@ACE@ABEAA@@AAAAC@GAM@I@C@CCC@A@IAEBG@SDMBA@G@EAUBO@W@IBQBM@GBE@CDKDABABA@A@C@CL@D@HDNBH@D@DABCBABE@EBCD@@BBBB@FABAB@BC@G@MBC@ABA@AB@D@@@DABBB@@BBF@FBB@@BBFBB@@BBJ@NDHBBBB@A@ABABELAH@DBH@F@B@@ABABE@GBKBEBA@AAA@@@GFIDEDABE@A@AAC@CAC@EDSHGDCBC@A@M@O@@@CBAB@B@@@B@BAB@B@B@B@BHLFLBF@B@BADA@E@A@@@ADA@AFABBD@B@BEDOLQN@@GJGDIDQH@@EDKFEBIDA@E@C@EBABABCFADKNEFCDGBCDA@IHEDEFABADCDCDEDCDGDMHCBKBC@ABEFIJGHIJEDA@@@CCA@A@GBSHCBEHCBABC@E@C@MDEDCBGFCBCBA@E@A@CCA@A@GDKFA@E@CAECCAC@C@ABMHGFEDC@A@E@C@EAC@O@E@G@EAGCA@A@IDMFGDABCB@DADCB@@ABA@C@A@A@CBA@@BC@AB@@ABAB@@AB@B@BA@@BABCB@@AB@BAB@BA@ABA@@BABAB@@ABAB@@AB@BAB@@AB@B@B@@@B@BCDIHGFEDCBA@A@A@@@A@ABA@A@CBA@A@ABC@ABA@@@CBABA@ABA@C@AB@@A@C@A@A@A@A@C@A@A@A@C@A@A@A@A@ABA@C@@@A@@@AB@@AB@@ABA@@BA@A@AB@@ABA@@@A@A@CB@BABABA@@BABAB@BAB@BABABA@A@C@ABABA@@BA@ABABA@@BA@A@@BA@C@@BA@@B@B@B@B@B@B@BBD@@@D@B@B@@@BABAB@@@@@B@@@B@@@BBB@BAB@B@BABA@@BABA@@BA@ABA@ABA@@@ABA@AB@@CB@@A@A@ABA@AAABA@A@A@C@@@A@AA@@A@A@A@A@AAC@@@AAA@@@A@A@A@A@A@A@A@@@A@ABA@@@A@A@A@A@A@@@A@A@AAA@A@@@A@AA@@A@C@@@A@A@A@@@A@A@A@A@A@A@@@A@A@@@A@A@A@A@C@ABA@AB@@@@AB@BAB@@@BAB@BA@AB@@ABA@A@@@A@CBA@ABAB@@A@A@AB@@AB@@@B@D@@@B@B@@AB@@@@ABA@ABA@@B@@AB@@@BA@ABABA@A@A@@BC@A@ABA@A@AB@@A@AB@@ABAB@@@BAB@@@BA@AB@@ABA@ABAB@@ABA@ABA@A@@BABA@@B@@A@@BABA@@@A@ABA@ABA@@BABA@AB@@A@A@A@@@A@A@@BA@AB@@ABA@A@A@A@AB@@A@@BA@@B@@AB@B@@@BAB@BAB@@AB@BABAB@@ABA@@BA@C@A@ABC@@@C@@@C@@@C@CBC@@@A@A@A@ABA@@@ABA@@BA@A@@@C@A@A@@AA@A@A@A@C@@@ABA@@@ABA@C@A@ABA@@BAB@@AB@@AB@@AB@BA@@BA@@@ABA@@BA@CBABCBA@@BABA@ABA@ABABA@@BA@AB@@ABA@A@ABA@CB@@AB@@@BA@AB@BAB@@@B@B@B@B@BB@@@@B@BB@BB@@BBB@@@BBBB@@@BBB@@@B@@@B@BA@@BAB@@@B@B@B@B@B@@@B@B@D@@@BAB@BA@@B@BA@@B@B@@@B@B@@AB@B@BAB@@@BABA@CBA@A@A@@@A@A@AAA@A@AA@@A@ABA@A@@BA@ABA@@BA@A@AB@@ABAB@@@B@@@B@B@B@BBB@B@BAB@BA@@BA@ABAB@BABA@AB@@ABA@ABABA@A@@AA@@@@AA@@A@AA@@AAAAAA@AAA@A@A@C@AAA@A@AAAA@@A@CAA@A@@@ABA@A@A@ABE@A@A@@@A@A@@@A@@BA@@@A@@BA@AAA@A@A@A@CAA@A@@@CAA@A@@AA@ACAA@AA@@AAA@AA@@@A@@BA@@@ABA@@BA@ABA@@BA@AB@BA@ABA@ABA@A@ABA@ABA@A@A@C@C@@@A@@@AAA@@@AA@@AA@AA@@A@@AA@@AAA@@@A@@@A@A@@@C@A@@@CA@@A@@AA@AAA@A@A@@@A@@@A@ABA@@AA@ABA@A@A@A@A@A@A@A@A@A@A@A@A@A@@@AA@@@AA@@A@AAAAA@@AAA@@@AA@@AA@@AA@@@AA@@AAA@@@AA@@A@AA@@A@@@AAAAAAAAAA@A@C@C@E@@@ABA@@@AB@@A@A@@@A@AA@@A@AA@@A@@AA@A@@BA@CB@BA@@@ABA@A@@@A@AB@@A@@@AB@@@B@@CD@BCB@BA@ABA@AB@BC@@BA@ABABA@@BA@A@A@A@@AA@A@@BA@A@@BA@ABA@AB@@A@AB@@A@ABA@A@ABC@ABA@@BA@@BAB@@AB@BA@@B@BAB@BA@@BA@@BABA@@BA@@BA@@@AB@@ABA@ABABA@C@C@C@A@CA@@AA@@AAAA@A@@A@@AA@A@@@A@@@@AA@@AA@@A@@@A@@@A@A@@@@@AA@@@A@@@A@@@A@AA@@@@AAAAA@AA@@A@@@A@@@A@@BA@@@A@A@@@A@A@@AA@@@@A@@@A@A@AB@@A@A@@@C@A@AAA@AAA@@AAAA@@AAAAA@AAA@CA@@AAA@@AA@AAA@AAA@AAA@AA@A@A@@@A@@@A@AB@@A@@@A@A@@A@@AA@@@AA@@A@@AA@@AA@A@@@AAA@@@C@A@@@A@@@A@@BA@@@AB@@@B@@@BA@@@@BA@@BAB@B@BA@@BA@@BA@@BA@A@@@A@A@ABA@@@A@@@ABC@ABABA@@BABA@A@@D@F@@BBDD@BPLPDLH@NITGJIVOTMHYTEFEVK^CLMXIHINARBHFFH@NEJGJ@FDE\\]tEXLNVDR@^CXKRKTALBBHMNHLLAF@VLHJJFJHLFPHTJZ\\LJLFPDDJFPGPCFGJKJKHIHKP@JAN@HMVGNMLMJKLQLSJMDM@GHCJDFLBHAHBF@ZEZGLANILC^@LHBLAHEPEV@LBHABAFCD@B@BAB@B@B@BBB@DABBBCFAL@NDF@FIFKFKBSBABBFNHHJALDHABA@@BGJ@BABAD@BABABA@CBGBABAD@B@BAB@B@BA@IHEF@BE@ABABA@ADAB@D@D@B@DA@@BABIBABA@ABABC@ABCBKGE@K@IDCDC@EBCAG@CAC@A@AB@BAFB@FLGJKAEEKGK@@FJLFLMCE@ILABH@B@EFCHLDDFBFEHG@UPIXETCRW^MLKNCZDXPRRHXRTRRXDVBPE^BVHPJLFPIVAF[\\GXKRIJQTG`ALHZNRFhARATDXMZANDNTJHJEPCDE@CAEBCFAD@AAEA@CAC@E@EAGCCC@C@CACAACA@BABEHDFHFBB@D@@_NOJKBCDDBBD@JAFMHCDA@ACC@CBCD@BADA@BDDD@BCBCBC@ADABEB@@ABB@BBD@BB@B@BDBB@BA@@DADABDARLV\\^@BAD@D@D@B@BBBABC@CACBALCF@B@@@BAJBHFJBFFFFDFBD@B@BBAFEHDDB@DAJHJBDBFDDHFHNNDBD@H@D@@BBHBBD@BB@D@B@D@B@DBFB@GHMLHHZLPLVGLKPEDD@RBD@DDBHHPRFPE^MTQHUPSLURSTYDWDSJOVFVHTAZIVA^PVFZOPIRFZAXJRERINIZBTJN@H@B@BABABCJBBBAB@FBDDDFLLHDFBHBD@F@HAH@JA@@HCFELEFEH@FFBBDDBBB@D@FBDDDCHCHAHC@@DCBAD@FBDBDBDADADAD@JBDBFAFADADBFBDBBB@D@DDDBBBFBBD@HCHCFBDA@@D@BAFDDDBDBD@@B@D@HAFAB@D@B@D@F@HDBB@BBDDFDDFFDDDDBDBBFBBD@BABDDJBJDRHFDDFFBF@LAREH@D@@@DBBBBBBBHDHBDBDFDDBD@DDDFBD@FDF@FBBB@BAB@DBDBBD@JAJAHBH@HBB@BADABCBG@EDCBAH@LAFAB@BA@A@C@@@ADAFEB@@@DCBABCDAL@BBDHBFB@HBHDJDHBHDDBDBD@DBFJHHHBHF@@DDFDFDDBDAD@DAJDDBDBDBH@JGPCBAB@FAPCHAD@DBB@BADABAB@F@H@@AB@DAFAH@@ABA@C@CBA@CDAD@DABADCBCBCBC@CBABAD@B@D@B@F@D@D@DAB@DBD@FAD@DBDBBDBDADAFABADAD@@BBD@B@BDFDBDDDDBB@DBDBBD@BBFBD@@AD@BBDBBBB@BBDBBB@FBDBBB@D@DADAF@FDBB@DBD@HBDBFBHBFBFBHDDDBBBDDDB@D@@CDADAD@D@F@D@BAFAD@D@DAHBFBD@D@D@D@FADAB@@AAABA@CB@BAHA@@D@D@D@DBDDD@D@D@D@BBBDD@BBB@FBB@DBJFDBDBB@DABABAB@B@F@DBF@D@BABA@C@A@C@CAEAEACCC@C@ABCDEBABABADADADCBAB@HEJCDCB@@B@FDDDFB@DBBBD@FCB@D@BBBBBBDBBBDBB@DBB@@DA@BBB@B@BAFEB@B@BB@@BBBDB@DBB@D@DBB@DDB@D@@AB@DABABAD@B@DA"],"encodeOffsets":[[111453,34628]]}},{"type":"Feature","id":"610800","properties":{"name":"榆林市","cp":[109.741193,38.290162],"childNum":1},"geometry":{"type":"Polygon","coordinates":["@@FBLDdPDFFLDHD@L@D@FE@@CCGG@CBCBAF@TEJCPKPOJIFCJCFCD@LALC`CHAFAJCLCD@TAbIB@BBBBBBDBD@H@LADAD@JCJGDCBAD@LExU@@B@@BBBHFBBB@D@DAFAFAFAFAHAD@B@DA@@@@@AA@@@BADAH@NINGLAM@A@@@AC[@K@@@A@@FITYBA@I@@AI@A@@BAD@F@F@D@D@@@HCJMDK@Q@GBCJGDEDE@ECIAIKQGK@A@CJKHODABAH@fDPBJAFARKJCRAXCVCPELENMLGH@R@NDLHJHLFP@LAJBJHJNHPFFHDTH`FXBdATAZELGJQHMFETGJ@PAL@JBNFNHJDJBJAF@dB^DlFfLfTdTRHVDfJdLF@JA@@JC\\KfSeRCR@bHnNnJTDNLNJNHTBN@J@RARER@TDPLNX@PCRK^AJA\\@PDLT\\LLBPANEPGTAX@@\\H~BnBRFPLXZnJNDL@NEJ@BAFAFCFGHABcRBr@@@bODAHAFADC@@\\SXYBUBEDEFQHUJKNIXOBGBODIDMJMNMBADAD@H@FDLFLHF@DBJ@JBBBDHDLDFBHAN@HBFDBHDHDDBH@HAFAFANFHDDBAHCJAFBBDDLJJNDF@HDHB@H\\HABBJ@D@D@FBB@D@D@J@F@F@BH@@@BixTXRrIRaPwX±@@KJEFEFEHCBEHCFAD@D@F@DDFBB@FAHCHCHAF@DDDDBFBHBFDFDFLFFFFFHDHHHFHBD@DIJGJGFEFBFBJFJFHFHDJBHBFFFFDBD@BNLTtJ`HNJDHDLFJHPHJJLFJHDHDDDFBJBHBH@L@JCFADCFEF@F@BDDLDJDJFFHDBFDFDHBJBFDFFFFFFFHFDJFB@NDRPftJFDBJBNFLDJFDDJJFJDHFHFFDHBF@D@DDFHHHFLHJJHFHHJFHHHHHHJJFFHHHFHHHF@B@@@@@@@@@@FDLHBBDBDBHAHADAROZUFAHATEF@DBFFDDHFFJDDJFNFLHFFDD@DADGBEDGHIHIHKJIHIHCDAFAHAFBDDHDH@H@HDHDHDFDFJBLDLDNDLBHBFBHBH@J@H@JBFBFDDHBJBHBH@HBFBHFFFHHDFFFDJHFFFDLFDD@FAD@DBFBDFFHFJHJDJFFDFHHFFFFDFBH@BBHHHHHHHFDBBDBBB@BBBBDBD@DADADCBAFEBABABA@@BABAh_H@NNZPFBBBBBBBBBDBFDFDDBDBFDBDDBBDDB@BDFDDBBDDBBDBDBDBF@DADCDCB@DABD@BADAB@BDDBDDDDBBBBBBDBFBBBBDDBBBBBBDFDB@DBBBBBDBDBD@BBB@D@BTdT`BDHHPFAHADEPJ^BJIH]T@DNZD@bGHFFLFLHTjBBBBDDBBDBDDBDDDBBDFFDDDDDDBDBBDFDDBBBBDDBBFDDDHDBBFBD@D@DBJFBDDBBBB@FDBBBBBB@@BBBA@@XXTVfPB@BBBDBBBBBBBBBF@BBBRNRD\\GRGHOJIz@FF[h]^ALD@B@DBB@B@D@BBBBDBHFFBFDDBFDB@BD@B@B@BB@@BDBFDF@DBDBFDBBB@BBB@B@BBDBDBDBDDDDDBDBBBBBBBBB@B@@@@@B@B@@ABABABCBCBABEBABC@ABA@ABCBEDCDCBCBCBCBA@ABA@ABCDCBABCBABABADABABABAB@BA@ADABCBA@CBA@ABA@@BABA@A@@BA@@@A@@@A@AAA@AA@@A@C@A@C@C@A@ABA@ABA@ABABABCDA@ADAB@BAB@BAD@BAD@B@B@@BBB@@@B@BABAB@@AB@BA@@B@BB@B@D@D@B@BBBBDBBBDBBB@DBB@BBF@DBB@DB@@BB@BBBBBBBB@B@HCB@BA@@@@@AB@@@@@@A@@B@@AB@@A@@@AB@@A@@BA@@B@BAB@@@BAB@@A@@B@@A@@B@@@B@@@@@@@B@@A@@@@@A@@B@@@BA@@B@@@BA@@B@@AB@@@@AB@@@@ABA@@@@@AB@@@@@B@@@@A@@@@@A@@@@@@@A@@@@B@BAB@B@B@@A@@@@@A@@@@BA@@@A@@B@@AB@@@BA@@@@B@@@@A@@@AB@@@@A@@@ABA@@@@BA@@@@@@BA@@@A@@@@@@B@@@@A@@@A@@@A@@@@B@@@@@@A@@@@@@@@BA@@@@B@@@BA@ABA@A@@B@B@@@@AB@@@BA@@@AB@@A@@BABABA@A@@B@@AB@@A@@B@@A@@@@B@B@@@B@@@@@@A@@@@@@@@B@B@B@B@@@BAB@B@@@B@@BB@B@B@D@@@D@B@B@D@BAB@D@@@D@D@B@B@B@@AB@@@BA@@@@B@@@B@BBB@BB@@D@@@@@B@B@B@@@@@BABAB@B@@@B@BB@@BBD@BD@@B@BBB@@@D@@@B@D@BBB@@@H@DBF@@@BBB@@@@@B@@A@@B@BBB@B@@@BBB@@@DBB@BB@@B@@@B@@B@@@@BBB@@BB@B@B@@@BBF@B@DBD@BBFB@@BBB@@BB@BBB@DB@@B@BBD@@@@@B@BA@@BAB@@@B@B@D@B@@@B@@@@B@@BH@BBB@@BB@@BBB@DBBBBB@@BB@@BB@@@@@BB@D@BBB@DDB@BB@@@BB@@@B@BB@@B@F@B@B@B@B@B@B@FBB@B@BBDB@@B@@BBBB@FDB@DBB@DBBBBBBBB@@@D@D@B@DB@@B@@AB@D@DBB@B@BBB@BBB@BD@@B@B@@BB@BBBB@@BBF@FD@@B@B@BBF@DBB@D@BBB@BDB@BBBBBBBB@@F@J@F@D@B@FBB@DADA@AB@B@@B@@D@@BA@@BCBB@CBABCDCFAFAH@B@B@DA@@@@B@@@B@BAD@BABAFAD@B@B@@@B@BADADADAFAFEFCHADABADAFAF@B@DABCHADABABADABABGNADEBCB@DAB@B@DIPCDEDCBC@GAG@M@E@A@ABEHCHCJALAPAL@DCL@BBBBBD@@@BBDBBBBB@B@D@B@D@BAB@BBB@BBBB@BBDBDBB@DBDBB@BB@@@BBBABNG¢[LEJLL@\\MPQJGrDPABGYQMIDABAFAD@@AB@@@B@@AB@@@@@@@B@@@@@@AB@@@B@@AB@@@@@@AB@BA@@BA@@BAB@@@B@@A@@B@B@BA@@DA@@BA@A@@@@@@@@@A@@@@B@@ABA@AB@@A@@B@@@B@@@BA@@@@B@@AB@B@@AB@@@@A@@A@@@@@@@AA@@B@@@@@@A@@B@@@@@B@@@@@@@@@B@@A@@@@@@@A@A@AB@@AB@BAB@@ADADABA@@@@@A@A@@@@B@B@B@@@@@BAB@@@BA@@DA@@BA@@BA@@@@@A@A@@@@@@BA@@@@BAB@BAD@BA@@BAB@@A@@B@@ABABA@@B@BA@@B@B@BABA@A@AB@BA@AB@B@@@D@BA@@BA@AB@@A@AB@@@B@B@BA@@B@B@BAB@DAB@B@@ADABA@AB@DABA@@DA@@D@BAB@B@B@BAB@B@BAB@BAB@@AB@BA@A@@@A@@A@@@@A@@@@@@B@@@B@@AB@@@@@B@@@@A@@@@@A@@@@B@B@@AB@@EBABCDEBBHBB@BBFDFDDDBBDBBBDBD@BBBBDBDBBBBB@DBBBB@BBB@BBBB@@BB@BBB@B@B@B@B@BBB@@@@B@@@B@BA@@BCBABABC@CBCBA@@@AB@@BB@DBB@B@DBB@F@BBB@BBB@DBBB@BDBDBBBBBBBB@B@DBB@BB@DBDBB@B@N@L@LCPCLCDCDC@ABA@AHIJEDAF@F@F@F@FBJF@@BBB@BBBBDBBBB@@BB@@B@B@BABA@@D@BABBB@B@BABB@@@BBB@B@B@F@@@BA@@B@@@B@@B@@BB@@DAHCHIHABAB@@@@A@@@ABA@@BAB@B@BA@@BABABABAFCDEDABCBADCBABABA@A@@BC@A@A@ABC@CAA@@@A@ABA@@@A@ABABABABABAB@DABA@ABAB@@AB@@AA@AACAAACC@@@@@A@@BCDA@C@CBC@@DABABABAB@BABA@ABCBA@@@@BCBA@@DAF@FABC@EFG@@BA@ABCDADCB@DABABAB@B@D@B@BB@@@AB@@@B@@@@@@@B@@A@@B@@@@AB@@@@A@@@@@@@@@A@@B@@@@A@@B@@@BA@@@@B@@@@@BA@@B@@A@@B@@@B@@@B@BAB@@@@@@@@A@@@@@@@@@@B@@@@@@@@AB@@@@@@BB@@@@@B@@@B@@@B@@@B@@@@B@@@@B@@@@@B@@@D@B@BB@@B@@AB@@@@@@@@B@@B@B@B@@@@@B@@@B@@@@B@@@B@@@@@@BA@@@@B@@@B@@@@@@B@@@@B@BA@@@BB@@@@@B@@@@@B@@A@@B@@@BB@@B@@BB@B@@@B@@@D@@@BB@@@@B@@@@B@@@@@@@A@@B@@@@@@@BB@@BB@@@@B@BB@@@@B@FALCFABA@ABAB@@AB@BAB@B@BBBBB@@@DBB@DDF@DBDB@@@B@@@@@BBBBBD@@BBBDDBDBBBBDBBDDDDF@@BBBBBBB@@BBB@B@B@B@@@B@@BB@BB@DBDBBBBBB@@B@@@B@@@@@B@@@BA@@BAB@@@B@@@BBDBDAB@BEDDDD@FD@@FD@@@B@@AB@B@@@@@B@@@B@@@@B@@B@@@BAB@@@@@B@@@@B@@B@@A@@BA@@@@B@@BB@BBB@@@@@B@BAB@@@@@B@@B@@BB@B@B@@B@@@@@BABBDBDDBBB@BBBB@BB@BB@@B@BB@@BBBBBBBB@@B@@B@BBB@@BBBB@BBB@BBDB@BDFBBBDBD@@BB@@DBBBB@BBB@B@B@B@HBBBDDFFDDBDBBB@BBBB@BBD@B@BA@@BBBBB@BBBB@B@D@D@BBB@B@B@@BB@@B@B@B@B@B@BBB@BBBBDBBBBB@DBDBDDBBDBB@@@DBB@B@BB@B@@ABAB@@AB@@@B@@BBBBFDDDBDDDBDBDBFBBDDBBBB@@BB@@BD@B@@@@AB@@@B@@@B@@DBDBBBB@BBB@@BBB@@@B@B@BBBDBBBBBDDBBBBBD@BBD@BBB@BBBBBBBB@DBBBB@B@@@B@B@@@B@B@BBD@BBDDBBBDBDDDBBBDB@DBFBD@D@DBB@D@BBD@D@BAB@B@B@@AB@B@D@BBB@BBDBB@B@B@B@B@B@BBFBBBDBB@BBD@HBD@B@B@BBB@BBB@B@B@BAB@BA@@B@B@BABBBBFBDBDBBBB@DDBB@B@BL@DDRJJL@FDDDBJB@@DFB@B@NAFBHF@@@BFBBB@F@DBBB@D@F@BED@@B@DCBGBCB@@@B@@@BDBP@HCBGACBK@ADALBTFF@B@@@DADAF@D@DBHBF@D@LAHBF@@@LBHDLDB@HDDDBF@LBDFDJDHFFDFBDABABABG@CDCDAFCB@DCDCD@A@@A@@@@@ABA@ABA@A@@@AA@AAA@A@@A@@BA@A@A@AA@@@AAA@@@@@@A@A@@B@@@B@BAB@@@@A@@AAA@@AAA@@@A@@@A@@@AAA@@AA@A@@@A@@A@A@@@C@A@@@@@@@@A@A@@BA@AB@@@@@B@@@@BB@@@@@@A@@@E@A@A@A@A@@A@@@A@@@C@@@@@@A@@@@@A@A@@@@AAAAA@@A@@BAB@B@@A@AA@AAABCBA@CA@ACACAQKAAGA@AAA@A@CBCBC@A@AA@A@C@A@CBAAA@A@CAAAA@AA@AAA@A@@@EAA@A@A@@AA@@@ACCAC@ADABAHADCBCACCAC@EDE@GAACA@CACAACAEBE@A@C@CCAEAIAEBIAEEAAC@AA@@KCBE@E@CACCGCG@ALEBADC@GFGACEAACAABG@ADCBCD@D@FBB@B@@D@BBDB@HDBDDBBBB@D@B@FCDAFCDCDA@A@CCCACCCAGEEACAE@AAA@CBC@CBCDCDEDCDCFEBCFCDADAB@J@RFFHBD@BP@B@DBXDJ@DAFEBE@IAIEOAGDEFCFAHBDBBB@D@BBDBBDDPFHDD@D@FCFCBC@EACCCEAECIGCE@CBCDELOHCFCFEJCJCLCJ@D@F@FBH@J@N@J@B@BAAA@@CAAAACACCCCCCAC@AAEACCCAACACAEEGCECCAECKAE@EBCBCDEDC@CAGACCGCEGECACACA@ABCBA@A@AECCEEGCAAECKEMCGIIIKGIGQGKEK@A@EBADCBAFCBAFG@GCICEAGAEEIACCICCCCKCEAECACAE@CDG@CAOCKEIEIIEUSMKMGMIOMIEGAIAQCA@GAGBC@OA]CUGOKCACCCAGCIEICCAMQQSACAGACBCDGDAJEJCDCBEBIFIBCFIJMBGBKA[DMFKBKAKGKOKEAECECAA@CDEDCLKJKBE@GAGGIIGEEAAAA@ACC@ACGACCE@CBCACEKCGCIEEEEEACAC@C@C@CAGCCAACAC@C@CBCBAHGFGBC@EGGEKIKGKGGAAEGGKGECCC@A@A@A@AACCECKIEGCI@MDMFIBEAECEIGGCIEGCCGGQCMCIEGEE@G@GBGHGLKFIBEACBEBCBCDCLCLCF@H@D@BC@EAEAEEEGECEAC@I@GDKBI@MCE@C@C@C@ACGCEECC@GAE@A@C@E@IBABCAA@AAAACACCEA@A@C@KBCDEBC@A@CAUAKBIFMBG@EEEGCKEICIEIEIAI@GDMHIHGBMDS@OBGAKEKGEICIAIAICIESSUGMEUBMAECGGGGCWEG@OCM@KCIGKIKKKKKOEIGKEGOIQEYAkDaBSAMEMMGOASBYCQGY@MBUAMAGACAAECGCA@IAK@QDIBGAIAAACAGGGIGOAMAS@YBQDMJOJQBKAICGQSOOAI@K@CFKFIDM@K@KISCO@G@KDKBIHIHCLCFCDEHMDG@ECEKMEIAI@KDIHKLGHCNGLEDCD@HCNCHAH@D@B@B@BAD@HEFCNELGNSDIDIBGBEDADEFGX_JGDGFEAC@C@ABAFABAHIPQHSJQ@SBGFIDCBAHCJIJEdMbKVEVI\\SLIHI@EAEGIGGIASCgGQIGK@K@AFKLIZKPELETAXCRCLELIFGLGNKBC@CCGCGIEGCG@I@I@EACCCGAIBEFKFGBEBIBI@CAG@M@C@CDCDERSNOFGBGAGIIGKKGKGEAACBG@IBGAGCCGIEIEIAMAI@KBGBG@GAEGMCICICCGCIAGAO@K@ICSAOASAOCOA[@E@GAKCGECIAUCKCGEKEIAMAQBUHMNKVE`CN@PCZGHCBA@AB@@CBAAGCKIMKEKEGCAE@EDIHINM@I@GCEICEAOBM@G@AAECCECK@MACAICCCEKEEEEGCMEGGGOKIIKMIIIMQUKKOOYWYOMKGEGGCE@GAE@GBGBI@GCEGIEEOEQGECIEGEEEIMEICCKGEGCCCGKQMKICKAMBM@KAGAICCCCCAG@CBABADAHCLATAH@FAFEBCAGCEECGAG@I@KDGFMLEDGDKBKBSAG@ECECAEBIBEHILINCNEHAFEHIHMDGCAACAAACE@C@E@A@@BA@C@A@@A@A@CGEEAC@CACAE@GBEBABCBAA@@GG@AAEAACA@A@ABA@A@CACC@A@C@@B@BAB@DDD@BCHCDAB@FBD@@EJGNQNIDMBM@QMMKGCUIO@OFAJELALMHWFKJMNUFcJ[DS@CAGKGKCIEGKEQCSEEA@@@@MEUEOEOAEFGHGDO@SFEJIJGJILILIFKFOFSJIJALATBPEPGRENEHGLCPCBHPBNFNFLFT@N@HCFGBKAECQMEACEAEEACBGJMRCJ@FBFJR@J@@@@BLEJMLGJKLMLGJBDJFRDJALIFKLCL@J@\\JFHBJ@LDJHJFHFNBLBZAJADGDCB@@EDA@G@CBABAB@BICEGC@E@EBCBGACBAB@FEN@@C@CAGECCE@I@OFCBEHEDMDIDQDGDEHCN@BAHALGLCBAA@WCCOIGGACHUFGBA@CEK@GAAE@GB@DARAFEBAAEKIGCAA@C@ABABCBA@GAGAC@IBKFSHSGGEKIEIMIKFQHcAANEDIAKCEBBHFJJNJPHNHTB@DBDBB@B@BABEBG@AB@B@FBD@HAD@F@B@DB@@B@ABAFAJ@D@BD@BDAFIPCJAHAJ@H@DA@G@@BBB@BB@ABEBAA@@@CDGBA@ACAOAE@A@EHAB@@@@ABEJAH@BABA@@B@FBDBDBD@@ADAF@B@@BD@@@BA@E@G@AB@B@DDHDFDD@B@BMJA@C@ECECCAC@EBKDGBEDEDAB@DBDAJ@B@BFHBFBB@@BDADOPYFSEMCsMMAOAIDI@SBCAKGQFEDC@SDMBYNOFG@EBKNGLCLAHOFOHQLEJOFMBQ@G@OHCLILCBYAKCCECCCEGYEMEIIEKAI@Q@IEGGGEGEIBMAIGWEECo{IeIMEGGCOEQA@EBEHILIDGBE@GAAC@EBEHIFGBIAK@MBEACCCIAEAAC@O@EDEBA@GCIEECCAA@EBGDC@UGAAEM@EAM@AAAABKLGJC@A@CCECCAEBEDA@AAKGECE@IBWFOFAAAA@CFK@KACCGCCIBOFG@EBMNIFKB]FE@C@ACEQEIAAC@G@IDC@C@AAC@ABAHABGBG@C@ACAIAEECMKKKCCEEAAE@C@ADAJBHADCBO@YFOBIDAAAE@GFEDG@GCECAE@MH@@CCAAE@ECAAEKACCAAAAECAKCIAK@E@CCCEGcCIAACCE@C@GHE@AAECEAGAEAEBAB@FAFA@G@MEGAI@I@EACC@E@IACA@A@ABCNOnCDCDCDIHEBC@@A@I@ENQBC@CACCAE@CAAA@C@I@CCEAC@CDG@EACEGCE@CDCDCHCDABAAGAO@GDAB@D@FBL@NCBABmAE@A_B]FEAKEGECC@G@CACEAE@IBMDCAAAEKMQGGAAAIAAEAABIFOLEBEACEEKCCG@EBABCHC@QC@ADKJQBA@CA@MGAAOSAEBEJED@\\GF@F@BBDADIFKFIHENAPGNAJAHIDIBC@CCCMEEACE@KDKBE@C@ASKCECKCGCAA@CDADCACCKCAC@CAECAC@IDCFBJ@DADA@C@QKGAK@EBIFKHGBGBKAEBEFERCBC@GAE@IMC@CBQP@D@DBHAJEDKDGFCDCPAFCDGBG@AAEIIEcKCBGFCBA@CAACAMEKIKCEACDO@CEAE@GDGDC@ICKC@A@AD@DA@AA@IAEBABAD@FABCACACEAGAA@@EDGDG@CFA@CAECCCA@EFEJCB@@CAAAA@CBKNEBG@QAIBEFGPENBFBDFBH@HAVGH@FDDDBFFDJBNDJFFDBHAHELEF@D@FHFLFDD@JAF@DJT@FADGNMNIR@DFRHVBNAH@DBFFHBJBDKVKP[RKNGNAHEP@FBDJHDD@BCFEBYHCAICEAEBGLIJGDkPADBBDDRHFBF@FCD@BDBF@HBBF@H@DBBL@J@FEDUJmdQHE@AFERC\\@HALCHAHDLDR@VALKNITEFIDG@CCAA@EBEDE@IACCA@C@EBE@ACACAAE@CC@A@GHEFID[FS@CBABBFDFFJDHBD@BADIAEAAA@AAC@E@AAAAAAACCA@AECCACGMCIAAAAA@AACACAA@CCCCAAAAE@CAA@AACCAACAA@EAcKGACAC@G@C@AAE@WGA@@ACAAAE@]BE@EAEA[SIEACAABAHMFCFCFEFIFCNCJADA@AAEEKAEBEFETIBABGBEJAXGJCDCBE@CAQACA@EDGBC@@CBEBG@ECCEAEBEJABGAOEACBE@@NCD@@IAKCCKGACAKACGAKAQKKIECCG@IGGECEAEBCBGASQGAOBKBEL@PCNFPBFCFMDG@EAAICIGCK@KBEDCJAPAFQCBEHOAAAAIAAAAIEUA_@QEMKOIKMGSCE@CBGHCBGBCAGAGCIBCBCAAAEEGAKDEDEBGAMAECME_K[IAA@G@MAEA@EBIDE@ECIIACAM@AAAA@@@CDA@A@@AAAAA@AA@A@A@@@AD@D@@@@AAAA@@A@@@@B@B@BAB@@A@@@@A@A@@@@@A@@CBCB@@@B@B@@ABABCBAB@BA@A@@BAD@@@BA@EBMAEBEDC@@AAC@E@A@AAAAAA@A@@@@BAB@@CA@AA@C@AAA@A@CBA@@@@CBE@ABE@@A@@@ABABA@ABGDA@AFAF@B@BB@BB@DADCF@FBFHXAPCPUh@H@JABMDC@B^InENAJEJEFCBGAGCGAABCDEBI@I@GAADBDBFHHDF@FAFCDCDG@IAIBIDEBE@OMGKCECAC@IBG@ECOQQOCGCAI@E@@C@EFCDABEAIAO@CDADBB@BABCAEECGASCEAKMBEPKFBFBDBFABA@CEIGKAC@@ACAA@AA@C@EBA@C@C@AA@@ABABADABABE@A@AACA@@A@ABABAB@@A@AAA@A@@@BB@BABABABA@@ABABA@AAA@A@AB@AA@@@A@A@AA@@@A@AB@@AAGCCEAAC@ABCBA@A@AACAGIAA@EAADC@@B@B@BBDA@@DCBAD@BBB@@DBBBBBDB@B@B@BC@@BABAFEBA@@BA@@@@@AA@A@AAAAAAEG@CBEFGDC@AAA@CBAJEZMDEBE@AAAEAEAA@CGECECIOCGCCC@M@GBAD@DBDABCDOHEBI@EAEA@C@EHGDEBE@CDADB@@BAAAAA@A@@B@D@B@BABA@C@CBC@CAA@A@A@AD@@ABAD@BA@AB@BAD@B@@A@A@ABC@EFIDIB@BA@@AAAA@A@CDEBA@@D@D@D@BB@@@DAB@B@D@F@BAB@BABBB@BBB@H@@BBF@BAF@L@@A@A@A@AAA@C@GBCBCBAB@D@B@FDBB@F@LBD@BBBD@D@BBBA@@@C@A@ADADADA@ABAFCBAD@D@D@DCBABA@A@@AACAAA@A@@@AB@@A@AAA@G@A@@BA@@@@@@AAID@@AA@@@AA@A@@@A@A@@@@@@AA@A@@A@@BA@@@A@@AA@BA@AB@@ABA@@@A@ACA@@@A@@B@FA@@@A@C@A@@@AB@@@B@DBH@@@B@@CCA@@AAC@@CA@AA@BAB@@@@ABA@@@A@@@@A@@@A@A@A@@@AAAAG@A@@EBA@@@@@@@CAA@@@@@@A@AD@B@@AA@A@@@A@@A@@BABAJAHCF@@A@@@AA@ACCAA@ACKAEDCFCBCBALCBCEICEAC@@BALEFEDIDSBIFCJIFOAM@ODI@GEOAI@EDAFA@C@CGMACCAKAUESGUOIICAAAC@AA@AA@@@@@@@@@@@@@@AA@@@@@A@@@A@A@AA@@AA@@A@AA@@A@@@AAA@@@@@AA@@@@@@A@@@@@@A@@A@@@@@A@@@@@@@A@AAA@@@@@AAA@AAA@@AA@@@C@@@@@AA@AA@A@@@CAA@AA@@A@A@@AA@@BA@A@AA@@A@A@A@@@@AA@@@@A@@@A@@@@@A@@A@@B@B@@@@AB@B@@@BA@@@A@A@A@@BA@A@@@CBABA@A@@@A@AB@@A@A@@@EBC@ABA@C@AB@@A@A@@BAD@BABA@@BA@@BA@AB@@@@@@AB@@A@EB@@ABA@A@[BIAE@YSC@G@G@EBCBObAFIFCFH@DDFHBHAHMHKJmbSXUHYCKCCAICECE@IAIAGDEDKDG@I@GAI@IBBIBGBEDCFYTIFEDGAEACC]QAAC@C@ABATAFCBGBC@CBA@@@B@@BB@@@B@@@@BB@@@@BB@@B@@@@@@@@@@@@@@A@@@@@A@@@@@@@@@@@@@@@@@@@@B@@@@@@@@@@A@@@@@@@BB@@@@@B@@@@@@@@B@@@@@@@B@@@@B@@@@@BB@@@@B@@@@@B@@@@BB@@@@@@@BB@@@@@@@B@@@B@@@@@@@@@@@@@@@@@@B@@@@@BA@@@@@@@@@AB@@@@@B@@@@B@@@@@@BB@@@@B@@@@@@AB@@@@@@@@AB@@@@A@@@@@BB@@@@B@@@@@@BB@@@@@@@@@@@@B@@A@@@@@@@@@@B@@@@@B@@@@@B@@@@@@@@@@A@@@@@A@@@@@@@AB@@@@@@@@@B@@@@@@B@@@@@@@@B@@@@A@@@A@@@@@@B@@@@B@@@@@@@B@@@@B@@@@@@@@A@@@@@@B@@@@@@@@A@@@@@@@@@@@@A@@@@@@A@@@@@@@@@@@@@@@@@@B@@@B@@@B@@@@@@@@@@@@@@@@@@A@@@@@A@@@@@@@@B@@@B@@@@@@@@@@@BBA@@@@@@@@@@B@@@@@@B@@@@@B@@@B@@@B@@@@@@@B@@A@@@A@@@@@@@@@@@@@@@@B@@B@@B@@A@@@@@@@@@AA@@@@@@@B@@@@A@@@@@@@@@@@@@BB@@@@@@@@@@@@A@@B@@@@@@@@@@@B@@@@@@@BA@@@@@@B@@A@@BA@@@@@@@@B@@@@@@@@@B@@@@@@B@@B@@@@A@AB@@@@@@@B@@@@@B@@A@@B@@@@@B@@@@@@@@@@@@B@@B@@@@@B@@@@@@@@@BA@@@AB@@@@@BA@@B@@@@@@@B@@@@B@@@@@B@@B@@@@@@@@A@@@@@@@@@@B@@@@@@@@AB@@@@@B@@@B@@@@@@@@B@@@@@B@@@B@@@@@@@@@ABA@@@@B@@@B@@@@@@@B@B@@B@@@@@B@@B@@@B@@@@A@@@AB@@AB@@@BB@@@@@@B@@@@@@@@AB@@AB@@@B@@@B@@BB@@@B@@@@@@ABA@@@@B@@@@@B@BB@@B@@AB@@@BA@@@A@@@@@@BB@@B@@@B@@@B@@A@@@AA@B@@AB@@AB@@@B@@B@@BB@@@@@A@@BA@@@@BB@@@B@@B@@BB@@@@@@ABA@AB@@@@@@@B@B@@@B@BA@ABA@A@ABA@@BA@B@@B@@B@@@B@@@@@B@@AB@B@@@@@BB@B@@@BBD@@@@BB@B@@BB@@@@@BB@@B@@@B@@@B@@@B@@@@@@BB@@B@@@@@AB@@AB@@@BA@@B@@@@@B@@AB@@@B@@@@@B@BA@@@@B@@ABABABA@ABABABBB@BB@BBDB@@@B@DABAB@BAB@D@B@@@@@BA@@@@B@@@@@B@@@@@BA@@BA@BB@B@B@B@BA@AB@@A@@BA@@BA@@BA@@@@B@@@@D@B@DABAB@DBB@FABABAB@B@@@@@@BABABC@ABABCDAB@DAF@BB@@@BBD@@B@@@BA@A@A@AA@@A@@AA@CBC@@@@B@@B@@BB@@@@B@@BBB@@@D@@@B@B@@@@@@B@@@DAF@B@@ABABA@@BA@@BBB@@BBB@D@@B@@B@@@BAB@@@@AB@@A@@@@B@@B@@@@@@BA@@@@@@@AA@@@@@@@B@B@@@@A@@@@@@@@@@@@@@@A@@B@@@@@@@@A@@@@B@@@BA@@@@@@@AB@@A@@@@B@@@@A@@@@@@@A@@@@@@@A@@B@@A@@B@BA@@@@BA@@@@B@@@@BB@@@@@@AB@@@@A@@@@@@B@@@BA@@@@@@@@@@BA@@@@@@@@B@@AB@@@@AB@@A@@@@B@@ABA@@@ABA@@@@@AB@@A@@BA@@@BBB@@@@BB@@B@@B@@@@BB@@@BBB@@@B@@@B@@AB@BB@@@@@@@@@@@@A@@@@BBB@@@B@@@@@@B@@@@@@@B@@@@@@@B@@B@@B@@@@BB@@@@BA@@@@@@@@@BB@@@B@@BB@@@@BBB@BB@@B@@BB@@@@@B@@@@@@BB@@BB@@@B@@@@@@@B@@@@B@@BB@BBB@@BB@@@@@BB@@AB@@@B@@@BB@@B@@@B@@@@@@@@@B@@A@@@@@@B@@B@@@@@B@@@BB@@B@@B@@@@@@@B@@A@@@AB@@@@@BB@@@B@@@@@B@@@AB@@@@@@@B@@@@BB@@@@@@@B@@A@@@@@@@@@@B@@@@B@@B@@B@@B@@@@@@@@AB@@A@A@@@@@@B@@@@@@@@B@@@@@BB@@@B@@B@@@@@BB@@@@@@@B@@@@A@@@@@@@@BA@@B@@@B@@@@@@@@BB@@B@@@B@@@@@@@@B@@@@A@@@AB@@@@@@@@@B@@@@@BB@@@AB@@@@@B@@@@@B@@@B@@AB@@@@@@@@@@@@@@@B@@A@@@@B@@B@@B@@@@A@@@A@@@@@@B@@@@@@@@@BB@@B@@@@A@@B@@@@@@A@@@A@@@@@@@@BA@@@BB@@@@@@@B@@@@@@@@@BA@@@@@A@@@@B@@@@@@BB@@@@@@AB@A@@A@@@A@@B@@@@@@@@@B@@@B@@@@@@@B@@@@@B@@@@@@@@@@AB@@@@A@@@@B@@@@@B@@@@@B@@@@A@@B@@@@@@@@@B@@A@@@@@@B@@@@A@@@@@A@@@@@@B@@@@A@@@A@@@@@AB@@B@@@@@B@@@@@@@B@@@A@@@@@@@@B@@@@@@@B@@@@@@A@ABA@@@@B@@@@@B@@@B@BA@AA@@A@C@AB@@CDABCBCBCBCBCDGFCBCBCDABABA@GFOHIH@F@DFDLBJBJDFDHATEF@BB@@@@@B@B@@@B@@@B@@@@@BA@@@@@@B@@@@@BB@@@@@@B@@AB@@@@@B@@@@@B@BB@@@@@AB@@@@@@A@@@@@@@@@@@@B@@@B@@@@@@AB@@@@@B@B@BA@@@@@A@@B@@@@@B@@@@@B@B@@@@@@@@@@@@@@@@AA@@@@@B@@A@@B@@@@@@@B@@A@@@@BBB@@@@@@@@@BA@@@@@A@@BA@AB@@@@@@@@@B@@B@@@@@@@@B@@@@A@@B@@A@@@ABA@@@@@@@@B@@@@@@@BA@@@@@AB@@@@@@@B@@@@@@@B@@@@@B@@@@A@@A@@@@A@@B@@@@@@@B@@@@AB@@@@@@IDADKFKJELK\\GX@HCHABBLDFFJBJCXAD@H@FFJN^FTNzBJBHBH@J@JAJ@F@T@L@HDHFFHHLDJBHDHDlZHFLHHHHHBDDNBFDDFDBDDHDH@DBHDN@FDFBHBHBDBDBBAHEHABEAmKIBIBCB[fADEFCD@@B@B@B@DADADAJAF@BBBBBBfADDLDHDHF@BCF@DBBFBDDFDDDHFhhFB`EHADDBV@FCBE@yJ@DCJAHCFBFDFDBN@NBH@JALGJEFAJ@HBJBLBHBHBJ@JBFBHFRLNNHPDNDXAH@B@@@@@@APH^JLpNJBLBN@HBJ@FBJ@J@J@J@LFNHF@H@@@@D@B@BE@C@CAC@CBEDAD@BB@BBFFDDD@D@BA@A@EAC@@DADAFBD@BBD@DEBCFCDEDGLCL@hhLTH^TrC^@@GFCDCB"],"encodeOffsets":[[110234,38774]]}},{"type":"Feature","id":"610400","properties":{"name":"咸阳市","cp":[108.705117,34.333439],"childNum":1},"geometry":{"type":"Polygon","coordinates":["@@@C@CBCFCBC@I@E@AYGGAGBK@EACACAEEAAC@C@E@EDA@AA@ACIACAAKCCACCCAA@A@A@GHEBC@A@CAEAE@C@ECCAA@E@E@CBAAAACEAAAAAAE@CBE@OCACCCECACACCIAC@A@EBC@AACCAECGGOGECGSCA@C@EAAA@ECA@@C@C@@AAA@C@IBAAA@@@@AAM@AAAACCAA@C@A@IFABA@CAIIGGAA@A@APM@AACBC@AAA@@A@KDGBA@A@A@AAAA@ABAAA@@@@A@C@A@A@@AAA@GAA@ABA@A@AACBCAA@AA@A@AA@@@AAAE@E@E@@@A@KOCE@C@@BCFGBCBADAB@H@FBB@DBHDB@@@@@@AAE@G@A@ADEDKBABCDE@@@A@AACAAA@A@E@E@GAA@CGACAA@@A@EBGBA@E@C@OEKAA@GECACKGEEAC@E@C@GC@CBCJGH@BBBD@@HDDDBBB@BAB@@BD@B@B@D@BA@AB@BBD@B@@@D@@A@@@A@@AAACCCCIAKECCCACEK@CCCQMMIEE@ACEAACCCA@CBGBEDCDEFEFCDCBCBAD@HAF@HCJGHEJcL_DCDADAB@F@B@B@BAFIDKBGBIBCFEFCBCFIHMBS@K@CDCBCFCDCBA@A@G@CDCDGDABC@@@CHMDCBAB@BBDDD@B@BABA@CBAD@DAFBB@BCBABGBAFALADAFAD@TFF@DBFBBBB@FAHALBF@B@B@D@B@@@B@@A@@@AB@@@B@@B@@B@@@@@BAA@@CAA@A@@@@B@BBD@@@BABA@@@AAAAABADAB@BAB@B@@@@AB@@A@@AA@@BA@A@@@A@A@@@@DAB@B@D@B@@A@@CC@A@@@@B@B@B@BAD@DAB@@A@@BABA@A@@DA@@B@@D@@B@@@DA@@@AAA@@@AAA@AB@@@B@B@BBBDB@@@BA@@BA@AFC@ABABCB@@@@@DDB@B@@@@A@@@@AA@@@@@A@C@ABA@A@@@A@A@C@AB@BAB@D@@@@A@@@@AA@@C@@@@@@A@@BA@A@@@A@@@@ABA@@A@@@@BAB@AABC@CBADAB@B@DFBDFBH@LBBBBDDDFDHDDBD@B@B@@CB@H@B@@ADAD@J@H@JADABCFCFCDAF@F@D@B@BBBBBF@B@DADADED@B@BB@FBF@HAFBB@BBBFFJB@D@B@RGHAN@P@J@F@DADEFEHAL@D@D@F@D@DADADEDABCB@BC@A@A@AB@D@BAB@@ABA@C@@B@@@B@B@@@@A@AAA@@@@BAB@BA@C@@BCDABA@AB@@@B@@AB@DGBA@ABA@A@A@@@AB@@@B@D@B@@@BABA@AB@B@@A@@BA@@B@@@FCDAB@FEHEDCDG@CBC@C@A@ABCB@@A@AAAAA@A@CBAAG@GAEAAAACAC@GAAAA@@A@E@EBU@CCCAC@ABABAHEJGHGFIBABBDBHFDDFDHFBDBF@DBFBFDFBBDDDBD@DAF@DCDCBEDGFEFAF@H@NBL@DBFBBBD@D@FAFAJCFBF@J@DB@@BBBBB@FBX@N@D@FABADC@CAACCCCAA@@@ABC@AACCEACAE@GDG@@@A@A@A@A@@ACAAAA@@@@A@AA@ACAAACCAAAACAAC@A@A@A@A@A@A@A@A@CA@AAA@A@@@A@A@@@A@A@@@A@A@@@A@AACA@@@@CCAA@@AA@A@A@A@C@A@AAC@AAAAC@A@@BE@C@C@ABIAI@GBGBKBIACAEGCCAGAQAIAE@C@EBABABAB@@ABA@@BA@ABABABCBABA@@BA@A@C@A@C@A@AAC@A@A@A@ABA@@BA@@B@@AB@@ABA@A@C@C@A@C@C@E@C@C@G@EAE@A@SAA@G@A@IACAECGAI@AAEAAAA@@AAAAA@AAA@@CAAAC@EAE@C@CB@@C@@@C@ACAAACAAC@AAG@GAEBA@A@C@C@A@GEAA@@@C@A@ABA@CDCBABABA@CBA@C@A@ABA@AB@BAB@DAB@D@DA@AB@@A@A@A@AAC@A@C@A@ABA@A@ABA@A@AAE@C@C@C@AAA@AAIACACBA@@FEB@BA@A@AAA@@AC@A@@@A@AB@@@BC@A@A@@@EAC@EAABE@@@ABC@A@AAC@@AAAA@AAA@AA@@A@A@ABA@ABA@CBA@A@A@A@A@@BA@@BC@C@A@AA@@A@@A@@AA@A@ABA@@B@BAB@BAB@@A@A@ABA@A@A@AAA@A@ECAC@AB@@A@@@ABA@ABA@A@CBC@CDOA@CCKIKEICGEEEICM@@@SBGACAEIGGGCGCGAG@KBI@E@GAE@EACACAEEECECCCECACCAGACCACEEE@UFE@ECKIECAMCG@AD@@@@A@A@C@@AAA@C@A@@@AA@ABADCACCACA@C@@@C@ABC@CBAAEBE@A@EAE@CCC@@@@@ADCBEBC@A@CACA@@ACAMBG@E@IAE@KBC@CBA@G@@@CBC@C@A@A@AAAAA@@ABABAFCDC@A@A@AAEECA@ACBCA@A@A@AB@BA@ABABADCBCBABAA@@E@A@@@AA@@@AAAAAAA@A@@CCC@C@G@A@A@C@CAC@CAM@@@AAAAAAA@@C@C@ABA@A@ABABABC@@BC@ABAAA@@A@C@E@A@EA@@@AAA@I@IBE@@@@@AA@AA@@A@ABA@IBCDEBIDA@A@A@@BA@ABAD@D@BAB@@CBABA@ABAB@BAB@BCLEDG@OG]KA@AFG@CAECCCCGECGAECECGEEACAIAG@C@I@EAAACCCEAAE@C@C@EBA@ABABABA@A@C@E@C@A@A@CAE@GAG@E@ECECGAICA@G@GAEAEECEKESGAAEAICEAKDIDE@KAICGGC@CAIAEACBGDGFC@MBM@ODM@K@M@AAAAGEGCKCICGAGAIAI@C@MBCBABADCDIDKDEBODIBE@C@G@EAKCIEIEGAGAI@G@EBEAG@GBA@CBEBGDCBMLGFGFOJEBKBIDGBG@E@CAC@CBC@A@E@G@E@IAEAGCEEEAM@I@C@ABCBCDGDEBCBCBC@C@A@A@A@EBEBCBAB@DC@ABA@@@A@A@@@A@@@GB@@A@@@@@A@A@E@C@C@A@EAA@A@C@A@A@@@A@ABA@AAC@C@E@EAAAAAAACBE@A@ABC@EAAACA@@C@C@A@@@@AC@E@C@A@AAAAA@@@EACACAA@C@C@E@BV@BABABA@@F@F@BBBFDFDBDBDBF@HAFCD@@C@C@C@C@CBC@A@A@@@A@A@A@GBE@E@E@C@@@@B@@DD@BAFCD@DCDABE@IBEBGFEDCBC@GCABABBB@DADCFAF@DAL@NBHDDDDFDF@BAB@D@B@@@B@B@B@@@BB@B@@@B@@B@@@@@BA@@@@B@BB@@@@@@CB@@@@B@@@BB@A@@BA@@BAB@B@B@@A@@AA@@@AB@@@BBB@@BB@@@@A@A@A@A@@@@@@B@@@B@@@BAB@@@BB@@BA@@@@@E@@@@B@@@@B@@@@BBBBBBB@@AB@@A@@B@@@@@BB@@BB@B@@@@BA@@B@@@@@B@B@@B@B@@@B@@BB@@@@AB@@@B@BA@@DAD@@@@@BBBBB@@@@@@B@B@@@@B@@@@B@@@B@@A@@@A@@AA@@@AB@BCB@@@B@@A@ABAB@@A@@@AA@@@@@@AB@B@@@@@@@@A@@@AB@@@B@@@BA@A@@BA@@B@@@B@B@B@@B@@@@AB@@AB@@@BB@@@BAD@B@@@@@@B@@@BBAB@B@D@B@BB@@@A@@@@@A@@B@B@@A@@@@A@@@@A@@@@B@B@@AB@AAB@@A@@@@B@B@B@@@B@@@B@@@@BBB@BB@@@B@@A@@BA@@B@@@@BBB@@AB@@B@@@@@B@B@@@B@@BBBD@@A@@BA@@@@B@@@@B@@@B@@@B@@BA@@BA@@BBB@@B@@A@@B@@A@@B@@B@@@BA@@DA@@@@@BB@@B@@@@BDAHAL@LADAB@BABG@KRENCJANBLDVARGPELCLAF@BCDCH@BAB@BA@ABE@CBA@@DAB@B@D@BBBBBDD@BEL@NDPDJDREDCDIDIDC@CD@F@FBFHBFHFR@^CLALEDEFEHEHADAFCFAHAFAD@@A@E@CBAFABAD@DBFBDBHBDBF@B@DBDBDBBDDBBHFBD@D@LBBBDDBDAD@DABBDBB@nTMRBhM\\FTKd@nAPGTEJKLEHAD@F@DAHBD@HAHAFAFAFEFCBCDEBCDEBEDEBEDGDGDGHEDEHANCFAHBJ@FBHBHBHBJ@F@J@H@DEHE@ECCAGCGECECAIEGAGCKCKCEBKAG@IACBE@AACDAB@B@@@@AB@BA@@B@@@B@D@@A@ABA@AA@BA@A@@@AB@DBBA@@@AAA@CA@@@ABA@@@CB@@ADB@A@AAGAA@@C@A@@@AB@@ABMAA@ABAB@BAB@DBDBFBL@B@B@@ABC@A@@B@@BB@@BBADADABCDAB@D@BAD@B@@@@@AA@@AA@AAC@E@AB@@BBH@BBA@@@A@@BA@B@@@DB@B@BADABA@@@@@@DCD@@@@B@BB@@BA@@@ABABBB@BBB@B@@D@D@BAB@B@BAFCFAFEJEHCFEHCHAHCHAHAJEJCJAHAJAHAB@B@@ABB@@BBD@@@B@BD@BBDDFDD@JDFABCB@B@B@BB@BCD@F@@B@B@B@FGFBHDLFHP@@BB@@@D@@@DKDEAC@CAE@CDEB@DBDAFABADAD@DDBFDDDBB@B@BABG@E@EBICICEBA@EDG@E@CBCDCDEBEDCBAB@@ABA@@BADA@@B@B@@A@@@@B@@A@AB@BA@@BA@@B@@AB@@ABA@@BA@@@@@@B@@@@@@A@B@@BA@@@@BA@@@@B@@@BA@ABA@@@AB@@@@@@A@@@A@A@@BAAAB@@@@@@@BA@@@@B@@@B@@AB@@@BA@@@@@@@A@@@@B@@@@@B@@@@@@A@@B@@@@A@@@@@@@@@@@A@@@@BCD@@@@A@@@A@@@A@@BA@@@@@@@A@@@@B@@@@@@CB@BA@@B@B@@AB@@@B@BA@@BB@@BBBBBBBBB@B@B@BGHCFAFABGBC@C@@BEHEJEJEJELELEH@FAH@JABABAB@DADADCBCDADAF@@@B@@@BB@@@BB@@@B@@B@@@B@@@@@@@@@@B@@@@B@@@@@@B@@@@@@@B@@CBCB@BABEJCHAFCFCHCHCFCDCBCLEHCD@BADADABABABCBCAC@CACACACAA@AB@@@@A@@@@@@B@@@B@BA@@@@@@@@@A@@@@@@B@@@@@@@@@B@@@@@@AB@@@@@@@B@@@@@D@@A@@@@@AB@@@@@@AB@@AB@@@@@@@B@@@@@@@@@@@@@@A@@B@@@@@DABBBBDBB@B@B@BABABA@C@EAA@C@@D@DBB@BFBBDFHBBDDDBFBNGHAJ@JAH@FBBDDBDBDADADEBGBCDADCFAFDBB@@@@@@@BBBAB@DCDEDADADDDDDDFBFDDFDHBFABAFED@D@@RBX@FAFAFCDEDCBGAC@E@CAAC@C@AEACAC@CB@DDDDDDBBDDBNBJDLDHFDBF@B@BA@ABA@@BA@A@AB@@@BAB@B@B@BBD@B@B@BABABABABAD@BB@@BAB@BB@B@@B@HAB@@@BADCBCBA@@B@B@DBB@B@@@@A@AB@@AB@BBBBB@BAB@BCBEBCBCBAB@D@B@B@BBBBF@B@BADAB@BCDCBCBABADAB@B@DB@@D@B@@@B@@@BA@C@ABAD@B@D@@BB@D@B@@BB@@@BB@@BB@@BBB@BABABCBA@A@AAA@A@@BA@@B@D@D@D@D@BADBBAB@@A@@@C@A@A@@BADCBABA@AB@D@FBBBBBDBD@B@D@D@D@D@F@F@DBBAF@B@BBB@DBDADA@@DA@ABA@C@@BADAF@D@BBD@BDBBBBB@B@BABE@ABCBAB@B@B@DBDB@D@B@DAHAB@DB@BBBDB@B@H@F@BBB@D@F@@AD@B@B@@AB@@@@@BCB@BA@A@AAA@CAC@A@@AAAAAACACCACAC@@NCJALBBC@B@@@@@@B@@A@@@@@@B@@@@@B@@@@@BB@@BB@@B@@@@@B@@@B@@@B@@BB@@@@@@@@@@BB@@@@@@@@@B@BA@@B@@@B@BAB@@@B@@@@@BBB@@@B@@@B@@@@BB@@@@@@@B@@@BA@@@@@@B@@@@B@@@B@@B@@@@@B@BA@@@@@@@@BB@@B@@@B@@@B@B@@@B@@@@BB@@@@@@BB@@@@@@@@A@@B@@@@@@@B@@@BBB@@@@@B@B@@@B@B@@@@@B@@B@@B@@@@@B@BA@@@@B@@@@@B@@B@@B@@@B@D@@@BBB@@@B@@@@@AB@@@@B@@@@@@@B@B@D@B@@@D@@@@@BBB@@@@@B@@@B@@AB@@BB@B@DBB@DBB@BAB@@@B@@@B@@@B@@B@@@@@BB@@@@@B@@B@@B@@BB@@BB@@AB@B@@@@@@@BB@@B@@@B@@@@@B@@@@B@@@@@BB@@@@@@@@BB@@@B@@B@@B@@@@@B@B@B@B@@@B@@@@BB@@@@@@B@@@@@@@@B@B@@@@@BBB@BBB@B@@BB@@B@@BB@@@@@@@B@B@@@@@@B@@@BBB@DDDBHBFBBFD@B@D@D@F@B@@@BBB@B@BBB@D@D@B@B@D@B@B@BAB@B@DB@@BBBB@BBB@@@@@B@@DBHDDBJ@DADCBA@@@AB@@@B@@@B@@BBB@BBB@B@@@BB@@@`TH@DDB@@BB@BBD@BABADAF@PBFFxSBCBC@ABADCBAB@B@F@B@@A@A@AAAGC@CAEDEBABADEDEBE@ABA@ABCDCB@D@@BFDB@D@DBD@DB@BBFBB@BB@BBB@JBD@B@D@BCDADCL@DBLBBDB@D@B@B@D@B@D@BD@@BDBBDBBBDBBBHDFBFBFBDDBBBBFBFBBBFDDBFFDBDFFDHDDA@C@CBA@@DAF@B@@AEICGRKB@DBBDDBBBBAF@D@B@BBBBBBB@B@@AAA@ABA@@\\@H@D@DA@A@CBA@@HADBD@B@BA@@B@FAH@FBF@HAJAH@D@HAH@F@HBD@DBDAFBFBB@L@B@DA@@B@@A@B@AB@B@@@D@@@@@@AB@D@BBB@B@B@BBB@@BB@DB@BB@@BDBB@@@BBB@DBDBDB@@D@D@B@F@HBFBDBDBB@FFBBDBBBB@BBFBBBBFBBDBDB@BHBB@@A@AB@@AD@FBBAFEBEDADCDCFALBFADBB@BDDBBD@D@B@@BDBDBDBBD@HBB@F@DBBBBBDD@@LZDDHDBB@B@BCDABABA`@B@F@DFNLPBHDJC\\JNHJBLBNGVGLGPCX@V@LALIPCFERALBLFLLLLL@DBBBFB@BD@D@B@BCDABFFDB@@B@DEBAB@DAB@D@FBFDBBB@DA@AAE@CBE@@BADABBB@DBBBFDBBB@D@B@BCBADAD@AAAC@C@CB@B@DAB@BA@CBAB@DBD@@A@@BA@A@C@@@AAACE@CAA@ABAB@B@DBD@B@BA@@BA@ABAB@D@B@BBBB@BFFDBB@F@DAJCDAB@BADB@AD@DAD@BAB@F@BBD@DABCLOLGdEPCNMBUBSJQNIHO@Y@EN]FMFEHI@C@CAAAAAAA@CC@A@A@ABCDAB@F@DBB@B@BAB@F@JBPDDBDAB@@ABE@E@C@CAA@A@A@AB@D@H@BADA@A@@AA@ABE@G@E@ABABAD@H@F@DADABCB@BADBBBD@BC"],"encodeOffsets":[[111482,36193]]}},{"type":"Feature","id":"611000","properties":{"name":"商洛市","cp":[109.939776,33.868319],"childNum":3},"geometry":{"type":"MultiPolygon","coordinates":[["@@EICC@CAACAC@AACEEGCEECCAE@EAEAC@EBE@C@EE@CAKAC@CB@FADCDCBC@E@CFEHGBC@AACCACI@ADCBAJAFAL@LAPCDADCF@LAJAHAFCDCFCDADCBALIDAF@FBHDDBDAJAHAH@H@DADAFAD@DCDI@EBEAA@A@ADCBABC@@BAFBD@HCBAD@FBD@L@JAHAB@@A@CCEAC@E@AB@JBF@D@LEH@J@JBF@B@DEDCDANCDAHKDCAICIIKKIGC@@@ABADCBA@AACAAEEAACAC@@@CGAICCCCMEOEEAEEAG@ABEDIDa@G@A@@@E@@AA@@@@@@@@@@@@@@@B@@@@@@A@@B@@@@@@A@@A@@@@@@@@AA@@@A@@AA@@@@A@A@@@@@@@@A@@@@@@@@@A@@@@@@@A@@A@@@B@@A@@@@@@@@B@@@B@@@@@@@@@@@@A@@@@@@@A@@@@@A@@@@@@@AA@@@@@@@A@A@@AA@@@@@AA@@B@@@@AB@@@B@B@@@B@@@@A@@A@@@@@@A@@@@BA@@@@@@A@@@A@@@@@@@@AA@@@B@@A@ABAA@CAC@A@A@@@@@AAB@BAHCD@@@@A@C@CAA@E@CAAAC@A@ABAB@DBD@B@B@D@D@J@L@F@DBDB@@@D@BCF@@@@BDBBB@@@DBB@B@B@DABA@AB@@CBAB@DC@@@ABAB@@A@A@@@@CA@@A@@@AA@C@@BABABAB@B@BAB@@@@@BADE@A@@@A@A@A@ABABAFEJMDCBA@GBI@G@EAE@C@ABABAD@JATAFAB@@A@A@C@C@ABGBCBCDA@ACEGKCCGAM@IAE@MEGCCAGGAACAE@A@AAEE@A@A@ADCDEBC@A@AAACAG@I@C@A@C@A@GAEAACC@CAC@CAEAAAAA@AAG@AACAC@A@A@ADCHCHEBCBCBG@@B@PCF@BA@A@I@A@AAI@C@CBA@@BAJ@FAHABABABA@@BBFBBBB@D@BAFADAF@D@FBDBHFFDHBF@D@@ADEDCB@FAFABABCJGB@D@HAD@FAB@J@JAD@DABAFIFKDCFCBCBE@GBCBCNEJEFCF@FAB@D@BBBB@@B@NEJAF@FDF@D@F@FABA@CBEBABA@CAE@A@CHEDADAD@D@D@B@BEDGBEDEBEBEFCHADABC@C@K@E@EBGDGDEJOFCDABC@CAACCAAAA@CBC@A@A@AAACCCEAC@C@ABGDCBAHCDCBA@EBEFGBCHEBANCJCFABAFEHGHILMDEBALAHBH@H@HAFCDEDAH@VEVERCDAFGFEFEBADBJBF@HAFAJILMFCNIFCDCBCLGDAJYBEBEACACAEGI@E@EBAAA@EACBEPIJEFGDE@GDEFKBKBMCWBCIEABABA@AA@@BAACBA@@@E@@BA@@BB@BLGCMGS[OIAECEGHMHSDEJQ@QBIJQLIFIBG@KCICK@KFIDEDC@EGKUIWAEAEIDKJEF@BMGCI@A@ACA@@A@A@EBE@A@A@A@AACACAACACA@AAABABCAACAGAAAAA@@@ADC@AB@DC@CDABAFEDCBC@@ACA@@CCBADABC@CBC@@@CBC@G@CBAAO@KEGEMOOOWYMOSOUCKBOHOF_DA@AA@@AAA@@AAA@CAAAACAA@A@ABA@A@C@C@KEC@ABA@EAC@CAA@CA@CAAAACCAAAACC@CAC@CAE@A@AACACBA@A@ABCBCBC@CBABA@CDC@A@ACEAACCAAA@E@@BA@ABAD@B@BAF@BC@@@CCECAA@@AAACAAAACAA@AAGBQBOBQ@YEOEQMQKKQGQ@MDK@IQEQBONQPUXGHCFGNEPIRMHKEOIIGQCMDQHMJKPALDN@PATAP@NGNKV@NEXGNKFOBcBK@MEIKBKCUIEMGMCAAAAAACCAACA@ACA@CA@ACAAAAAAAA@AAA@@@@@@@@@@@A@@@@@@@@@@A@@@@@@@@@@@A@@@@@@@@@@@@@@AA@@A@@@@@@@@@@@@@@A@@@@@@@@B@@@@@@@@@@@@@@A@@@@@@AB@@A@@@@@@@@@@A@@@@@@@A@@@@BA@@@@@@@@@@@@@@A@@@@@@@@@A@@B@@@@@@@@@@@@@@A@@A@@@A@@@@@@@@@@@@B@@@@@@@@@@@@ABA@A@@@@@@@@@@@@@@@@A@@@@@@BA@@@A@@@@@A@@@@@A@@@A@@@@@@@@A@@A@@@@@@@A@@@@@@@@@@@AA@@@@B@@@@@@@@@@@B@@@@AA@@A@@@A@@@@@@@@@@@AA@@@A@A@@@@@@@A@@@@@@@@A@@@@BA@@@@@@@AA@@@@@@A@@A@@@@A@@@@@@@@@@@@@@@@AA@@@@@@@A@@@@@B@@A@@@@@@@A@@@@@A@@@@A@@@@@@AA@@@A@@@@@@@@@@A@@@@B@@@@@D@@@@@@@@@@@@A@@@@@@@@@@B@@@@@@@@@@@@@@@@A@@AA@@@@@ABA@@@@@@@@@A@@@@@@A@@@@@A@@@@@@@@@@@@@@@@@@@@@@@@@BA@@@@B@@@@@@@@@@@@@@A@@AAA@A@@BA@A@A@@BA@CBE@CDMFA@QCEAEAA@AAAAC@@@GEI@QDSHG@@@@@@@@@A@@@@@@@@B@@A@@@@@@@@@@@@@@A@@@@@@@A@@@@@@@@@@@@@@@@@A@@@@@@A@@@@@@@@B@@@@@B@@@@A@@@@B@@@@@@@@@@@@@A@@@@@@AAA@@@@A@@@@@@@B@@@@@@A@@@@@@B@@@AA@@@@@@@@@@@@@@A@@AB@@@@@@@@@@@@@@@@@B@@A@@A@@@@@@@@@@@@@@A@@@@@@@@@@BB@@@@@@B@@@@@@@@@@@@@@@@@@@@@@@@@@@@@@A@@@QBA@AAAAA@A@C@@@@@@@@@B@@@@@@@@@AB@@@@@@@@@@@@AB@@A@@B@@@@@B@@@@@@B@@@B@@@BA@@B@@@@@@@@@@B@@@@@@@@@BA@@@@@@@@@@@@BB@@@@@B@@@@@B@@B@@@@@@@@@@@B@@@@@@@@@BA@@@@@@@@@AA@@AA@@@@AA@@@B@@@@@@@@@@@@@B@@@@@@@@@@@BAB@@@@@@AB@@@@@@@@@@@AA@@@@@@@@@@@@A@@@@@A@@AC@@ABA@A@AAA@C@A@AA@@AAAA@AAA@AAAAAAAA@AAC@@@A@AAABC@A@C@C@@@@@@@@AA@@@@@@@@@B@@@@@@A@@@@A@@@@@@@@@A@@@@B@@A@@A@@@@@@@@B@@@@@@A@@@@@@@@@@A@@@@@@@@@@@@@@BA@@@@@@@@@@@A@@A@@@@@@@@@@@@@A@@B@@@@@@@@@@@@@B@@@B@B@@@@A@@@@@@B@@@@@@@@AA@@@@@@@A@@@A@@@@@AA@@A@@AA@AA@@@@@@@@@@@@B@@@@@B@@@@@B@@@@@@A@@@@BA@@@@AAGAKF[FABE@ABABA@@@CBC@C@A@ABA@A@A@C@ABA@M@OCKAOCQGICUAOAQDIFQRINKFKF@@A@@A@@A@@@@@@@@@AB@@@@@B@@A@@@@@@@@@@@A@@@@@@AA@@@@AA@@@@A@@@@@@@@A@@@@B@@A@@@AB@@@@@@@@@B@@@@@B@@@B@@@@@@@@@@@@A@@@BB@@@@B@@@@@B@@B@@KL@DIJSNOA[CYIQBMBWBUAQAKA[EWIWESBYPCJGHKFMBKCUIQCKBQHSJ_NIJKDMFKB[FUDWFULGBODMAIAYG]I]CWA[BSBYCcE]F[LEDEHKRKBUBOEQIM@EF@TCNIFMJaAEAEGIECEAM@QBYKE[EODWJUHODWBWCWGMOCYMSUEKGISISOOUOQOKKYASAO@eAQ@OCMGYMMCODKJMRKVONQHQFYAaGOCOHYbKJKBO@OI@@FA@C@EA@CAA@A@@CCACACAAAA@CAA@CCAAC@ABCDA@AAACAAEFEIKOCCK@EBAAC@C@IBA@C@CAKAE@A@E@WBOJKHOROJ]ZIJIVKFIBGAOGIKOSIMOMECA@ACAACCCAC@AAA@AAC@@AAAC@CBGDCBA@AFCBABC@ACAAAACACAE@A@A@CCACAEAAACAABC@ABCBE@@@A@A@@AC@CBC@EAA@ABA@CA@E@CCEAG@CA@@AE@A@AAAC@AAGAGBABABABABCAAAC@A@CCEAA@@BBDBDADABABABC@AB@B@B@DADADCD@DADABC@CBE@E@A@GAAAAAAAA@AB@DAB@BABABA@A@A@ABABAF@BABCBE@CBA@A@@BBDBD@D@BCFCBCFABABEB@BAD@BABG@ABAB@B@B@DABIDCDE@CBC@ABA@@BBD@BADADABADA@CBE@@BGJWHMLMTERILSD[NQJk^OJKASIIGSGQ@OBMHDLBHBNALEHKPQTSJW@UEcKGIAK@KHINETAPBXBPB^DZNZNNT^@RKEP@DFLLHXNZRNNJPCXI\\ALHLPJbJ`GVIZGjEXC`BTJTNPNTVZbDHB@HDBBBDBH@BHJ@B@BAF@DBBBBDDDBHDDD@@BBNAJFBFKHCJ@B@BEDAB@BCBEAG@CDMFMJ@NLLPAjINFNLLNHNLN\\\\TNVCLSHKDCJAPDRHHNNVNXJ\\ATEVOXU`SLU@AaCI@KJKTAVBBDFBBBB@B@DABBB@BBBBAB@B@BB@DBB@DBBD@DBB@BB@BBDB@BAD@BAF@DABA@AB@D@B@BBD@DBDBBBBBB@BBDBBBDDBBBBD@B@F@FDFBDB@DBDB@B@D@D@BDDBDDDBBD@BBD@D@D@D@F@DDDBFBBB@D@BBBABAB@FAD@DAF@DBD@B@D@D@D@DBFBDDFBD@FDBBFDB@D@B@DAHAH@DBFBB@D@D@D@BDBBBDDBDBB@D@F@F@F@FBDDDBBD@BBBBBBBHDD@DBDDBDDBDDDDBBBD@BDFDDBFBDABBBBBBBD@DBB@B@BCDCH@HAB@HG@EACFADCFBNDHBD@BAB@BAD@DADAB@DBB@DBD@D@B@DABCFEBADAFA@C@AAABE@A@E@I@C@CBABA@@@ABAD@BADDF@F@B@BADCFABAD@D@BBBDBBBAD@D@JÃECCEBAEGCCFEDABCBCNDLHBJNN@DC@f¼BADCD@FAFAL@D@H@H@DBDB@BBB@BBBDDDBDDFBB@D@D@D@DADAD@BBDBFDB@D@D@DABADAD@FADAF@F@J@DAD@BADAFADABCBCBCBC@ABABADABADAD@DBD@BADAD@B@D@BAD@D@BBBBDBD@BBBBBBBBDDD@FABAF@BBDDDBB@D@F@D@DBDBDAFABADCBABCFAB@DADCDABADAD@F@H@D@FBDA@ABABC@CBADAD@H@D@H@HADBF@F@F@DABAD@B@D@HBD@D@DABABABADCB@DBBBBDBDDBB@B@B@DAB@DB@B@BBB@BDBDBDBD@B@D@DAD@FADAD@F@DAF@D@F@DBD@B@DAB@@@D@DD@BBDBB@BB@BBB@BB@@F@BBD@B@B@B@DBB@B@DBB@B@B@BBB@DB@BBB@B@B@B@B@D@BBB@B@B@BBBBBB@B@D@B@DBDB@@BBBB@@BBBBBBBBBBB@BBB@@BBB@B@BB@@BBBB@B@B@B@B@DBDD@@BBBBB@BBD@B@B@DAB@B@D@B@B@D@B@F@BB@BBD@BBBBD@B@B@D@BBB@BBB@B@B@DAB@D@B@BAB@B@D@B@B@B@@@BJFDJ@HEFMBC@ABCBABA@CDAB@BABABCBA@ABC@A@CBABA@ABC@ABA@A@ABA@A@CDCBABCBA@@BEDABABA@ABCBCBA@CBABA@AB@BCBA@ABAB@B@B@BBBBBBBBBBB@BB@@B@BABABABABBBBBBBBBB@@DBF@BDJ@@BD@BBDBB@B@DAB@H@B@B@@@BB@@BB@FBBBB@F@BBBBB@BBBBBB@@@B@BAB@@ABED@@AB@@ABAB@B@B@@@B@D@B@@BB@B@@@BB@@@BBB@B@DBDBB@BBBB@@@@@BBB@B@B@BBB@D@@@@@BB@D@@@B@B@D@B@BB@@B@BB@@@@BDBBBB@@B@BBB@B@@@FBB@B@FAJB@@F@D@FBD@D@D@B@B@D@B@D@D@B@B@B@B@B@B@BBB@B@B@B@B@BB@@B@B@@@@@BB@D@D@B@B@BBB@@@BB@@BB@@@BB@@B@BB@@B@D@B@B@FBB@DBBBBDBBBBBB@BBB@B@B@@BBAB@B@@@B@@BB@@@B@@B@@AB@BABA@@B@BAB@B@BAB@@AB@@@B@D@D@FBFBHDHBBBHDDBBBBB@BBB@@@B@@B@@@B@@AB@BA@A@A@AB@@A@@BA@A@@BA@@BAB@@@B@B@@@BBB@B@BB@@B@@@B@B@B@@@BAB@BADABADC@@BAB@@AB@@AB@BA@@B@D@B@D@B@B@BBB@BBBB@@@B@B@D@BBD@B@BBB@DAD@B@D@B@D@B@B@BBBBB@BBBB@@@BBB@B@B@B@B@B@B@DBB@DDBBFFHJFFDFDJDFDFDDDD@BBB@@BBD@F@D@BA@@F@@@B@@@BA@@@@@@@A@@CA@AA@AAAAAA@AAA@A@A@A@@@CBA@@@AB@@@B@HDB@DBBBD@@BBB@BB@@BBBB@@@B@@AB@B@BABABABA@@BA@@B@D@BBDBDDB@@B@@BB@B@@ABABABAB@BAB@@AB@@CBCF@@A@@B@@A@@@A@AAAAAAA@@@ECA@@AA@@@A@A@AB@@AB@@CBADA@@BADAB@@@BA@AB@@@@A@@@ABA@@BA@@B@B@@@B@BA@@@ABAD@@A@@BA@AB@@AB@@A@@@ABC@@@A@A@@@A@@@A@A@@BA@AB@@A@A@A@CAA@AA@@C@@@C@@@A@A@AB@@CDA@A@A@A@@@A@A@@@A@@B@@@@@BBDBBBBDDFDBDBB@BBDBBDDB@@D@@BB@@@B@BAB@@@@A@@BA@E@@@A@AFAD@BGRCLEFADABDDLDDDDLHF^@D@DAPYLQJGHCFAB@@BABEHABBBBH@FADCJCPCT@F@BDBFBFDFBH@DBD@@BDFBFDFFDDDJDD@D@B@BCDCDADCDAD@BABADEBCBADCFABA@C@AB@@ABBDBFBHBHBH@DBB@B@BA@ABEBA@CFCDEDE@A@C@AAAAA@CDCBCDAD@DATAF@DADCB@DAB@BABCBADAD@@ABA@@B@B@BDDDB@DBFAD@F@BBDBDBHHDBJDD@D@B@AA@EAABABC@CAEAEAACAAAAC@A@E@@BABADCFEDADADAD@B@BBB@D@F@DBD@BBDBFBDBFFDDDD@@B@B@DAB@B@B@FFBDDF@@@BF@DB@@DDBBDB@@B@DABABABA@@B@@@@DBFBBBBDB@B@@@@ABEBEBCB@BAB@BBFDH@D@J@B@BCLAJCBABCHAD@D@FBD@J@FAFCF@D@DBBDBBBB@B@FEDADAFAL@D@D@DDBDBBD@B@B@@DBJAR@BABEBCBABCNAB@BCBEBCBAFGTEDCDCLCDCDAFFDDDFBDBDBDBDDD@D@D@FAD@D@D@BBFFFJFJDDFBDBFBB@@BBHBLAFBF@BB@BBH@LAD@D@NLFBD@D@B@DBLHJHFBD@D@D@D@F@H@FARCD@D@BBHFDBD@D@LAJBF@D@BABAB@@ADABAH@HAB@BA@AAABAB@BAHCJEJCD@PAD@DA@@DBH@BBD@B@DABADAHCHCD@DAD@F@FAF@HBD@B@NEFALCLGFEB@DADAD@@@BAB@HBJBF@FADBB@F@B@B@B@DBHDFDDDB@@@DADCDAF@HAD@HDH@F@DBB@DBBAD@D@F@NBF@J@F@DABBJFDHHDDDF@H@F@JANAHAD@J@LDDBZINCJAB@DBBBHFDDDBFBFAFABAAEAIAG@E@ABCBCBABG@EDCDCFOBEBG@GBADCDAPGDCBEBE@I@ECIAC@CBC@AACCAI@M@E@GDGBABAAAC@C@AAC"],["@@e»E@MDI@CCIÄBBD@F@BABADEDADBD@DBFBDBB@BAFAFBD@DBB@BADADA@@"],["@@@S@CKH@BBBBB@@@BABJF"]],"encodeOffsets":[[[113124,35140]],[[111812,34685]],[[113692,34283]]]}}],"UTF8Encoding":true}