{"type":"FeatureCollection","features":[{"type":"Feature","id":"210402","properties":{"name":"新抚区","cp":[123.902858,41.86082],"childNum":1},"geometry":{"type":"Polygon","coordinates":["@@@EA@C@@A@C@@@AAAB@@@B@DA@@@C@A@@C@@@AA@@@@AA@@@A@@E@@@C@@@A@@AA@@@I@AAA@A@@@@A@A@@D@B@@@@A@@@AA@@A@@C@A@A@ACACAA@@G@IBC@E@G@I@GA[BE@@@@@AA@@AAA@@@AA@@@@@@@A@@@@@A@@A@@@@BCDEBCDAB@@A@C@A@@@C@@@@@A@@@A@A@A@A@@@EAC@A@C@A@A@@@C@A@A@C@CAA@@@C@A@C@AB@@@AEB@@A@@@AA@@A@C@@@A@@@@@@@A@@AC@A@@@A@@@@@SAA@@@@@A@@@A@@AA@A@AAAA@@AB@@A@@@@BA@@@@@@AA@@@AAAA@@A@@@AAC@AAA@A@@@@AA@C@@@A@AD@B@@@@A@@@@@CDCBADABADCDCFABBAB@DAB@@@@@@@B@B@H@F@F@DBF@DBF@HBPDLBNBXDZFXD^FD@HBH@NA@@DABB@@@BB@B@DAD@JBJBNBHBFBJBH@FAFAB@DBNC"],"encodeOffsets":[[126975,42883]]}},{"type":"Feature","id":"210403","properties":{"name":"东洲区","cp":[124.047219,41.866829],"childNum":1},"geometry":{"type":"Polygon","coordinates":["@@FFBBF@DBJ@FAJEJIDCACBA@@@@B@@A@@@@@@A@@@@@@@@AA@@@@@B@@@AA@@@@B@@@@A@@@@@@@@@@@AB@B@@A@A@@B@B@@ABA@@@@B@BA@@@@@@@@@A@@B@@A@@@DBB@@D@@A@@B@@B@@B@@A@@B@DABA@@@@@AB@@@@AAA@@A@B@@A@@B@@@B@A@@@B@BA@@BBA@@@@B@BB@D@H@DA@ABAA@@@@AA@@AB@DA@@@A@@A@ABA@CA@@A@@@AB@@EAA@@@@BA@ABC@@@C@@AA@ACAAAC@@A@AAA@AB@AA@@@@A@@BCAAAA@@@@BAB@@@@A@AA@@A@@DABA@@B@B@@@BA@@BA@AB@BA@@@A@@@@@A@@@AD@@@BA@A@A@AAA@C@@BC@CEEBCCAC@AAAAE@A@E@@BBBA@AB@DCBEAA@AAC@A@ABC@GEEA@@@BA@ADA@AAE@AAEA@@@@CABEBIFODM@ICSEKGIMIEEAIG_@CCAEBEFCBCBE@@BCFBH@D@B@@@DABADDB@BEDAD@BABAAACABABCA@@ADBDA@@BBBEB@@ABBBCDABE@CD@@CAEICBABAA@AA@@@CAA@A@A@@@@@A@AA@BA@@@A@A@A@AB@@A@AAAA@AA@A@@@@A@AA@@@@A@@@@BA@@@@@A@A@CA@@AACBA@@D@DB@@@A@@D@@@@@@AA@@A@AAA@A@@@A@@@ABA@@AA@@A@@@AAAA@@AA@A@A@@AC@@B@@@BADA@@@A@@AA@AB@@A@@B@B@BBB@@@@AB@BA@A@@CA@@AAC@A@@AAC@@AAA@BA@@AAAAA@CA@@@A@AA@AC@AA@A@A@@B@@EAA@A@A@A@ABA@@@ABAB@@A@C@@@A@AAA@C@@@ABA@ABA@ABA@A@@BA@@@BD@@AB@BBB@@@@@B@@@B@@@D@@@@@BA@A@@@@@C@EBA@A@@@@@ABA@@BA@@@BBA@@BA@@BA@@@AB@B@@A@@B@BB@@B@@@B@B@@AB@@@@@B@@@B@@AB@B@@A@@@A@A@A@A@C@A@ABA@@@A@@B@@A@C@@@AD@@@DAB@BAB@@@BCB@@@B@@@B@@AB@B@B@BCBA@EAA@AB@@AAAA@@@@CF_rCDAHBNDfFFBDDBFBFBL@jAD@B@@B@B@F@@@B@@@@@B@@@@@@BB@@B@BB@@BB@@@@F@\\AHBJ@H@F@D@JAH@@@BBBDBDB@B@D@@@@BB@@B@@@B@@A@C@@@@B@B@@B@B@BBJ@@@B@@BB@@@D@@@F@@@@B@@BB@@@@BB@@D@@@@B@D@@CBA@@@A@BB@B@@@D@BD@B@@F@@B@NAH@D@D@T@NDJBFBHBRBF@FDDB@BDBHHHH"],"encodeOffsets":[[127047,42901]]}},{"type":"Feature","id":"210411","properties":{"name":"顺城区","cp":[123.917165,41.881132],"childNum":1},"geometry":{"type":"Polygon","coordinates":["@@YC[GUGEE@EBKZoXcFCLBPFPFFAFCfgJKDEDEHBFDPRD@DA@@@A@A@A@@@@F@B@@@B@@@AA@@@AB@@@DABABA@AB@@A@A@A@A@@@A@A@A@CBA@@B@@@@AB@@@BA@@@@B@@C@@BAB@@@@B@B@D@B@B@@F@@@@AB@@AF@@@@B@BA@@BB@B@@@@@AB@@@@B@@@BBBDA@@B@@AD@@BDBBBBB@@@@@@A@@@@@AB@BBD@@@@BA@@DA@@BB@@@BA@@@@A@@ABAB@@@AA@@D@@AADB@@@@BDB@@B@@@BCBCDE@@@A@A@AAA@@@@@@@A@@BABA@C@A@A@@AABA@@BABAAAA@@ABBB@B@B@@ABA@@B@B@DB@@DCGGGGCA@ACAECE@QAGAEAIAMCS@C@C@G@MBA@@@MDCAA@EBEBG@IAEAGAMAIAIAC@CBA@A@@A@@AACB@@MBG@GAC@]EWCYEWCMAKAOCGAE@CAE@CAE@E@G@A@A@@@@@@@A@CBA@ABCBEBE@KDKBMBK@EBYPCDAF@JCHEHILEHANBNDL@@@@BHHNPRHLHPPlHPHRFBHHHLJHJHJFHBJFVJRBNB@@@@FBFBVDBBDDB@BB@@DBDABB@@F@BAB@@@@@@AD@BBB@@@BABAB@D@D@@ABAB@@BDBB@@@B@BAB@BABABABA@@D@@AB@BAB@@@B@@@DA@@BA@@BA@AB@BAD@@@HBLDHDH@H@DCBEEGGEACBCVE"],"encodeOffsets":[[126930,43014]]}},{"type":"Feature","id":"210404","properties":{"name":"望花区","cp":[123.801509,41.851803],"childNum":1},"geometry":{"type":"Polygon","coordinates":["@@GQGOOkGOGKOQGMAG@@@@CKAMBMFGJKFGDG@IBEDCZOFAL@NALALCF@FADABADEDCBCBABCDADC@@@@B@@@@@@ABCB@@@D@B@@B@@B@B@BBD@BB@@B@@@BBBB@@B@@B@@@@B@@A@@B@@@BA@@BBBBB@B@@BB@@@B@@@@@B@TB@@@@B@@@B@D@@BB@@@@@@@B@@@D@B@@@BB@@B@@@FA@B@@BAD@B@D@@@B@DBD@B@B@D@@@B@B@D@B@D@FB@@B@B@B@B@@@B@@@@@D@@@B@D@B@@@BADCFADC@A@@B@@E@A@AA@C@iBK@EAEACAACEECeAMBGDC`qDE@@@@BBBB@@BAB@FBB@DA@A@A@ABA@@@A@@@A@@DA@A@@BA@ABA@C@@BC@@D@B@@@@AB@@@B@BAB@D@B@B@B@B@@@B@@@@ABA@@@A@@@A@@@@BA@@@A@A@@@AA@@A@AB@@@@ABA@@B@@AB@@AB@AA@@B@@AB@BA@@@@B@B@FAD@@@@@B@B@@A@@@@@C@@@A@@@A@@@@AA@ABA@@AC@@@@AAA@@AA@@@EBAA@@CBA@@@@B@@@BA@@B@D@@A@AB@BA@A@ABA@@@A@A@A@A@@@@@E@C@A@@@A@@A@@A@A@A@A@AAA@AA@BA@A@@@A@C@A@A@@BB@A@ABGAK@A@@@AA@A@@@@A@@@CF@@@A@@@AAB@@CB@@CAM@EDAJ@RCBAAACEYCACBGREDEAKEG@EDGL@@@@@@@@EJ@@@@S\\CJ@D@BDDBBBB@@DBB@BDDB@B@B@@BBB@@B@@@BA@@@@@E@A@CB@@@@A@@BCBCBC@AB@@@B@@@BA@@B@@AB@B@@@@@@BB@B@@@BA@@B@@@BC@A@@B@B@@@BA@CAA@CA@@A@CCA@A@A@CB@@A@@BC@ADA@A@@@@AA@@ACA@ACAA@AA@@@AAA@@AAA@AAABA@@@@A@@B@B@@@@@AAA@@A@@AAC@A@AA@BA@@A@@@@@@@A@@@AC@AA@@@@A@@@@@@B@@@B@@@@@@A@AA@@@@A@@@@B@@A@@@A@@@@@A@@B@@AB@@@@A@@@A@@@@@@@A@AAAAAAA@@@A@@@@@@BA@@@@@@@A@@@@@A@@@@@@@A@@@@@@@A@@AAA@A@@@@@@@@@@DB@@@@B@@@B@@@@@@@@@@@AA@@@@@@@A@@@@A@@A@@@@B@@@BB@@@@@@CC@@@@B@@@@@BB@@@@B@@@@@@@@@A@@AA@@A@@B@BABA@@B@AA@@@A@@@@@A@@@A@@@A@A@@@@B@@A@@@@B@@@@@@A@@@@@@@@@A@@@@@@A@AA@@A@@@@BA@@@@BAB@@ABAAAAA@@AA@@@@@@@@@AB@@@@DB@@@@@B@@A@@@@@AAA@@@@@AB@@@@@@A@@AA@@B@@A@@BA@@@@@@@A@@@@B@@AB@@@@@@A@AA@@AAAAA@AA@@@@A@AA@@A@CAAAA@AAA@C@A@@@@@@@AA@@@@@@A@A@AAC@A@A@@@@@A@@@@@@@A@@@@A@@@@@@@@A@@@@@@@@B@@@@A@@@@BA@@B@@@@@@@BB@@@B@@@@@@@@@@B@@AA@@A@@@@@A@@@A@@@A@@@AB@@@@@@@@@@@A@@@@A@@A@@A@@@@B@@@@@@A@A@A@@@AB@@A@@@@@A@@A@@AA@@@@@@@@@B@@@@@@@@@B@@A@@@@@A@A@AA@@@@A@@@@@C@CA@@@B@@@@@@@@@@@@@@A@@@@@A@@@@B@@@@BB@@@@@B@B@B@@@@@@A@@@A@A@A@A@@@A@@@@@BB@@@@@@@@A@@@@@AB@@@@AA@@A@@A@@@@@@@A@@A@@@@@@@@AA@@@AB@@A@@@@BB@@@A@@@E@A@ABA@@@A@@@@B@B@@@@A@@@@@@A@@A@@@A@@@A@AB@@@@@BA@@@@BA@ABB@B@@@@B@@@@@@@@@B@@@B@B@B@@@@@B@@@@A@@BA@@@@AA@@@@@@B@B@B@@@@@@B@@@D@@@@@B@@B@B@B@BB@@B@@@@B@@@@@B@B@@B@@B@@@@@B@B@B@@@B@@@@@B@@@@BB@B@@@B@@B@@AB@@@@@@@B@@B@@@B@@@@BB@@@@@@@@@@@@B@@@@@@@@@@@@@B@@FA@BAF@B@@@B@DA@@@A@@@AB@@@@@BA@@@@BA@@@BB@@D@@@@@@B@@AD@@@B@@@@A@@@AA@@@@@@AB@@@@@B@@A@@BA@A@@@@@@B@@@@@B@@@BA@@BABB@B@BB@@@B@@@FNDLBV@FBHBFDDDB@HDDBB@DBFDHFFHBBBBFBDBDB@@@B@@@@@B@@@BABF@BB@@B@@B@@@@A@AAA@@@A@@B@@@@@B@@BB@@@B@@@@A@@BB@@@@@@BA@@@@@@@@BB@@@A@@@@@@@@@@B@@@B@@@@@B@@@@@B@@AB@@@@@@A@@B@@@@A@@@@@C@@@A@@@A@@@@@A@@@ABA@@B@@A@@@@@@@AB@@@@A@ABA@A@CBCB@@ABABA@@B@@@@@B@@A@AB@@@@@@B@@@BBBB@@B@@B@@@@@@@@A@@B@@@@B@@@@@@@@@@AB@@B@@B@@@B@B@@@@B@@B@B@B@@@@@B@@@@B@@B@@@B@@B@@@B@B@@@B@@B@@B@@AB@@@@BB@@@@A@@B@@@@B@A@@B@@A@@@@@BB@@BB@@B@@@B@@@@@@@@@@BB@BD@@@B@@@@@@AB@B@B@@@@B@@@@B@@B@@B@@@@D@@BB@BBB@D@@@@BB@@@@B@@@@A@@@@@@@@@@@B@@@@B@@@@@@AB@@@@A@@B@@@@A@@@AAAAAA@@@@@@@B@@@B@@@@@@@BA@@AAAA@@@@@@@@B@@@@AB@@@@A@@A@@@@A@@@@@@@@BBB@@@B@@@@@@@B@@C@AA@B@@@@@@@B@@@@@@@@B@B@@@B@@@@@@@@B@@@@@BB@@B@@@B@@A@@@@@AA@@AA@@@@@@@@@BB@BB@@@B@@@BAB@@AB@@@BA@@@@@@B@@@B@@A@@B@@@@A@@B@@@@@@ABA@AB@BAB@B@@@B@@B@BB@@BBBBBBB@@@@@@BBB@@@@BBB@@B@@B@AB@@A@@@ABA@@@ABA@@@@B@@@B@BB@@B@@@BB@@BB@BB@@@@BB@BB@@@BB@@B@B@D@B@@@@@@@@@BA@@@@@@@@B@@@@BB@@@B@@@BB@@B@@@@BB@DB@B@@B@@@@@B@@@@B@@@@@@B@@@@@@A@@@AB@@@@@@@B@@@@@@@@@@@B@@@@B@@B@B@@@@A@@@@B@@@@@@@B@@@BB@@@@B@@BB@@@@@B@BABAB@@@@@@@@@@@@BA@@@ABB@@@@@@@@@B@@@B@@@@@B@B@@@@@@@B@B@B@@@BA@@@@@@BA@A@@B@@@@@B@@@@@B@@@@BBB@B@@@@A@@B@@@@@@B@@@@BB@B@@@@@B@@@@B@BB@@@B@@BB@@BDB@@BB@@@@@@@@@B@@@B@B@B@@@@@B@B@@B@@B@@@@B@@@@@@@@@@@B@@B@@B@@@@@@@@@BB@@@@@@@@B@PH"],"encodeOffsets":[[126770,43001]]}},{"type":"Feature","id":"210421","properties":{"name":"抚顺县","cp":[124.097979,41.922644],"childNum":1},"geometry":{"type":"Polygon","coordinates":["@@BA@@BCJGFIDIBG@GDGLCBA@@@@@AB@@A@A@@@A@@@AB@B@NBB@@@B@BCDAH@B@BABC@@@AA@@@BA@@D@@@B@@A@AB@@@@@@AB@B@@AA@AA@AB@BC@ABA@AB@AA@@B@B@@@BA@@B@@@@@BABBDAB@AA@A@A@@@C@@CAAA@@@A@@ACB@DA@@@ABC@@@@AAC@A@@@C@A@A@@@E@@@A@@@ABC@AB@@C@@A@@AA@A@@ABAA@@A@@@AAA@@@@@AA@A@A@@A@A@C@A@@@A@A@@@AB@BCBA@@AA@ACA@CA@@@AA@A@BA@@E@@@AB@BA@B@@BB@@B@@@@ABA@ABA@E@AACBA@@@@A@@A@E@@@@@ABBDABB@A@@@ABAAABA@A@@@A@ABA@@B@BA@CBA@A@A@@@ABA@C@A@@@AB@@A@@A@@AAEAAA@A@@@@BAB@BB@A@@@@C@@@@@@A@@AA@A@A@AAA@@@C@ACCCA@@@@A@A@A@AA@@@A@@B@B@D@@AB@B@B@D@@AB@B@@@BB@@B@@@BB@@BBB@B@B@@@@@@@B@@A@@AA@@AA@@B@@@@BB@@@BB@@@@@A@@BB@@B@@@@A@@@@AA@@A@@AA@@@B@BA@A@@A@@@B@BAB@B@@@@ACA@@AAA@@@@AB@A@@AB@@@B@B@F@@@B@DA@@B@@@@DBA@@@@@B@@BBB@BB@@@A@@@A@@A@@@@@@A@@@@@A@@@@B@@@B@@A@@@@AA@@@ABABA@@B@@@@B@@@@D@BA@@@@@@@@B@B@@@@@B@@@@@@A@@@@@@BB@@@@ABB@@@@@@@@A@@@@@@B@@@@@@@@@@@@@@@B@@@B@BB@@B@@A@@B@@@B@B@@@AA@@BA@@D@@@BB@AB@B@B@@@BB@@@@@A@@B@@@@@B@@@@@A@@B@@@@B@B@@@@@AA@@@A@@B@@@@@AA@@B@@A@A@@@@B@@@@@@@B@B@@@BAB@F@BBB@D@@A@@@@B@B@BA@@BA@A@@AAA@@AA@A@E@A@C@C@C@C@A@C@AACABCA@@AA@@@A@@@@A@A@@A@A@BA@@A@@AA@@A@AA@@AAAA@@@AABA@@@A@@A@@A@@B@@ABA@@B@@@CA@@@AA@BA@@@A@A@A@@@@AA@ABAAA@@@@@@@A@GA@@C@@A@A@AA@A@@ABCAA@A@A@AA@AB@@@AA@A@C@@B@@AD@@A@@@A@@@A@A@@@AB@@A@@B@BA@AB@F@B@B@@@BA@@BAB@@@BA@@BA@@DC@@B@@@@@B@DABB@@B@@B@@@@B@@@BBB@D@@@@B@@DB@@@BB@@@@BAB@@BB@@BBB@@BB@@@B@FAD@BAB@FBBB@@@B@BB@@BB@@@F@DCB@@@B@@@B@B@H@D@@@DB@D@@D@BABA@A@AB@B@@A@A@A@A@A@@BABABA@@B@FB@BBB@@B@BB@@@@@BB@@BB@@BD@@@@@BB@BB@@@BA@@BDB@@B@@B@BE@@B@@@@@@ADB@@F@@@B@B@@@@A@AB@AA@@@A@@BA@A@@AA@@BA@A@@BA@@DC@A@A@AA@AAAA@AA@@@AAAA@AA@AA@A@A@AAAAA@@@AB@BC@A@@@A@@AA@AB@@AA@@AA@C@A@@AA@AAA@@A@@BC@A@@@@FC@@@ACCECA@A@C@CBA@@@CCAABA@@BAB@B@@@BA@AB@BA@A@@@@@AA@@AAA@A@@B@@@@A@AB@AA@AB@DAD@@@D@BA@@B@B@@@B@BA@@@C@A@ABA@C@@AABABA@@@C@@BAAA@@@@@ABAD@@@@A@@B@@@BA@ADA@@B@@@@@@A@A@@BA@@@A@@A@@AA@@BAAA@AAC@CAA@AAA@AA@AC@AA@BA@@@AA@@A@AAAAA@AAAAA@@A@@A@ABA@AA@@A@@@A@A@A@A@@@@A@C@@C@A@@ACA@@@@AAC@A@@AA@@@C@@C@A@AAAA@AA@@B@BABA@ABA@@@@BA@@@@@AAA@@@A@@AA@@@@@@@A@@@A@@@A@AB@@AAA@@@@DABA@ADABC@AB@B@@@B@@@B@@ABA@@DA@@@A@@B@D@D@BA@@BAAA@ABA@AB@@A@@D@FBB@BBB@BAD@@@D@@@@@BA@@@AB@BA@BB@DB@@DBFBB@BAB@@AB@BA@@@A@AAA@@AA@@@@@A@@BA@A@@@@AC@A@AB@@@@AFEAAA@C@A@E@C@A@A@@AB@AAAA@@@@@ABEBABA@@AAC@C@@@AAAAE@AC@AA@C@C@AACA@@@A@@@CBA@@HCJKFICGEIEKIMSGOIQGOO@KBKDKFGLANBREHKHIJIRKXI@KAGKCMCGAIIHKLKJGFGOQGMDKHIFEAGCMMIIMGOKOWHKBKBKAIDCFEHOL[C@@@@G@A@@@@@EB@@@@QBQD@B@@AB@@@@@BA@B@@B@B@@AB@@B@@B@@@@AB@@BB@@@B@@@B@B@@B@@B@@@@@@A@A@ABAA@BA@@@AB@BA@@B@@@@A@A@A@A@ABAB@@A@A@@AA@@@A@@BA@@@A@@@A@@@A@A@@BA@@@ABA@@BAB@@@@@@BBBB@@B@@@AB@B@@@@B@@B@@@B@@@@B@@@@@B@@@B@@@BB@@B@@BB@@B@@B@@@@@@@B@@@@@@@@@@B@@B@@@@B@@B@@BA@@@@B@@A@AB@@@B@@@@AB@@@@A@A@@@A@@B@@A@@@A@A@AB@@@@@@@@@BA@@@@B@@A@@@@@@B@@@B@@@@AB@B@@@BA@@@AHALEJMFEDOBWA[CSHEDMFO@ECOGGGKEOCK@QDE@KAAGGKGIK@aGKBOGIGYGOZETMN[CYESAQBeRQNYHQFQFQFWD_GGCGEICOCIBKPCHAHEHK@QAYAM@QCWEMQAC@OBKBKCOUIICSCQCWGMCOAO@GDKHFLFL@H@JAJEHG@OCSGUKCE@@A@A@@B@@A@@BA@@B@@A@@B@@@@@@@BAB@@@B@@@@ADA@@@@B@@@B@@A@@B@@AB@B@@@@A@@@AB@@@B@@ABA@@@ABA@@@A@@@@A@A@@A@@@@@A@@@A@@B@@@BAB@@@B@@@@@@@B@@@BB@B@BB@@DBB@@BB@@B@@CB@@@@AB@@A@A@@B@@A@@@@B@@AB@@@@A@EA@B@BAB@B@BAD@@AB@B@D@B@@@B@@@@B@@BBBB@B@@@BB@@B@@@@@B@B@@@BADBB@@@BBBBBBBBB@@@BBB@B@@@BBB@BB@@B@@@BB@@B@@@BBB@@@@@B@B@B@B@B@@@BA@@@@B@B@@@BB@@@B@@@BBB@@@@@BB@@@B@B@@BB@@B@@B@B@@BB@@@D@B@B@BB@@B@@@B@@@B@@@BA@@B@@@B@BBB@B@@@BB@@BB@@AB@@@@BBBBBBB@@@B@@@@B@@@BB@FBBBB@@@@B@@@B@@A@@@@@ABA@AB@AA@@@@BA@@B@@@@CBAB@B@@AB@@@@AAA@AB@@C@@B@@A@@AA@AB@@A@@@A@@@A@AB@@@@@B@@A@@B@@@B@@@@@B@@@@@@A@@B@@@B@B@@@@AB@B@B@@A@AB@@@@@@AAA@@@A@@@CBA@@@A@@B@B@B@@@BA@@@@B@@@B@@AB@@A@A@@@@B@@@BB@@B@@AB@@@@@B@@@B@@@BA@A@@@AB@@@@@B@BA@@@A@@BB@BB@@BB@B@B@BBB@@BBB@B@@@BB@@B@@@@@BB@@F@B@B@BB@@@BBB@@@@@B@B@@@BA@@B@@@@@@BBBBBBB@@B@BB@@@BA@@BA@@BAB@B@BBB@BBB@@@BDBBB@@@BB@@@B@@B@B@@@@B@@@B@BA@@@BB@BB@@BBB@B@@B@@@@@B@@@@BBBB@@@BB@@@B@@@BB@@@@B@@BBB@@B@@B@AC@A@@BB@@@B@B@B@@@BBB@@@B@@A@CAA@A@@@A@@@BD@B@@@BAD@@@@BBB@@B@B@@B@@B@@BB@@D@@@@@BB@B@@B@@@B@@AB@@@B@@@@@BB@@B@@BBBD@BBBB@@@B@BB@@BAB@@@B@@@B@@AB@@@@@BB@@BBBB@@B@@@B@@B@@@B@@B@@@B@@A@@B@BA@@B@@@@AB@BA@@@@@@@@AA@@@@@ABAB@@@B@@@@@@@@CBC@@BA@@BB@@B@@@B@B@BA@@@@B@@BB@BB@@B@@@@A@@B@@@@A@@@A@@@A@@@AA@@AB@@@B@@@B@@@@@BB@@@@@AB@@@@AB@B@@@@A@@@A@@B@@A@AB@@AB@BA@@@@B@@AD@B@@A@@@AB@@@@@B@BA@@@@B@@@F@@@@@B@@A@A@@@A@AD@@B@@B@@@BBB@@@@B@@@@B@@@@BB@@@@B@@@@B@@@@A@@@@@@DA@BB@@@@B@@@B@@BB@@@@B@@@@@@@B@@@@@@@BA@@@@@BB@@@B@@@B@@@B@@@B@@AA@@@@@A@@@@A@@@@@@@A@@@AB@@@@@B@@@@@@@@A@@@@@A@@@@B@@A@@@@@@@@AB@A@@@@AC@A@A@@BA@CD@@ABAB@@@@@BB@@@BBB@@@B@B@@BB@@@@@@@@BB@@@B@@@@@@B@@@@@B@@A@B@@@@@@B@@A@@@@@@@@B@@@@@@@@@BB@@BB@@@B@B@BBB@@AB@@@@@@B@@@BADA@@BAB@@@BAD@@@BAB@BABA@@B@@@B@@@@@@@BB@@ABBB@D@BB@@@BB@BB@@@@A@A@@@@B@@B@BABBB@BB@@BB@B@@BBB@DB@BDB@BB@@B@@B@B@BCD@@AB@@@DAB@B@B@DDB@@@DBB@DBB@@A@@@A@AB@D@@A@@@AB@@A@@@AAA@@@@@@@ABA@@@AB@@A@@@A@@BAD@DADA@AB@@@@@DAB@F@@@@@B@@A@@@AA@AA@@@A@ACAACA@CA@@AAAACC@A@CDIT[@@@@FI@@@@@@@@HKFCH@LFFBFCHQDADBFZBDBBDA@QBIFCN@DB@@DA@@BA@B@@@B@@DE@@B@@@@@@BBB@@B@L@HBBAB@A@@AB@B@D@B@@@B@B@@ABBB@BBB@B@B@B@@@@BB@@@B@D@F@@@@@B@B@B@B@@@B@BAB@B@@ABAB@@@@C@AB@@A@@@A@@B@DA@@BBFA@@B@@BB@BB@@B@@AB@B@BAB@BAB@BA@@D@B@BBB@@@D@B@@@BABA@@B@BAB@B@B@B@FB@@@AB@B@B@@BBDB@@B@B@@DBB@BBBB@@ABB@BB@@BD@BB@D@BB@@DB@@@BABA@@B@@A@AAA@A@@@@BA@@BBB@@@B@@CBAB@@A@@@BD@@@B@BBB@@BBBB@@B@@@BB@@AB@B@@@B@@@BBB@B@BB@@B@@@@C@@@@B@@CAC@@@ABBD@BB@@D@B@B@@@@AB@@@@@B@@B@@B@B@@B@B@@BBBBBB@@@BAB@B@B@@@B@@ABBB@@@@@B@B@B@DB@@B@@BBBBADAFJDB@@DCF@BADCAABA@@FAAA@AB@ACBC@@DBBABABDBBBA@ABCFC@ACABCBA@C@@@A@CAGDE@AF@DADAFEFADB@DH`BJFFNJHJFLDT@JCNEPAJAFDB@@@@FBBBF@BBB@BCB@@A@@FBHFD@BAB@D@BBB@FBDA@CBAB@AA@AF@B@F@BBBBD@DBADFF@DAD@@@DBB@B@B@BAB@@C@@B@@@B@@@@@B@@ABA@@BAB@@AB@@A@A@@@ABCB@@@BB@@B@B@@A@AB@@@@BBBBAD@@@B@@B@@BBAB@BBB@@@BDBBBDB@@BD@@@D@BAB@@A@@B@FB@@BA@@B@@@DBB@BAB@@@@B@@CBA@@BB@@B@@B@AB@BCBG@C@A@@A@A@@B@AA@@ABA@@@B@A@@@A@@@@BA@B@@@BB@B@@A@@B@@@@ABCBA@@@@BA@@@@AA@@@@BC@@@AA@C@@@BA@@@@B@@@@@@@@ABA@@@@@AB@BA@A@@@@B@BA@A@@B@@@@@@@@@@@B@@A@@@@@BB@@A@@@@@B@@B@@@@@@B@@@@@@@@BA@@@@@ABBDCDIJIFEBI@CAE@AAEECD@@CAA@A@@@AB@BA@A@A@AA@BB@BBABAB@@ABBB@@@B@B@DABAB@@@B@@@@@@BB@B@B@B@@CFADAD@@A@@@CA@A@@A@BC@BC@@@BB@@A@AB@BB@@@@@AB@@A@@AB@@CB@@A@@C@AAA@@B@@@@@B@@@@A@AAAAAC@@BC@@@AB@ACAA@@A@@@@@BA@@@@A@A@@AB@@A@A@@E@@BA@@B@@E@@@@A@A@C@A@A@@A@AB@@@DA@@@@@AB@@A@@B@@A@@@AB@D@B@B@B@@@B@B@B@BA@@BABABCB@@A@@B@@BB@@A@@@A@E@@@@@@B@B@B@@CBC@OQECGACFCFILehEDEBOEOEKAEDWdYpAL@FFFVH\\HZD\\APBT@XFNFLBPAL@JFJJFRBNBHBH@FRNNJZNXDTHLHJAP@TCVCZAVGNGLELCHBRBRDNALCFA\\BZDVJRHRC@@@@D@DKDI@IBE@@@@D@@ADABAB@@@B@@A@@@A@A@A@A@A@@@ABA@AD@BCBABA@@B@B@@@@A@@BAB@@A@@@@AAAAAA@AAAAC@@B@@A@@@A@@@A@ABCB@@A@AAA@A@A@@CA@@@AAA@@@@B@LAD@B@B@F@B@B@@BB@B@@@BB@@B@B@D@DBB@DB@BBB@@DB@B@@B@BBB@D@DBD@B@D@D@B@B@B@D@BBB@DAD@BBD@@A@ABA@@BA@@BA@@BCBA"],"encodeOffsets":[[127327,43018]]}},{"type":"Feature","id":"210422","properties":{"name":"新宾县","cp":[125.037547,41.732456],"childNum":1},"geometry":{"type":"Polygon","coordinates":["@@@@@@A@A@E@I@@BE@E@@@@@ABAAA@A@CA@@A@CBA@@@A@@@A@@@A@A@AAC@@@A@@AA@AA@@@@A@@@A@A@@AA@A@A@A@EA@@AA@A@A@@@A@A@@@@@@AA@@B@@@@@@@@A@@@@@@@@@@@@@A@@@@@@@@A@@@@@@@@@@@@A@@@@A@@@@@@@@@@@@@@@@@@@@A@@@@@@@@@@@@@@@@@A@@@@@@@@@@@@@@@@@A@@@@@@@@@@@@@A@@@@@@@@@@@@@A@@@@@@@@@A@@B@@@@@@@@A@@@@@@@@@@@A@@@@@@B@@A@@@@@@@AA@@@@A@@@@@A@@@@A@@@@A@@@@AA@@@@@@@A@@@@@@@@B@@A@@@A@A@@@@@@@@@A@@@@@A@@@@@@@@AA@@@@@@@@@A@@@@A@@A@@@@A@@@@@AA@@A@AA@@@@@@@A@A@@@@@@@@@A@@A@@@@A@@@@A@@@@@@@@A@@@@@A@@@@@AB@@@@@@@@@@A@@@@@@A@@@@@@@@@@@@A@@@@@@@@@@@A@@@@@@@@@@@@@@@@@A@@@@A@@@@@@@@A@@B@@@@@@@@@@@@@@@@@@A@@BB@A@@@@@@@@@@@@AA@@@@@@@A@@@@@A@@@@BA@@BA@@@@B@@@@A@@@@@@@@@@@@@@@AA@@@@A@@@@@@@@BA@@@@B@@@BA@@@@@@A@@A@@@@B@@@@@@AA@@@@A@@@@A@@@@@@@@AA@@@@@BA@@@@@@@@@@A@@AA@@@@@@@@@@@@A@@@@@@@@@@@@@@@@@A@@@@@@@@B@@@@A@@@@@@@@@@A@@A@@@@@A@@@@@AB@@@@@@@B@@@@@@@@@@@@@AA@B@@@AA@@A@@@@@@@@A@@@@A@@A@@@@@A@@@A@@@@A@@@@A@@@@@@@@AA@@@@@@@@@@A@@B@@@@@@@@@@@@@@A@@@@@@@A@@@@@A@@A@@@@@@@@@@A@@@@@A@@@@@A@@@@BA@@@@@@A@@@@A@@@@B@@@@A@@@@B@@@@@@@@AA@@A@@@@@A@@@@@@@@@@@@B@@@@@@@@@AA@@@@@@@@DC@@@@@@B@@@@@@@B@@@@@A@@A@@@@@@@@@@@@AA@@A@@@@A@@@@@@@@@@BA@A@@B@A@@@@A@@@@@A@@@A@@@A@@@A@@BA@@@@@A@@@@A@@A@@@@@@@AB@@@@@@A@@@@@@B@@A@@@@@@@@@@@@B@@A@@@@@@@@BA@@@@@A@@@@@A@@@@B@@@@A@@@@@A@@@@@@@@@A@@B@@A@@@@@@@@@@@@@@BA@@@@@@@@@A@A@@B@@@@A@@@@@@@A@@@@@A@@BA@@@@@@@@@A@@B@@A@@@@@@BA@@@A@@@@@@@AB@@@@@B@@AB@B@@@B@B@BA@@B@@@@A@@@@BA@@@@@@@@B@@@@AB@@@@@@@@A@@@A@@@@B@@@@A@@@@B@@A@@@@@A@@@@@A@@@@@@@@@A@@@@A@@@@A@@B@@@@@@A@@@@@@@A@@@@@@@@@@A@@@@A@@@@@@@@@A@@@@@@@@B@@@@@BA@@@@@@@@@@@A@@@@B@@@@@@A@@B@@@@@@@@@AA@@@@@@@@@@@AB@@@@@@@A@@@@@@@@@@A@@@@@@@@@@@@@@B@@@@@@A@@@@@@@@A@@@@@@@@@@A@@@@@@@@@@@@@@AB@@@@@A@@@@@@@@@@BA@@@@@@@@B@@@@@@A@@@@A@@@@@@@@@@@@@@@@@BA@@@@@@@A@@@@@@@A@@A@@@@@B@@@@@B@@@@@B@@A@@B@@@@@@@@@@@@@@@@@B@@@@A@@B@@@@@@@B@@@@B@@B@@@@A@@@@@@@@B@@@@@@@@@B@@@@@@@B@@@@@@@B@@@B@@@@@@@@@@@BB@@@@@@@@@@B@@AB@@@@@@@@A@@@@@A@@@@@@@@B@@@@@@@@@@@@A@@@@@@@@@@@@B@@@@@BA@@@@@@BB@@@@@@@@@@@A@@BA@@B@B@@@B@@@@A@@@@B@@@@@@@B@@@@A@@B@@A@@@@@@@A@@AAA@@@A@@@@@@@A@@@@A@BA@@A@@A@@@@@AA@@@@@@A@@@@AA@@@@@@AA@@@A@@AA@@AA@@AA@@@@A@@@AB@@A@@B@@A@@@@@AB@@@@@@@@@@@@@A@@A@@@@A@@@@@@@@A@@B@@A@@@@@@@AB@@@B@@A@@B@@@BA@@@@@@@@@@@A@@@@@@@AA@@@@@AAACAA@A@@A@@AA@AA@AA@@A@@BA@A@@@A@A@A@ABA@AB@@A@@BA@A@@@A@A@A@@@A@A@@AA@@@AA@@A@A@AECAECCACAA@A@AB@@A@C@@@A@@AA@@@A@AA@@A@AAAAAAAAC@@AA@A@@@A@A@@@A@@@A@@@AA@@@@AA@@@@A@@@@BA@@@@@AB@@@@ABA@AB@@A@@B@@@@@B@@@B@@@@@@@BA@@@@@@B@@@BBB@@BB@BB@B@@B@@@@@B@@@D@@AB@B@@@@@B@B@@@B@@@B@@@@@B@@@@@B@@@BA@@B@@@B@@@@@BB@BBB@@@BBB@@BBB@@@B@BB@@BAB@BBB@@@B@B@@@B@B@@@B@@@B@@@BA@@@AB@@@@@B@@BB@DBB@BBB@@@@BB@@@@B@@B@@BB@B@@@BB@BB@@BB@@B@@B@B@@@B@@@BBB@@@B@@@B@B@BAD@@@B@D@B@B@B@@BB@@@@@B@@B@@@BB@B@B@DBB@@@@AB@B@B@BA@@BBB@BBB@B@BB@@B@@@BA@@@AB@@AB@@AB@@@BABAB@@AB@@AB@BA@@@@BA@@@AB@@AB@@@BA@@B@@@@AB@@@@AB@@@BAB@B@@@BA@@@A@@B@@@BBB@B@@@B@@@B@@@B@B@B@B@@AB@BBB@B@B@@B@@BA@@B@BA@@B@@A@@@AA@@@@A@A@@@A@@@@BA@@@@@A@@@A@@@A@@BA@@B@B@B@@@BA@@BA@@@A@@AA@@AA@@A@AA@@AA@@@@@A@@B@@AB@@A@@BA@@@A@A@@@A@@@A@@B@@AB@@AB@@A@@B@@A@A@@BA@A@@@@@@B@@AB@D@B@B@DAB@B@BA@@@@@AB@AA@AAA@A@@AA@@@@@@@A@@@AA@@AA@A@@AA@@AA@@A@@AA@@A@@AA@@AA@AA@@AAC@@AA@@AA@@A@A@AB@@A@A@@AA@A@A@@AA@@A@@AA@@@@@@A@@BA@AB@@A@@@A@@A@@AA@@A@@A@@A@A@A@@@A@@@A@A@@@AB@@AB@@@@A@@@AB@@A@A@A@@@A@@B@@AB@@A@@@@@@@AB@B@@@@ABAB@@ABA@@BADA@@BA@@@AB@@AA@@AAA@AAC@@AA@@@A@AB@@A@AB@@A@@@AA@@@@AAA@@AA@AAAA@@A@A@@@@@A@@@A@@A@@A@@@A@@@@@A@@@A@@@AAA@@@A@@AAA@AAA@A@ABA@A@@AA@C@A@A@AB@@@@A@EAOBGAIEGEE@]FMPKHKFEAAGGIAAAOGIICQIIKUSKCGE@CAIEICEWEQ@KAKBKBG@@@C@A@ABCBA@A@AB@@@@A@AB@@CA@@ADGFA@CDA@ABC@@A@A@C@@@@CC@@A@@@AA@@AA@A@@A@BC@@A@@A@@@AAABA@@AG@@CBA@@@AA@AA@CAEAAAA@C@@@CBA@@@@@CAA@A@@A@@CAA@A@EA@@A@AB@B@@@BA@A@@@A@AA@@AB@@A@AACBC@A@@@@B@B@BA@ABB@@B@@BB@@@@@BA@A@ABABAB@@@B@@BBADADA@@B@B@@@@ABA@@@C@AAC@@@@A@A@AAAA@A@A@C@AAA@A@A@AAC@AAA@A@A@CAA@BCACACAAA@IBYDWLIHKFGBI@WEMGOCI@K@GBQ@KA@IBI@G@ECES@WJIDOHGDSFGFIDKBKDSAYHKBIJKJERIEGIGIGEQCI@AAE@AAA@@AAA@@A@A@AA@@BA@CAA@ACACAA@AA@@@AAA@@EC@A@@AA@@@AAA@ABAAA@@AA@AC@@A@@@AEAA@A@@@A@A@C@AAA@E@A@A@A@@@A@A@EE@@@@@AB@@ADCBAB@BC@A@A@A@@@AB@@A@@@@BAB@@A@@A@AAAA@AA@@AACAC@@AA@C@AA@A@@@A@AAA@ABC@A@A@ABABA@AAAA@@AAC@AA@@@C@@@@@A@AACAA@AAA@@B@@ADA@@AA@@DA@@@A@@@@@@AAA@@A@A@@A@A@AA@@EB@@A@AA@@@@AEAC@@B@@ADCBAB@AC@C@A@@@@@ABABADE@A@ABA@A@@BA@@@A@@A@EE@@A@A@@@@A@@@C@A@@@CA@@A@ABA@@BAD@@@@A@@@@@A@@@A@AAAAA@AAC@@@A@A@@@AAC@@B@BAB@B@BAD@BA@@D@BA@@DA@@@A@AA@@ACAA@@@@A@CAAB@BABCB@@A@@@ABA@@BA@AB@B@DBB@@AB@@@@A@@AA@@@CA@@@AAA@@@@CAA@AAC@@@CAC@CAA@@@A@A@@BABCB@B@@@@ABC@@@@AAA@@@CAA@EAA@@@A@E@A@A@@@AAA@AB@@SCIACKGKKEWI[GUIOGOOMGMEICWA[EOCYIS@SBQDM@KSMKGEEEGGIAKJCBCL@HBLMHUBI@Q@M@MDUTOJSJQTKPKJGFIBMB[JQNOLYHWCIAMGIECMBCB@@@BCHIDE@CGCWAWD]PCDAJANCHIRQDMDGDCJELA^EBOFQHONMPKPEP@XAFDNJLNNVPTLLLJCLBLALAXGLPHPJNNJDNBHEFGJCLHNPREHIHKLGLJJHBNDLDBH@LWJQLIJGJGLQFMAKBEHCLAL@LPPRHPJTHJNFLFJDHEJILGD@@AB@D@@@B@@DBBBD@D@B@@BBDF@BBBB@@D@D@BB@@ABABAF@B@@@@BBBBA@@BB@B@D@F@B@D@B@BBEF@B@@A@@B@BBD@@@@@BAB@@@B@@@@BB@@BB@B@B@@ABA@@BA@ABA@EACA@@CAA@@AABA@@B@@AB@@@@C@@@C@ABA@AAA@EAC@@@@BA@@BAB@BBBAB@@ABC@C@A@@@@B@@CB@@AB@BA@@@A@@@A@A@@BADCB@BABCB@@@@BB@BA@@B@B@@@B@@@B@@@@@@BB@@@B@@BB@B@@@@AB@@@@AB@BABABA@@@BBB@BB@B@B@DD@@@B@@BB@D@BB@@@@DB@BB@D@@@@D@B@@B@B@B@B@@@B@@@BBB@BAB@@@@BB@BBBBB@BBBBB@@@BB@@B@@ABBD@@BBBB@BBB@DBD@BBB@BB@AB@@BB@@@@B@@AB@@@B@B@@@@A@@@CB@BAB@@A@@@@B@@C@AB@B@@@@BBAB@@@D@@ABABBB@@@DAB@B@B@D@@ABA@@@A@A@@@ABC@@@C@CBA@@BBBA@@B@B@@A@@@@BBB@BB@@B@@@@@BABA@@BAB@@A@A@AB@@ABBBDD@@B@DAD@B@B@FDDD@B@@ED@@@@@BAD@@@BB@BBB@@BB@D@B@@BB@@BA@@BBB@@@B@@@BADA@@B@@BBBB@B@B@BBBB@@BBBBB@@B@@BBBBBB@@B@B@BCD@@AB@@@BAB@@BB@@@BAB@@@B@@BBA@@B@B@@A@A@@@E@@@CA@B@@@@A@@@AFA@@@@AA@AC@@AB@@A@@AAA@@@@C@@AA@@AA@@A@@@@AAA@@@AA@AEAA@@@ABABAB@@@B@B@B@B@BA@A@@B@BABABC@@@@CCA@@C@G@A@A@@@A@@@A@CDE@@@A@@AA@@A@A@@AAEAA@ABC@EBA@@@A@@AA@AA@@AA@@BA@A@@A@@A@@CA@@@A@@C@A@AA@@A@@@@@@AA@@@AACBA@@@@@A@@@CD@@AB@@AB@@A@AB@@AB@@A@A@E@A@@BABA@@@@BA@@B@@@B@B@@@B@@@BC@@BA@@@@D@BBB@@A@@BBBB@B@B@DBBA@@@BBBB@B@@@@DB@@H@B@@@@@@BBAB@BBB@@@@@B@B@B@@ABB@@B@@DB@@A@@@AB@BA@@@@BB@@@@B@@ABBB@@B@BB@BB@@B@BB@@BB@@@ABB@B@@@@B@B@@B@@@B@@BB@ADDBBBD@B@D@D@D@D@B@F@B@B@@BB@BB@@@BAB@@ABA@A@@@@@@BC@A@AAE@A@AB@@A@A@@@@@@@A@@@@@@B@BA@@@BB@@@@A@@@@B@@BB@@@@A@A@@@@@@AB@@@@@A@@@@@A@@@@B@@@@AA@@A@A@A@@BAA@@C@@@AB@@BB@@A@A@@@A@@@@BA@@@AAA@@@A@@@@@@@@@@@@@@@A@@@@@@@@B@@@@@@A@BA@@@@AA@@@@@@@B@@@@A@@@@@A@A@@@@@@@@@ABC@@@@@@A@@A@@@ABAB@B@@BB@@@@@BA@@@A@@@@@@B@@@@@B@@@@B@@@@B@@@B@@AAA@AA@@@A@@@@AB@C@@A@@@CBA@@@E@A@A@@@A@@BB@A@@B@@B@BB@@DB@B@@A@A@ABA@@@B@@@@BABA@@@B@@BB@@@BB@@@@@B@@A@@@AA@@@B@@@@AA@@A@@A@@A@@@BB@@BB@@@BA@@@@@@@A@A@A@AA@@AA@@A@@@AA@@A@A@@BC@A@A@A@@BC@A@A@@@@B@@BBB@B@B@@@@@DBDD@B@D@@BB@B@B@BBB@@@B@@@@D@@@@@@BAAA@AB@@@@@BBBFBBB@@@BB@@@BA@@B@D@B@BA@@B@B@B@DAB@@A@AB@BAB@@@B@B@BABBBA@@B@A@BAACBA@@@@F@B@@@@B@@B@DABBF@B@BAB@BA@@@@@AA@@AA@B@@ABA@@F@@@ABB@B@@B@@DBB@BDB@@BB@DA@ABA@@B@B@@@B@D@B@B@@@@B@BBB@@@@B@BB@@B@@@BBBA@@@BBB@@@BD@@@BAD@BA@@B@@@F@@@B@B@D@@@B@D@BB@@@@AD@B@@CBA@BD@@@B@@BBDB@@@D@@@B@BBBA@CBAAAB@@@@A@@@AB@@A@A@@@BBA@@BAB@BADA@@BBBB@@BA@A@@B@@@@A@@B@BA@@@C@@@AB@@B@@B@@ADABB@F@@BBBBBB@B@@B@BCDBBD@D@@@@@D@HB@@ABA@@@@B@@DACH@@@@B@BABAD@B@@@@BB@@B@@B@F@B@BA@@@@@GB@BAB@@BBBB@@F@@F@B@D@@B@ADBB@B@@AA@A@A@AA@@BC@@@AB@B@BBFAB@@@BBD@@@BB@@B@B@@B@@DABBD@@@@A@@B@D@B@B@D@@A@A@@@@@@B@B@DB@@@@DAB@D@B@@@BBBC@A@@@A@AB@B@@@@A@ABAB@BA@@B@@@BABA@@@@DA@@@AB@@@D@B@B@B@B@@@B@BA@AAA@AAA@AB@@AD@BA@@BCDC@A@C@@DAB@BABAAC@@@C@@@@@@@A@A@A@@BAB@@C@CAA@@BAB@BABABA@ABCA@@A@@BAB@@CBA@@BC@A@A@@A@AAA@CAAA@@AAAA@@@A@@@@@AD@@@B@@@FB@ABA@ADABA@AB@@@B@DD@@B@@AD@D@@AB@BCD@BAB@@BB@B@B@@@B@BA@AB@@@AA@@@A@@@A@@AA@A@@@@BAB@BA@ADAB@B@@AD@@A@@@A@A@ABCBAB@B@@C@@D@B@BBB@@@B@@@BA@ABAB@B@D@@@DA@ARC^CPCVC\\I\\ATDPHZFVAP@NBNDF@RBNK@KEGGEGGEKPEJCJCBCBMDW@KNGJEPE^GXCJ@LBJBJFJFVLFB@@@B@@@@BB@@BB@B@@B@BB@BBBB@@B@@@@AB@@B@@@BBBB@@BBB@BD@@@@BB@@@@AB@BB@@BBAB@D@@@BA@@H@@@B@@@AA@@@@FAB@@@B@B@F@B@B@@@BC@C@A@AB@BA@@@A@@B@DB@@BB@BD@@B@B@@B@B@BAF@@@HBBBB@@BBBBB@@DBDDBB@BB@@@HBHBLARGTARBJ@J@H@LQVEXFZFVDRJLHJFFCDIJAFA^@PHNJJHFDFDJBTGJAL@JBJBDBNHR@N@L@LBJDTNTJLFHHDDBHNPLALANCHAFBHBHDLHJNRJPLNFPNLJJFJHVFJB@@@@B@@AB@@@B@@@B@@@BA@@B@@@B@@@@@@B@@B@B@@@@B@@B@@@@BB@@@D@@BBBBBB@BBB@DB@@F@B@BBDBBB@@DBBDD@B@@BBBB@JF@BB@BBBB@B@@@BB@BBB@@BB@AA@@F@B@HABADC@@B@DBB@D@B@BAA@B@@ADE@@BCBABABABAD@B@B@FAB@DAB@B@@@@@BADAB@FAJ@B@D@D@@@DAB@BCBA@AB@AA@A@@@A@ABABC"],"encodeOffsets":[[128361,42935]]}},{"type":"Feature","id":"210423","properties":{"name":"清原县","cp":[124.927192,42.10135],"childNum":1},"geometry":{"type":"Polygon","coordinates":["@@@@@@BAB@B@@@B@DAB@@@B@BADA@@B@@@DAB@B@@AB@BAB@@@@@B@B@@AB@@@B@B@@@B@DA@@BAB@BAB@B@@@B@@@B@B@B@@@B@@@B@@@BAB@@@B@@A@@@@BAB@@@@A@@B@@ABAB@@@@AB@@A@A@@@A@@@A@@@@@AB@@A@@@@@A@@B@@AA@@A@@@@@A@@A@@@@A@A@@@@@A@@@@@@@@@@BA@@@@BA@@B@@@@@B@@@@A@@B@B@BA@@B@@@B@@@@@@@@@B@@A@@@@@@@A@@BA@@@@@AA@@@@AAA@@@A@@AAB@@A@AA@@@@AA@@@@A@AAA@@@AA@A@A@AAAA@@@@@AA@@AA@@@@A@@@ABAB@@A@A@@@@@AAA@@AA@A@@@A@@@AB@DAB@BADA@@B@@@B@D@BAB@B@@@@@BA@A@@@A@@@@@@BABA@@@@BA@A@@@@@A@@@A@@@@@A@@@A@@@@A@@ACAA@CA@@AAAA@AA@A@@A@@A@A@@@EB@@A@@@A@A@@@@@AA@@A@@AA@@@@@A@A@AAA@A@AAA@A@A@AA@@A@@AA@A@@BA@A@@BA@@A@@@A@@@A@A@@@A@@@@B@@@@@BA@@@@B@B@@A@@@@@A@@@@BA@@@@B@@@B@BAB@B@@A@@@A@A@@@@@A@A@@@@@A@@@A@A@@@AA@@A@@@@BA@@@A@@@@BA@A@@BA@@BAB@@A@@@AB@@A@AA@AAA@@@AA@@BAA@AC@ACAAA@@AA@@@@@A@A@@@C@ABC@A@@@A@ABA@@@@B@B@B@B@@@B@B@@@B@@@B@@AB@@@@AB@@@@@BB@@B@@@@@B@@@B@BAB@B@B@B@@AF@D@@AB@BA@@BAB@@@@@B@D@B@B@B@BAD@BA@@B@B@@BB@@B@@BB@@@AB@BAB@@AB@B@B@BBB@B@@BBB@@@DB@@B@@DB@@B@B@B@DB@@B@BBB@DDDBBB@@@@BAB@BA@@BAF@BADAB@B@F@@@B@@@@BB@BB@BB@@BBBB@@@@@B@@@@@B@@A@A@EBA@AB@@@@AB@@@B@BABA@@@@B@@@@@@@@@@@@B@@@@@@@@@@@@@@@@B@@@@@@@@@@@@@@@@@@@@@@A@@@@@@@@@@@@@@@@@@@@@A@@@@B@@@@B@@@@@@@@@@@@@@@@@@B@@@@@@@@@B@@@@B@@@A@@BA@CBA@@BABCB@DAB@BAD@BAB@B@B@@@@@B@@@@BB@@@@@BA@@B@@@@@@AB@@@@@@AA@@A@@@@@@@A@@B@B@B@D@B@@@@@@A@@@CAA@@A@@@@@@@A@AAAB@@@A@@@@@@@@@@AA@@@A@@AA@@@A@@@AA@@@@A@@A@@A@@CAA@AAAAACA@@AA@A@A@A@@@A@A@@AA@@@@@@A@@@@@@@@AA@@@A@A@@@AB@@@@A@@@@@A@@@@B@@A@@@AB@@@@@B@@@@@B@@A@@@@@A@@@A@@B@@A@@@A@@B@@@BABAB@B@@@@@@AB@@A@@@A@@@A@@@A@A@AB@@A@@@@B@@A@AAC@A@@CA@AAA@AAA@C@AA@A@C@A@@@AAAA@A@@A@AA@@@@@@B@@@B@B@@@B@B@B@@@BA@@@@B@B@BA@@B@B@@AB@@@B@B@@AB@@@@@B@@AB@@@BA@@B@@@BAB@DABA@@B@@@B@B@B@@@@@B@@@BA@@@@DB@@B@@@@@@A@A@@B@@@@@B@@@B@B@@@@A@@@@A@@@@A@@@@A@A@@AA@@AA@@A@@@AA@@@A@@A@@A@@AA@@@A@@@A@@@@@@AA@@@A@A@@@AAA@A@AA@@@@@A@@@@B@@@B@B@@@DB@@B@BB@@B@B@B@B@@@BA@@@A@A@A@@@@@A@@BA@@@A@@@AA@@@A@@@@@A@@AA@@@@@AA@@@@@@A@@@A@@@@@@@A@@@A@@@AA@@BA@@@AB@@A@@@AA@@@@@@@@@@@@AA@@@@@A@@@A@A@@@A@@@AA@@A@@A@@@@@A@@@AA@BA@@@A@@BA@@AA@@@@AAA@A@@A@@@@@AB@BA@@@@@@@A@@A@@@A@@@AAA@@@@@AAAA@AA@@A@@@A@@@AA@@@A@A@@@A@@A@@@@@@BA@@B@@@@A@@@A@@@@B@B@@@B@@@B@BB@@BB@BB@@@B@@@@@B@@@B@BB@@BAB@B@@@B@BB@@BBBB@DDBBDDB@B@@BD@DB@@B@@@@B@@@@BBB@@@@BB@B@@@@@BB@@@B@@B@@@BBB@@@@@B@@@@B@@BB@@BB@@B@BB@@B@@BB@@B@@@@B@@A@@@@BA@@@A@@@@B@@@@@@BB@@@@BAB@@ABA@A@@@@@A@@A@@@@@AA@@A@@AAA@@@AAA@@@@@A@@BA@@B@@@BA@@@@@A@@@AAA@@@@@A@@@A@A@@AA@@@@AA@@A@A@@A@@A@@A@@AC@A@@@A@@BC@@@ABA@A@@@A@@@AA@@AAAA@@A@@@AB@B@@A@@B@@@@@@AB@@ABA@A@@@AA@@AA@@@AA@@@@AA@@@AA@@@A@@AA@@@@A@@AA@AB@@A@@@@@A@@@@AA@@@@@A@@@@@@@A@@A@@A@@@@@A@@@@A@@A@@@@B@@@@A@@@@@@@A@@@@@A@@B@@@BA@@@@B@@BB@@@@@BA@@@A@@B@@A@@@@B@@B@@@@@@BB@@@AB@@@BA@@BA@@B@B@B@@@B@B@B@@@@@D@B@@@B@B@B@B@B@B@@@@@BB@@B@@@@@B@@B@@B@@B@@@@@BB@@@@@BA@@@@B@@@B@@@B@BA@@B@@@BA@@@@B@B@B@B@@BB@@@B@B@B@@@B@@BD@@@B@B@@@BB@@@@B@@B@@@@BB@@@D@@@BBB@@@@A@A@@@A@A@A@@@ABA@A@@B@@@B@@@B@@BB@@@@BB@@@B@@@@BB@@@@@B@@@B@@BB@@@B@@@B@@@B@@B@@B@@@@@@@B@@@B@@@B@@@@@B@@@B@@@@AB@@@B@@@@@B@@@@@B@@A@@B@@A@@B@@@BA@B@@B@@@@B@@@@A@@B@@@@@@B@@@@@@@@B@@@@@@@@@@@@@B@@@@@@@@@@@@@B@@@@@@@@@@@@@@@@@@@@@B@@@@@@@@@@@@@@@@@@@@BB@@@@@@@@@B@@@@@@BB@@@@@B@@@B@@@BB@@B@@@@@@@B@@@@@@@@@BBBABAB@BAB@@@BAB@@@B@@AB@@@B@B@B@B@BAB@@@B@@@@@@@BA@@BA@AB@@@@@BA@@@A@ABA@@@AA@@@@@B@@A@@@@B@@@BA@@B@BA@@B@@@B@B@B@B@@@@@@AB@@A@@BA@AB@@@BAB@@@B@@@BA@@B@@@@@@A@@@AB@@@B@B@@@B@DA@@B@@AB@@@BA@@@@B@@@B@@@B@BA@@B@B@@@B@@@B@BAB@@@B@B@B@B@B@@AB@BAB@B@@@@@BBB@@@B@B@B@B@B@@@B@B@B@BAB@B@@BB@@@BBB@B@DBB@@@@BB@@BBB@@BBBBB@@B@@B@@@@@@@@A@@B@B@@@B@@@@@@@B@@A@AB@@@B@BA@@B@@ABA@@@@DABA@@@A@@@@@@BA@@B@B@@@BA@@BA@@@A@@AA@A@@@@B@@@@@B@@@B@B@B@B@@ABA@@B@@AB@BA@@@@@A@@@A@@@ABA@@B@BAB@B@BA@@@@@A@@@@A@@A@A@AAAAA@@A@@@@AA@A@@@A@AAA@@AA@@@AAA@@@A@@A@@AAB@@A@@@@BA@@@A@@@AA@@@A@@@@@A@@BA@@@AA@@A@AA@@@@@@A@@AA@A@A@@AA@@@@@@A@@@AAA@@@A@A@@@A@@A@@@A@@@A@@@A@@@A@@@@@ABA@AB@@A@@@@@@A@@@@BA@A@@@A@@@AA@@A@@A@@A@@@@@A@A@@@A@@@AA@@@AA@@A@@@A@A@@A@@@AA@A@@AA@A@@@AA@@A@@BA@A@A@AB@@@@AA@@A@@@@BA@@BA@A@@@AB@BAA@@A@@@A@@AA@A@@@A@@@A@A@A@A@@@A@@@AAAB@@@@@@ABA@@@A@@@A@A@A@@@A@A@@@A@AAA@@A@@@@@AB@@AB@@@BA@@@A@A@A@@@@@AB@@A@@@AB@@@@@FA@@B@DA@A@@BA@@A@@A@@@@BC@@@A@@@A@AA@@A@@BA@@@A@@@@@A@@A@AA@@@@A@@AA@@@@A@@@AAA@@@A@@@@BA@A@@@@AA@@@AA@@@@A@@@A@@@@@AA@@@AA@@@@A@A@@@A@AAA@A@AA@@@@@A@AAA@@@AA@A@AA@@@@AA@@@AB@@AAA@A@@@@AA@@AA@@AA@@@@A@@A@@A@@AA@@AA@@@AA@@A@@A@@@@AA@@@@@@CCA@AA@@@AA@AAA@@A@@AC@@AA@@@@A@A@AAA@AA@@A@@A@@AA@@@@@AA@@@@A@@A@@A@@A@@AA@@@AA@@@@AA@@@@@@AA@@@AAAA@AAA@AAAACA@A@@@@@@@AB@B@@AB@@C@A@A@A@@BA@A@@@@@A@A@@@A@@@A@@@@@@BA@@B@@@@A@@@@@@A@C@CAA@EAA@IACACA@@A@ABCBAB@@E@A@A@@AA@@C@@@A@C@CA@@@@AAAAC@AAAC@EACACAA@C@A@AACAAAAC@@@A@@@@AAC@CACBC@C@@@CCA@C@IA@@@@A@@AB@@A@@AA@C@A@AAACAA@AC@GA@@AA@AAA@@A@@@AAAAAA@@AIEA@AA@AA@C@ACCA@@AACAAAA@E@@@CAA@AAA@AAAA@AC@@@A@@A@@A@@@@A@@A@A@@@@A@@@@A@@@A@@@AB@@A@@@A@@@A@@BA@@@@@IAUEIGIEKIOMMEOKQIIMKGGCGAEAGBMDKBKBMOAGCCGGKESISMICKAK@M@Q@MGCAIAIAK@IBSHIAECECIGMIOG]@EBIBCJEDIEKGQIUCYEWEUFKRG@I@I@QASBQHKBGAGA@@A@@AAACCCA@@AAAA@AA@AAGA@@E@ABA@A@@@@A@AC@@AAA@@CAA@@@@B@@ABA@@B@B@DAD@@A@A@E@A@A@@@A@EB@@@@BB@@A@@@G@@@AB@@C@A@AB@AA@@ABA@@@@AA@@@@ACA@AA@@AAAA@@A@@@BA@@@@@AA@AA@AAAA@@@@AAA@@AA@@@@@A@@EAUKIEIEIAKAI@WD]HOFIFMH@LCXANADIDIDOFFLHHHFFH@LMLQAE@MCMAO@UBYEOGSC[B[JUDOD]DQD@BCB@@C@A@A@AB@BAB@@A@@@A@AAA@C@@@@DA@A@ABAD@B@B@B@@@BC@@BA@A@CB@BABA@AB@@@@@BBB@@@B@@@B@@BB@@A@@BABA@@@A@A@A@@AA@ABC@ADA@@BC@C@@BA@@@CCA@@@A@@BABCB@BAB@BEA@@A@@@C@@B@@@@@B@@BBBB@@BBDBB@BBB@@@@B@BAD@@AB@DA@AB@@@BB@AD@BABABABA@AB@@BB@D@DA@AB@@@B@B@B@@@@@@@D@@BDABABA@CB@@@D@BCDAD@@ABC@@BA@@BBB@BBB@BABA@@@A@A@A@A@C@@@A@@B@@CB@@@@ABAB@@A@@@ABA@AB@B@B@@A@A@@B@B@@@BADAA@@A@C@A@CB@@@@CAA@A@@@@@@@@B@BC@A@A@C@A@@@@B@@C@AACB@@@AA@A@@@AA@@C@AA@@A@EBAAA@A@@B@@AD@@BBB@B@B@@BA@A@CA@B@AC@A@E@@@@EA@AA@AA@ABA@@H@@@@ABA@E@A@@@@AA@@A@@A@C@ABABA@@@@@DGCB@@@A@@B@BA@@GAC@@@@@C@C@AADC@A@AA@A@AAAA@AE@A@A@G@CBADA@@@A@MAA@A@@B@@@B@@@B@BA@@B@@@@ABKDCH@HAHCJEJIHAD@@AB@@@BFBD@BBB@B@B@BBBBDBB@@@B@@BB@B@@@BBB@DBDBBBB@@@FB@@@B@@A@AB@@ABA@A@@B@BBD@B@B@@BB@@@B@B@@@@@@B@BA@@BB@@DAFD@@D@@@D@DBB@D@@AB@BBBBDBFBBBB@D@BB@@BBBBD@DBFBD@DBB@BB@B@@@B@@@@B@@BB@@BDBB@@@B@B@B@DBD@BB@@XPFFHDLFTDXFXFTFNBZJH@LFNNJJRTHFFFFHCHEFGLDLHLJFFFJLBJ@HEFKHONINERQTEPANIXEPDHHHLHRTRNPJPZDV@FBHLNFJFHDJAFGLAJCNDB@B@@@B@@@B@@@B@@@B@BB@@@@BBB@B@@B@@@B@DABAB@B@@@BB@BB@BAD@B@@@@@D@B@DBD@B@DA@@B@@ABAB@DA@@B@BADAB@BBD@B@B@@@B@B@D@B@D@B@DBB@@BB@B@DAB@@BB@@@B@DA@@B@B@B@BA@@@CA@@@BAAA@@@A@@AA@@AAC@A@@A@@ACAAAA@AB@@C@A@@@AAC@@@@DAB@@@BAB@B@BAB@BAB@B@@@B@BA@C@AF@F@B@BABA@ABABBB@BAB@B@BB@@B@@@B@DA@@B@D@B@BBD@D@B@FBB@@@D@B@DBB@BBB@H@@@@AB@@AB@JAB@B@D@B@B@DBFDBBDBBBDB@@B@B@@@B@DBB@B@B@B@D@BBB@B@B@B@@@B@B@BA@@B@@@BB@BB@BB@BB@@B@B@@@B@B@@DB@@@@@B@BB@BB@@DBB@@BB@B@@@B@B@D@B@B@B@BBD@@@DA@@B@B@B@@BD@BBB@DBB@@B@BB@B@B@B@BAB@@ADC@@B@DADAD@@AB@@@BBF@FBB@B@BBB@BB@@@D@BBBB@BBBD@@ABBB@BBB@B@B@B@B@@BBBBBBBBBB@@CBABEB@BABC@AB@@@@DF@B@@A@A@BB@LADA@@BBB@@A@@BAB@@C@CA@@CA@@A@A@AB@@ED@@B@B@BB@@@B@@@@C@@@ADABAD@B@BBBBB@B@@@B@@BB@BBD@BB@B@B@B@@@@B@B@@@@BBDBBB@@B@@BB@@B@@@B@B@@B@BBB@FDNF@@B@B@B@@@B@@@B@BBBA@@BB@@B@@ABA@@B@B@BAB@B@@@B@B@B@DABA@A@@B@BB@B@@@B@BBB@@@FB@JCH@BATCD@DAH@F@DAHAJE@@FBBBF@D@LBD@F@BADB@A@@@A@@B@@@@@BA@@@@DC@A@@@AA@BCA@@AB@B@BABADAB@DB@@DA@@D@BB@@BAB@B@BBB@@@@A@@BAD@@@B@@@FBB@@@@@@A@@B@D@B@B@B@B@B@@@B@B@@@@BB@@DD@@BB@B@@BBB@@B@B@B@DABBBAB@@@B@B@@@B@BAD@@ABABA@@BAB@B@AABA@@BC@@@ABA@@@ABA@@@@F@@@@AD@@@@AB@BADC@@@AA@@@AC@AA@@@@EAAA@AA@@BAAAB@@A@A@@B@B@@AD@DAB@BBBAB@@@B@@@BBBAB@B@B@@AB@BABB@@@BBB@B@@@B@@B@@B@@@@DD@@F@BBB@BD@B@@HAFA@@@@@A@A@A@@@AA@@@@@@A@@DBDBB@@@BBFBB@@AD@BA@@BBB@@@@B@B@BB@A@ABAD@@@BAB@B@BAB@@@BA@@@@BA@@@@B@@AB@@BBABA@@BBB@@BB@@@B@B@BB@@BB@BBBBBBB@@@BAB@BBB@B@BB@@D@@@B@@@BB@@D@BAB@B@B@BA@@D@BBDDD@@BB@D@B@B@B@D@@@BBBBB@@B@@@B@@@BBBB@@B@B@@@BAD@@A@@@@BAD@@A@AB@@@@@D@@AB@BB@AB@@BB@@A@@B@@BB@@@@AB@@BBAB@@@B@B@@AD@@@BB@BD@BD@B@BA@@@BDB@@@BBB@B@@B@B@B@@@BA@@BBLDHB@@DB@@@BDB@BB@@BD@B@B@@@BBF@DBB@DB@DBBB@DB@D@B@B@B@@AB@B@BFDLHDB@@@@BBBB@@B@B@BB@BB@B@@@@BBB@@@@D@B@@AB@B@@@BBB@B@B@@@@@BB@@B@@@@@@AB@@AB@B@@AB@@@@@B@B@B@@@B@B@@@B@@@@@B@BA@@B@@@@@B@@@@@B@@@BAB@B@B@B@@@B@B@BAB@B@B@DABA@@B@@AB@@@@A@@@@@@@A@@@A@@BABABA@@B@BC@@@@BA@@B@BA@@B@BAB@@@B@@@@A@@@A@A@@A@@A@A@@@C@@@@@A@@@@A@AAA@A@CCAA@@A@AA@@@A@@@@@AB@"],"encodeOffsets":[[128145,43464]]}}],"UTF8Encoding":true}