﻿{
  "type": "FeatureCollection",
  "features": [
    {
      "type": "Feature",
      "properties": {
        "name": "东营区"
      },
      "geometry": {
        "type": "MultiPolygon",
        "coordinates": [
          [
            [
              [
                118.642896757813,
                37.5093959785156
              ],
              [
                118.665479765625,
                37.4961232734375
              ],
              [
                118.6984778125,
                37.5002272773438
              ],
              [
                118.772896757813,
                37.4893959785157
              ],
              [
                118.850523710938,
                37.4747573066406
              ],
              [
                118.901793242188,
                37.4893959785157
              ],
              [
                118.947345,
                37.4938430000001
              ],
              [
                118.952965117188,
                37.4488442207032
              ],
              [
                118.951695585938,
                37.4386257148437
              ],
              [
                118.970592070313,
                37.3724575019531
              ],
              [
                118.947345,
                37.353843
              ],
              [
                118.90170046875,
                37.3494863105469
              ],
              [
                118.8727746875,
                37.3280409980469
              ],
              [
                118.832345,
                37.3340151191406
              ],
              [
                118.787345,
                37.3273647285157
              ],
              [
                118.772345,
                37.3295815253906
              ],
              [
                118.742345,
                37.3251491523438
              ],
              [
                118.697345,
                37.3317983222657
              ],
              [
                118.667345,
                37.3273647285157
              ],
              [
                118.651954375,
                37.3296401191406
              ],
              [
                118.63298953125,
                37.3181996894531
              ],
              [
                118.58224734375,
                37.3074916816406
              ],
              [
                118.566627226563,
                37.3277260566407
              ],
              [
                118.542745390625,
                37.2877895332032
              ],
              [
                118.51263796875,
                37.2996254707031
              ],
              [
                118.497345,
                37.2973647285156
              ],
              [
                118.467345,
                37.3017983222656
              ],
              [
                118.442345,
                37.2981044746094
              ],
              [
                118.432345,
                37.2995815253907
              ],
              [
                118.406549101563,
                37.2957704902344
              ],
              [
                118.385894804688,
                37.269009015625
              ],
              [
                118.367345,
                37.2638430000001
              ],
              [
                118.359307890625,
                37.2768862128907
              ],
              [
                118.312066679688,
                37.3026052070313
              ],
              [
                118.302921171875,
                37.3534230781251
              ],
              [
                118.247965117188,
                37.3721511054688
              ],
              [
                118.222003203125,
                37.3640639472656
              ],
              [
                118.217345,
                37.383843
              ],
              [
                118.233463164063,
                37.3962831855469
              ],
              [
                118.231070585938,
                37.4124513984376
              ],
              [
                118.247345,
                37.4538430000001
              ],
              [
                118.262896757813,
                37.4493959785157
              ],
              [
                118.32142703125,
                37.4121596503907
              ],
              [
                118.387345,
                37.430981671875
              ],
              [
                118.434371367188,
                37.4175539375
              ],
              [
                118.431099882813,
                37.443843
              ],
              [
                118.434210234375,
                37.468843
              ],
              [
                118.4309778125,
                37.49483909375
              ],
              [
                118.462896757813,
                37.5082900214844
              ],
              [
                118.486920195313,
                37.5382900214844
              ],
              [
                118.522896757813,
                37.5293959785157
              ],
              [
                118.541793242188,
                37.5182900214844
              ],
              [
                118.642896757813,
                37.5093959785156
              ]
            ]
          ]
        ]
      }
    },
    {
      "type": "Feature",
      "properties": {
        "name": "广饶县"
      },
      "geometry": {
        "type": "MultiPolygon",
        "coordinates": [
          [
            [
              [
                118.9706653125,
                37.33710471875
              ],
              [
                118.987345,
                37.3038430000001
              ],
              [
                118.912061796875,
                37.2991237617187
              ],
              [
                118.783795195313,
                37.2854994941406
              ],
              [
                118.675523710938,
                37.2266640449219
              ],
              [
                118.661798125,
                37.1967568183594
              ],
              [
                118.63115359375,
                37.1693752265626
              ],
              [
                118.642628203125,
                37.1591237617188
              ],
              [
                118.652061796875,
                37.1485622382813
              ],
              [
                118.6670715625,
                37.1351540351563
              ],
              [
                118.650391875,
                37.0728884101563
              ],
              [
                118.562061796875,
                37.0591237617188
              ],
              [
                118.536881132813,
                37.0309401679688
              ],
              [
                118.579132109375,
                37.011548078125
              ],
              [
                118.550562773438,
                36.9984352851563
              ],
              [
                118.557345,
                36.9538430000001
              ],
              [
                118.544639921875,
                36.9332216621094
              ],
              [
                118.474928007813,
                36.9561501289063
              ],
              [
                118.467345,
                36.943843
              ],
              [
                118.381158476563,
                36.9476552558594
              ],
              [
                118.371383085938,
                36.9763307929688
              ],
              [
                118.332345,
                36.9641713691406
              ],
              [
                118.291256132813,
                36.9769692207031
              ],
              [
                118.287345,
                37.003843
              ],
              [
                118.296964140625,
                37.014223859375
              ],
              [
                118.317725859375,
                37.033462140625
              ],
              [
                118.332843046875,
                37.0812160468751
              ],
              [
                118.332144804688,
                37.098843
              ],
              [
                118.33341921875,
                37.1309401679688
              ],
              [
                118.381715117188,
                37.1756911445313
              ],
              [
                118.345553007813,
                37.2282485175782
              ],
              [
                118.367345,
                37.2638430000001
              ],
              [
                118.385894804688,
                37.269009015625
              ],
              [
                118.406549101563,
                37.2957704902344
              ],
              [
                118.432345,
                37.2995815253907
              ],
              [
                118.442345,
                37.2981044746094
              ],
              [
                118.467345,
                37.3017983222656
              ],
              [
                118.497345,
                37.2973647285156
              ],
              [
                118.51263796875,
                37.2996254707031
              ],
              [
                118.542745390625,
                37.2877895332032
              ],
              [
                118.566627226563,
                37.3277260566407
              ],
              [
                118.58224734375,
                37.3074916816406
              ],
              [
                118.63298953125,
                37.3181996894531
              ],
              [
                118.651954375,
                37.3296401191406
              ],
              [
                118.667345,
                37.3273647285157
              ],
              [
                118.697345,
                37.3317983222657
              ],
              [
                118.742345,
                37.3251491523438
              ],
              [
                118.772345,
                37.3295815253906
              ],
              [
                118.787345,
                37.3273647285157
              ],
              [
                118.832345,
                37.3340151191406
              ],
              [
                118.8727746875,
                37.3280409980469
              ],
              [
                118.90170046875,
                37.3494863105469
              ],
              [
                118.947345,
                37.353843
              ],
              [
                118.950704375,
                37.347202375
              ],
              [
                118.9706653125,
                37.33710471875
              ]
            ]
          ]
        ]
      }
    },
    {
      "type": "Feature",
      "properties": {
        "name": "河口区"
      },
      "geometry": {
        "type": "MultiPolygon",
        "coordinates": [
          [
            [
              [
                118.937345,
                38.073843
              ],
              [
                118.933922148438,
                38.0860353828126
              ],
              [
                118.925152617188,
                38.0772658515625
              ],
              [
                118.94170046875,
                38.0481996894531
              ],
              [
                118.95298953125,
                38.0394863105469
              ],
              [
                118.96170046875,
                38.0281996894532
              ],
              [
                118.973482695313,
                38.0191054511719
              ],
              [
                118.99298953125,
                37.9694863105469
              ],
              [
                118.997345,
                37.9538430000001
              ],
              [
                118.982154570313,
                37.9490334296876
              ],
              [
                118.892535429688,
                37.8686525703125
              ],
              [
                118.840152617188,
                37.8439296699219
              ],
              [
                118.777574492188,
                37.8056142402344
              ],
              [
                118.687345,
                37.7638430000001
              ],
              [
                118.671124296875,
                37.7883913398438
              ],
              [
                118.673565703125,
                37.7992897773438
              ],
              [
                118.656568632813,
                37.8253945136719
              ],
              [
                118.622345,
                37.8177223945312
              ],
              [
                118.611842070313,
                37.8200771308594
              ],
              [
                118.578360625,
                37.7941310859375
              ],
              [
                118.545548125,
                37.8014882636719
              ],
              [
                118.512623320313,
                37.7876601386719
              ],
              [
                118.499381132813,
                37.7906276679688
              ],
              [
                118.508912382813,
                37.833130109375
              ],
              [
                118.473975859375,
                37.8479274726563
              ],
              [
                118.442789335938,
                37.827622296875
              ],
              [
                118.431676054688,
                37.8301137519532
              ],
              [
                118.409854765625,
                37.7985146308594
              ],
              [
                118.357345,
                37.7938430000001
              ],
              [
                118.322808867188,
                37.8593056464844
              ],
              [
                118.30603640625,
                37.8683803535157
              ],
              [
                118.252608671875,
                37.848305890625
              ],
              [
                118.240885039063,
                37.8495021796876
              ],
              [
                118.243424101563,
                37.8744106269531
              ],
              [
                118.211803007813,
                37.9485707832031
              ],
              [
                118.223917265625,
                38.0584316230469
              ],
              [
                118.221803007813,
                38.0791652656251
              ],
              [
                118.237047148438,
                38.1057839179688
              ],
              [
                118.221324492188,
                38.118843
              ],
              [
                118.227345,
                38.123843
              ],
              [
                118.250753203125,
                38.1328408027344
              ],
              [
                118.312896757813,
                38.1193959785156
              ],
              [
                118.332345,
                38.1079653144531
              ],
              [
                118.3522278125,
                38.1196535468751
              ],
              [
                118.384508085938,
                38.1072463203126
              ],
              [
                118.4084778125,
                38.1102272773438
              ],
              [
                118.489039335938,
                38.0985024238282
              ],
              [
                118.521632109375,
                38.0724025703125
              ],
              [
                118.53396609375,
                38.043130109375
              ],
              [
                118.558453398438,
                38.0627370429688
              ],
              [
                118.571793242188,
                38.0793959785156
              ],
              [
                118.602896757813,
                38.0982900214844
              ],
              [
                118.642135039063,
                38.1269509101563
              ],
              [
                118.662345,
                38.1294643378907
              ],
              [
                118.672345,
                38.1282216621094
              ],
              [
                118.711832304688,
                38.1331325507812
              ],
              [
                118.727193632813,
                38.0793959785156
              ],
              [
                118.761280546875,
                38.1044509101563
              ],
              [
                118.774581328125,
                38.13601096875
              ],
              [
                118.839176054688,
                38.1440456367188
              ],
              [
                118.854610625,
                38.124770734375
              ],
              [
                118.898951445313,
                38.1302870917969
              ],
              [
                118.95693484375,
                38.0895302558594
              ],
              [
                118.937345,
                38.073843
              ]
            ],
            [
              [
                118.297345,
                38.1038430000001
              ],
              [
                118.293922148438,
                38.1160353828126
              ],
              [
                118.285152617188,
                38.1072658515625
              ],
              [
                118.297345,
                38.1038430000001
              ]
            ]
          ]
        ]
      }
    },
    {
      "type": "Feature",
      "properties": {
        "name": "垦利县"
      },
      "geometry": {
        "type": "MultiPolygon",
        "coordinates": [
          [
            [
              [
                119.135318632813,
                37.8103395820313
              ],
              [
                119.170987578125,
                37.8059023261719
              ],
              [
                119.188912382813,
                37.8282900214844
              ],
              [
                119.242896757813,
                37.8193959785157
              ],
              [
                119.251793242188,
                37.8082900214844
              ],
              [
                119.321793242188,
                37.796108625
              ],
              [
                119.30923953125,
                37.7709621406251
              ],
              [
                119.271187773438,
                37.754926984375
              ],
              [
                119.251324492188,
                37.7390224433594
              ],
              [
                119.291793242188,
                37.6754164863282
              ],
              [
                119.2761340625,
                37.6452626777344
              ],
              [
                119.22107546875,
                37.6521108222656
              ],
              [
                119.102139921875,
                37.6353676582032
              ],
              [
                119.082174101563,
                37.6603017402344
              ],
              [
                119.071846953125,
                37.635794904297
              ],
              [
                119.028936796875,
                37.6411330390625
              ],
              [
                119.001793242188,
                37.6193959785156
              ],
              [
                118.982896757813,
                37.5882900214844
              ],
              [
                118.964371367188,
                37.5734548164062
              ],
              [
                118.951793242188,
                37.5293959785157
              ],
              [
                118.947345,
                37.4938430000001
              ],
              [
                118.901793242188,
                37.4893959785157
              ],
              [
                118.850523710938,
                37.4747573066406
              ],
              [
                118.772896757813,
                37.4893959785157
              ],
              [
                118.6984778125,
                37.5002272773438
              ],
              [
                118.665479765625,
                37.4961232734375
              ],
              [
                118.642896757813,
                37.5093959785156
              ],
              [
                118.541793242188,
                37.5182900214844
              ],
              [
                118.522896757813,
                37.5293959785157
              ],
              [
                118.486920195313,
                37.5382900214844
              ],
              [
                118.462896757813,
                37.5082900214844
              ],
              [
                118.4309778125,
                37.49483909375
              ],
              [
                118.434210234375,
                37.468843
              ],
              [
                118.431099882813,
                37.443843
              ],
              [
                118.434371367188,
                37.4175539375
              ],
              [
                118.387345,
                37.430981671875
              ],
              [
                118.32142703125,
                37.4121596503907
              ],
              [
                118.262896757813,
                37.4493959785157
              ],
              [
                118.247345,
                37.4538430000001
              ],
              [
                118.27170046875,
                37.489486310547
              ],
              [
                118.30298953125,
                37.5081996894531
              ],
              [
                118.31170046875,
                37.5394863105469
              ],
              [
                118.333804960938,
                37.5957094550781
              ],
              [
                118.429527617188,
                37.6159096503907
              ],
              [
                118.52564578125,
                37.6017055488282
              ],
              [
                118.5810559375,
                37.6351308417969
              ],
              [
                118.62576296875,
                37.6534267402345
              ],
              [
                118.675128203125,
                37.7244118476563
              ],
              [
                118.705299101563,
                37.7477028632813
              ],
              [
                118.69170046875,
                37.7581996894532
              ],
              [
                118.687345,
                37.7638430000001
              ],
              [
                118.777574492188,
                37.8056142402344
              ],
              [
                118.840152617188,
                37.8439296699219
              ],
              [
                118.892535429688,
                37.8686525703125
              ],
              [
                118.982154570313,
                37.9490334296876
              ],
              [
                118.997345,
                37.9538430000001
              ],
              [
                119.027144804688,
                37.948657453125
              ],
              [
                119.061793242188,
                37.9282900214844
              ],
              [
                119.088199492188,
                37.9171620917969
              ],
              [
                119.094830351563,
                37.863843
              ],
              [
                119.09138796875,
                37.8361611152344
              ],
              [
                119.135318632813,
                37.8103395820313
              ]
            ]
          ]
        ]
      }
    },
    {
      "type": "Feature",
      "properties": {
        "name": "利津县"
      },
      "geometry": {
        "type": "MultiPolygon",
        "coordinates": [
          [
            [
              [
                118.508912382813,
                37.833130109375
              ],
              [
                118.499381132813,
                37.7906276679688
              ],
              [
                118.512623320313,
                37.7876601386719
              ],
              [
                118.545548125,
                37.8014882636719
              ],
              [
                118.578360625,
                37.7941310859375
              ],
              [
                118.611842070313,
                37.8200771308594
              ],
              [
                118.622345,
                37.8177223945312
              ],
              [
                118.656568632813,
                37.8253945136719
              ],
              [
                118.673565703125,
                37.7992897773438
              ],
              [
                118.671124296875,
                37.7883913398438
              ],
              [
                118.687345,
                37.7638430000001
              ],
              [
                118.69170046875,
                37.7581996894532
              ],
              [
                118.705299101563,
                37.7477028632813
              ],
              [
                118.675128203125,
                37.7244118476563
              ],
              [
                118.62576296875,
                37.6534267402345
              ],
              [
                118.5810559375,
                37.6351308417969
              ],
              [
                118.52564578125,
                37.6017055488282
              ],
              [
                118.429527617188,
                37.6159096503907
              ],
              [
                118.333804960938,
                37.5957094550781
              ],
              [
                118.31170046875,
                37.5394863105469
              ],
              [
                118.30298953125,
                37.5081996894531
              ],
              [
                118.27170046875,
                37.489486310547
              ],
              [
                118.247345,
                37.4538430000001
              ],
              [
                118.231070585938,
                37.4124513984376
              ],
              [
                118.233463164063,
                37.3962831855469
              ],
              [
                118.217345,
                37.383843
              ],
              [
                118.190704375,
                37.380483625
              ],
              [
                118.163985625,
                37.3672023750001
              ],
              [
                118.147345,
                37.363843
              ],
              [
                118.14271609375,
                37.3692153144531
              ],
              [
                118.130738554688,
                37.3795351386719
              ],
              [
                118.15271609375,
                37.3984706855469
              ],
              [
                118.167921171875,
                37.4161171699219
              ],
              [
                118.140328398438,
                37.4398867011719
              ],
              [
                118.11103640625,
                37.4375319648437
              ],
              [
                118.112745390625,
                37.4588430000001
              ],
              [
                118.111363554688,
                37.4760451484376
              ],
              [
                118.171441679688,
                37.5607790351563
              ],
              [
                118.131842070313,
                37.5575978828125
              ],
              [
                118.1327746875,
                37.5691664863282
              ],
              [
                118.12197390625,
                37.5784706855469
              ],
              [
                118.117345,
                37.583843
              ],
              [
                118.13818484375,
                37.600532453125
              ],
              [
                118.177379179688,
                37.6650575996094
              ],
              [
                118.247345,
                37.6563552070312
              ],
              [
                118.27724734375,
                37.6600746894531
              ],
              [
                118.331793242188,
                37.7393959785156
              ],
              [
                118.343023710938,
                37.7483901191407
              ],
              [
                118.339405546875,
                37.7774843574219
              ],
              [
                118.352896757813,
                37.7882900214844
              ],
              [
                118.357345,
                37.7938430000001
              ],
              [
                118.409854765625,
                37.7985146308594
              ],
              [
                118.431676054688,
                37.8301137519532
              ],
              [
                118.442789335938,
                37.827622296875
              ],
              [
                118.473975859375,
                37.8479274726563
              ],
              [
                118.508912382813,
                37.833130109375
              ]
            ]
          ]
        ]
      }
    }
  ]
}