{"type":"FeatureCollection","features":[{"type":"Feature","id":"370403","properties":{"name":"薛城区","cp":[117.265293,34.79789],"childNum":1},"geometry":{"type":"Polygon","coordinates":["@@M@@@AJ_@E@AG@@@AMAATCHADABABAFAHCFGDK@ED@DFF@FGFGHEFKBKBIF@BDDHP@B@JIBIDADDLABCDEFAFCBGFEB@@GCE@EFC@EEW@K@@DBBFBBDABEB@ACCG@@BDD@DABG@MAUGAFAB@@CBOH@LADC@CBBHAHCBEBGAGCABAJGFGFAB@B@B@@@BA@@@ABA@AB@DABCB@BC@C@@FCDEFMJKFIBCCCGIFQ@TdJ@FBNJLNDHEFEBBFDARRB@V@BBBD@@@@DHDBBD@HB@RA@@@FAHHBD@BBB@@@@@FBLBJB@N@B@@@@H@HB@@@@BD@DBFBBH@HAB@FCH@DBH@F@BBBBBDDDJEL@BBB@BBHJB@BBH@B@@@BBHHLH@BHBF@NAHCRF@@D@D@F@JBHDD@DDDFDHJ@HBB@@@@@AA@CBA@AD@BAD@D@@@LBB@B@F@B@B@D@BBDBFFHFBBFBBBB@D@D@BABBF@@@BBB@BDB@@DBD@BB@@@F@JBL@D@@@BDFJBFBHBFBBDBDBD@DABAFCFK@AJKDE@I@E@EBCFGFKBC@AACMKEIAE@@@E@EBCFELKHCDEBA@@AC@EACAA@M@EAAKC@@@AA@@@@@QGCC@@CE@GAE@CACAAAAAEC@AA@A@@BADABADA@ABC@A@C@AAAAA@@@A@@@EHA@A@A@A@C@EAIEECCACAEACAA@CCCGCEAA@C@EBMBK@@HAHALAF@DA@ECK@C@CBKDAJ@J@B@B@DABEDEBA@@HCCECCECECCCAAACBCBA@ABC@AAACA@A@C@CBAB@DAB@DAB@DABABABI@E@I@@@@@M@A@A@A@EBEACCE@ACAECA@@A@A@ADGDI@C@A@AAAICMEIAA@ABEDABA@A@A@AA"],"encodeOffsets":[[120229,35455]]}},{"type":"Feature","id":"370404","properties":{"name":"峄城区","cp":[117.586316,34.767713],"childNum":1},"geometry":{"type":"Polygon","coordinates":["@@NELCNEHCF@H@@ABG@@@CCI@C@C@CAGACAAAAEAWIGCAAAA@C@C@@BAH@DADA@A@CACAA@C@CBEBAFCHEHEDC@AB@RENCRCNCDC@ACI@A@ABC@A@A@@@AAA@@AGGMCG@A@GDCBC@A@@AAAA@E@ABAHCDC@CGaCMAAE@EAGSQuMBBHMBQFOBBRBP@@ADAHCL@DADCF@JABKHIH@DCDOAO@E@IB[HMFC@OAE@E@KFKIE@]@OAC@CAAA@@@@@@OMQOEAC@mBYBCAA@CEBMBCpAAW@OM@EAAABG@A@AACAE@A@C@E@@@AOAA@KEBABADQ@A@@@M@EBOBGFOBEAC@GAE@A@A@@@@@ABCFA@@MAE@EBA@YHKB[CIAC@GAKECAA@I@C@O@I@A@A@G@GAA@A@cEcCE@MDIBGBABI@K@OAIBIBG@O@SAG@KF@N@BJBAL@@@@@J@J@@FD@@@@BBBD@BJB@HBBBBBJ@B@BBBB@B@B@BAFCBAB@JBNFJDBB@B@B@DCJCH@B@B@BB@FDDB@BDFBDAF@F@B@B@B@N@@@@@J@FAJABABCBA@CBA@CBA@AB@D@D@BDBBB@BAD@BABADBDBBDDFDFDDDDFGD@@ABCFAFCBA@A@I@I@CBAL@D@DDL@FCBE@KBGBGB@@ALAN@F@DBBDFDHDDB@DBFBDBDBFDJFFBD@B@B@B@B@FG@@B@@@B@BBBBD@B@D@BAB@BCBABC@AB@B@@BFDBBBBDBDBF@HBF@B@D@BAFCBEB@DDDBDBB@BAHEPEFAN@F@FDF@DB@BDF@@FCB@DAFBT@HF@BDH@BJFJH@@@D@TJANAFAJDFABABABEDAJAB@HBL@FA@@AA@@BG@AA@AC@I@E@AJGNGDAJ@R@D@NLFFTVDDFBFDFD@B@B@B@DBFDDDBB@D@D@DAFCDED@DADFHHBD@DADAD@DBLDLBBD@FBD@D@NCD@D@JBD@L@N@L@L@H@F@BCBAB@D@DBVRDBBBLL"],"encodeOffsets":[[120599,35682]]}},{"type":"Feature","id":"370406","properties":{"name":"山亭区","cp":[117.458968,35.096077],"childNum":1},"geometry":{"type":"Polygon","coordinates":["@@AEBEFEHC@AFADAF@F@FABEBEBCLGBABA@C@CCCAEAA@C@ADAFAPED@J@D@D@DCDAFAHAHIFCDKDCFENELGB@F@JAD@DBHBBBD@@UBG@CBABADADABC@@@C@ABAFEDELIDCH@FAB@DDDBBBJFJBB@@AD@DAH@B@B@DCBE@EBE@CBAB@BAFBB@BABCBIDE@EDCBCDAD@DCHGDEDGDATQTQFCDAFCFAFEDCBCJYJEDCDADADAHEFAFAFADAF@FCFAFCLEH@DE@EAA@CCG@CAG@EBEDAH@D@JBDBFBFAF@F@F@D@FAFCBCDG@C@CAAAAIGAACAGCCAA@@AAC@G@K@G@CAE@CBG@A@@EEEGCI@@ECICMEYOOGICG@O@M@GAAAEEAMGICMAKAAA@IAE@@@G@MD[F@@A@A@KLIXILIFE@SEMAKAKCC@GBC@KHGFABCBM@WGSASGKCCCGCGAAA@AAEA@AAEACA@BELEDABCBC@CACAAAAEAGAEEIAC@@C@K@IAE@@@A@@AAC@CA@ACA@AA@@E@AAABC@C@A@AAEAAAGEEECAAAC@A@A@E@A@A@KA@@C@C@ABC@@BAB@DBB@@@@A@GAI@BDCFILCJAH@P@@DF@DBB@B@F@BBBDBD@LB@@@@@@V@HlBJDPFHFHFDFBDB@@DD@@@DBFA@@BCBGD@@DH@@ABAF@D@F@BABBDABADCBA@@@A@@BCFGHEHCDAFEF@B@DAB@D@@CBA@A@ADAH@BABE@EAEAA@GAMAIAG@G@OAI@G@CBEFCDADABG@EBC@A@EAAACAEAC@A@CBC@EBCDIHCDAF@JBH@F@JAB@BCH@HABA@@@@@AB@BB@@B@@ABCDA@EBA@ABCBABCB@B@@AB@@AB@F@D@BBDFD@B@BA@A@C@IA@JMBABAD@DBFDJBB@@@@JBDAFADAH@D@D@J@@@DBBBD@DBB@D@BBBBDBBBFBHDDDBBNHFBRFFB@@HPSBANAFADA@EDKDA@IAA@I@@@A@K@@@@@A@@B@@@J@@BDHFFHBFBB@F@@@@@@BDB@DBJDDBRJDDJLBDBB@BADAN@B@FDF@F@B@BCJEJAHAJCHAF@DAHAPDDBBBN@D@F@BABCBCDABAD@D@B@B@BDBFBDBBB@DBBB@DBD@D@DAB@JAFADAF@FAHAB@D@HDDBD@F@DAB@HCFAH@JAJABCDCF@FAH@D@DADCDEBE@EAE@EBEBEDCFCFIFAF@"],"encodeOffsets":[[120238,36121]]}},{"type":"Feature","id":"370405","properties":{"name":"台儿庄区","cp":[117.734747,34.564815],"childNum":1},"geometry":{"type":"Polygon","coordinates":["@@LEH@TBP@H@JAJAPBL@J@BAHAJANCF@dDdFB@B@HBH@B@B@J@P@D@J@B@DBLFHBD@JB\\DLAZGB@FAF@NB@@EBAD@B@@@@@B@BBF@HBDAFEPAHAP@F@N@@@BCRABABLFB@PB@B@@@F@D@BBFBD@B@BAHBBFBN@@PBXoBADANDFB@DBZAnAD@FBRPPN@@@@@@BBDBD@PB^@F@LJLEF@F@PBD@NE\\GJAF@P@PBDC@CJGLGBA@IDEBC@CDKBGBC@@AOAQPARE@E@ABCBABMAIAEAIJGAMCM@CAGAE@A@K@A@AAEAC@CBEBE@C@E@C@CBC@E@A@C@ABABCBA@AAACEAA@@@@@@@A@@@@@@@ABA@@@@@A@@@@@@BABA@@@A@@@@@@A@@@@A@@@@@@@A@@@AA@@A@@B@@@@@BA@@@@BABA@AB@@@@A@@@@@A@@@@@A@@A@@@@A@@@@@@@@@A@@@AB@@EAA@@@@@A@@B@@A@@@A@@BA@@@@B@@@@@@@@A@@@@@A@@B@@A@@@@A@@@A@E@A@@BA@A@A@@@A@@AA@@@@@A@KHCDGDIFIBGDaHkLGB@@@@@@@@@@@@KBMBE@G@G@@@A@A@GBG@C@CBC@@EAQAKKQAACGCCKGAAEEAAACACKIKGC@@BA@CFABA@A@A@AC@AECCCECEAE@CDABA@S@CCGSACOSAACGCAG@U@EBEBCDCDADGFGDEBG@E@CAEGGESBCDK@IBEBg@BAEIG@@@AR@NEFCBI@E@IAE@A@@@@BKTOVCDA@@@@@@@@@CFCDIDCBDFABC@IBIHADAH@H@BABABABIBABCBEBEBIHAF@hA@OHCBBBBH"],"encodeOffsets":[[120212,35410]]}},{"type":"Feature","id":"370402","properties":{"name":"市中区","cp":[117.557281,34.856651],"childNum":1},"geometry":{"type":"Polygon","coordinates":["@@BA@CBABCDC@A@A@@ACCEECEEAA@A@ABCBE@AACAACC@@IAA@A@A@AA@@AACCCE@@@CAA@@@ABC@A@@@ABABABAB@B@BC@A@E@C@A@A@@DCFCHCB@@A@CBCBCHGHMJK@@DAFAF@FADADADCBADGBEDEDCBAHEFEDCBAJCFAKKAACAUQCAC@A@ABADE@G@K@K@M@K@C@IAC@C@MDC@C@EAC@AACKAK@CBCBC@CACGGCECBC@CFEDCBC@C@A@CACCAE@C@A@A@AECECEACCSUEEMKC@Q@I@CBMHIH@B@F@JBDB@@BAH@@BB@@EBK@GAA@IBCBAFABABEBICEBMBIB@S@C@@IGIE@ACG@AGES@EACBA@ED@@CE@ACAE@ECE@M@EBOFGFABA@CACACCA@AFEDABC@A@D@@DDRH@@@@B@@B@@LDBB@F@NBBBD@FBD@@ABCFGDKLEFAD@F@F@@BFFJNLBD@BADELEHAD@F@F@JCFILDBFBBBB@BF@BBBHBHDDDLDTHTBXHN@DABAHELGD@HAD@LDLBNBTFF@JEJKJWLKB@B@@@\\ENCH@@@F@JBB@BBBLDNHJBNFFBBHBN@P@H@JDPHZPNFJDFD"],"encodeOffsets":[[120545,35808]]}},{"type":"Feature","id":"370481","properties":{"name":"滕州市","cp":[117.162098,35.088498],"childNum":1},"geometry":{"type":"Polygon","coordinates":["@@QDGHGBIBQFEBMJGFKHAB@D@D@F@@GDC@KFCJ@F@B@D@B@DAB@D@HAF@H@FAFAF@NADEDCDCDAH@D@@@@AHALAFAFCHEHIDC@GBC@EACAECCACAEAECCAGAG@CAI@CBGB@@EBEBEDEBCBEDEBIBG@IBKA[EI@G@IBIBIHMJABCFCDCHADCFEFGBCBEBCDCHBFDFDDDFDDBFDDBH@@@@BL@D@F@DAFCHABAFCBCBEDEBE@CDEDEDCDCBCDEDIFEBCDCBEDABAHAF@D@F@F@FADAFADADADEFGHEL@JEBMDMLEFGBOPGDMDI@GBEDGDABAB@@@DAFAD@FADAD@NADCBC@CBCBCDAJCDDRBDAFCDCB@BH@HBNHD@FBDBD@DADCDCFCFCDAFEFED@HBHBDDDFDFBFDH@DDFXLJAFCDCDCDADCBCDCDADADAF@DBF@FBHBFCFCDCDEFAJ@DBDBFDDBH@B@F@B@D@DBBBDDBD@B@B@B@BB@FBBBD@LDFDFBFDBBD@BBD@HDBBDDDDDFDDJHBBDBDBHDFBHDJBDBL@J@F@DBD@HBDBFBFBF@D@LAHAFCHADADAFAH@F@F@DBFHBBF@FFJBHBF@R@N@F@HBH@FBHDFDFBFDFBJFF@J@H@FBHBHDDD@DBDDF@BBBDDFBDBDDF@JBD@DAF@F@F@H@LAF@F@ZAFAH@@F@DAFCDADADAFAF@DCH@DADBFFBF@DAF@FAD@F@D@HDDDHFD@HAFAFAHAJSBOBG@CBEDGBIBGFIDI@A@A@ECE@E@ABMBC@AAAACIKCCQICAICCAA@AC@@@@@@@EAAAEEGGEAC@@@I@@@AB@@@@@L@B@@@J@B@JBB@LCFCB@BCBEBMTAGO@@EAQEEAMGAACCGCEAAACAAAAAC@A@CAC@AACA@@I@C@C@G@CBEBCBIA@@@@AACIAE@CBCBANA@IJBD@B@B@@A@AECAC@A@C@EBA@@BA@@@ADABADABAB@FAB@DCBA@@@AA@@ABA@@@@B@BA@GDG@ABA@I@EAG@IBEDCJGDCFAD@DAB@D@FBDBBBFBB@D@FAH@BABCDCFEDAH@J@PBH@H@JBNBHBB@FBFBF@BA@ABGBCB@B@DA@@@CBA@C@AFEBEDCFGHGDE@AB@@@B@DABCBAACBA@A@E@CBEBA@@CG@@HCDA@AB@AE@C@@CC@@CAEAECEGEGCOAIGkU@@@@@@@KAC@CAAA@A@E@AAA@CCE@@@OBGDIJKDEACCGCECCC@GCIAE@C@C@@@QEGDMBE@GA@AKGGGAA@@A@G@AAA@GIAAA@AAK@IFCCACAAAAE@G@CAG@EDA@GBG@AAAE@CAC@@@@GAG@@@@@@A@MIAKAEA@@@@A@AAC@GABG@E@@QBA@@GACCACG@@@@ACAAU@A@QQCB"],"encodeOffsets":[[120003,35659]]}}],"UTF8Encoding":true}