{"type":"FeatureCollection","features":[{"type":"Feature","id":"370304","properties":{"name":"博山区","cp":[117.85823,36.497567],"childNum":1},"geometry":{"type":"Polygon","coordinates":["@@FBDD@DDFFD@@FDB@HADCDABBBDB@D@BAF@AHDNPFB@FCBABEA@BALAD@@B@@BC@@DBB@LMXBFBHDD@HCF@D@BDDFJBFHBLBLDJJD@@BBBA@@B@@AF@B@@@BBDBH@D@HA@GDA@@@@@@BCB@@@DA@@F@@DD@@B@@D@@@@CD@HEFABC@@BAHCLBFBHBBAJGAEA@@@@A@@@@DABAFACA@AJACEB@NEJE@AACE@AA@CBANGJAFBHALG@CAAHEBCAAFEF@BAAMGGE@GAKIKACAC@EAKEKE@AJEDAL@HGBCBD@@D@BAAAAA@@AABA@C@ETQJAHABBBBDBDADADAF@@@@BFBBA@C@AECBCHBHBL@@ABCH@RS@E@E@AVCB@BCHCRADCDANBDAD@B@BDBBH@DDDBFHHBB@PEBAHBFAB@D@DAF@FB@@BDPCDCF@FBFAJGJABC@A@GBEACC@ACACC@AA@EHMDADCBA@@@A@@AA@@B@@ABA@@BA@A@@@ACC@@BC@CBA@A@A@@@AB@BA@@BCBABABAD@HBDB@@AB@BFFF@FBLFHBBDFFBBAH@@BFHBF@HFHBDCBE@ACCFEDA@AAOBIBCDCH@DBHDNDL@FDB@D@FADADABCCCGOBGDCDAB@B@@B@@B@@@HAF@@AAEDABBBAAE@CFCDAB@@C@EDAF@DADGCACBIBI@OCCEBCE@II@ADADABCC@GBEAACCAA@ABG@AACMBC@CDGBCAA@A@KBADA@ABA@CAEECCBCACAG@ABEDCAEACASFA@AAAAAABCAAEGIBSCCA@ACAI@EC@AA@GD@DG@ED@B@@G@A@AB@DC@ACI@C@EBA@CBEFO@E@AB@@@@@@@@A@@@@@OAUASJGDA@@AC@@@A@@@@@@@AC@@@A@@GAE@K@EAAB@@A@@A@@@@GAAGC@GA@ABCCAIEEG@EEAABABBBDB@@EDCACAABGDAACAAE@AEGAA@CACIBMDI@C@EDGBG@CACCI@CBGDABAFBFFFAPA@CBA@CFCJBFADBBADD@@@BJGHEB@FBHFFF@DBBB@H@BBBBB@A@A@A@@BBB@B@@@@@BD@BCBABAB@@HBABABE@AAABBBFA@BGHA@A@CDF@BBB@BAACDCDAD@@DE@@JEFGB@A@A@@@A@@@@B@@A@AA@G@IDACG@EBCDC@@AAA@CBEIAAAAAGI@ABCA@CBAB@HDF@B@@DDABADDDBLCNA@C@@@CECKAAC@AB@FADBD@B@LE@GN@DABC@ILGDIBEHADBBDD@FAFBD@B@FCFA@cHEDCBCCA@AF@HABAB@BBB@B@@@BB@@B@@@BB@BBAB@@@B@BHDBD@BADIBKA@DCDCACA@ADAB@AACKBAE@GDOGEAA@@JABCDIBA@A@EI@CB@B@F@EIED@FCBGLI@ED@BI@AACAIAGHDFFDFFE@AFCHEBA@FFB@D@DAFBDFAHGA@@A@AHAD@@@@A@@@A@@@A@@@@AA@BDA@CBA@BB@@A@A@A@@@@@@@AB@@RLBH@DELAAC@A@AB@B@BO@ILCBLDF@NFL@F@CCE@A@DAD@NDBF@BIHABAAEDKLK@CB@DER@B@DCBCBIHIBA@ABAFBHABAB"],"encodeOffsets":[[120548,37434]]}},{"type":"Feature","id":"370302","properties":{"name":"淄川区","cp":[117.967696,36.647272],"childNum":1},"geometry":{"type":"Polygon","coordinates":["@@AAAC@GDI@CDGTSFCJEBGB@BCBA@CFAD@HEDEBIBAFA@FB@N@NFJ@D@BCDADGF@DEFKAE@C@CB@AAAAC@CCEBACFEDABB@DBBPND@F@CE@AFCDBD@DEDAAEAALO@CAAAAAAA@AACAGAAACAAAEGGIEESKGM@ABA@A@@@@@@DA@@BBD@HEIECODQ@AFBDCFGDGBIVCXIH@D@BABIACCCGCICAC@GDIB@BCEEA@BMDA@A@AD@FCBAAAECAAAGDIDKJOHEF@D@FGECDCDGCEE@CC@CDCDGBKBIGCA@@OCEAGACBCBGBAD@B@DDB@FBFAFB@HJ@HE@ACC@ABABABGE@CAGGCIAAGC@BGBMCAEE@CB@@@@@@@@A@@@@@@@@@BA@@@@@@@@A@@@@A@@@@@A@@B@@AAACAC@ADA@C@ECCCFCBA@AA@E@GB@@A@@@@AA@A@CBCDAHHPDDADCBCBEBC@A@ECK@MCGCCAG@CDADAJBP@BCBEFDD@BAFCDGAGEE@GAAE@@BGAAEEACGAKEEAE@EE@ABA@@CAGAC@ABABABAD@@ABA@@B@@@B@BAB@DAD@@DD@B@@@BAB@@AB@BA@@@BB@@@B@@ABCDCBGN@FBBD@BDBDD@BDAF@H@BADIBIHEBEAE@CDODAC@@EAE@CBC@A@EBGAABOFA@GAEGCACCG@AAACA@C@CBMACBCDQBGDADA@UD@B@F@FQTG@AD@BK@GAGAADFD@B@DABEA@A@@E@CBCBCBCAAAAAGBIBSR@F@DABBB@@BBBBABC@@@ACADGHK@CBIF@BLFLFFBD@DBLBLJHBF@HHBNABE@EFBBADGFBB@DKHGBEAIBMHAB@DBBF@BD@BIFMFA@DFIB@BDBEBABCB@@@@@B@@B@BFIHABGAEAKAGDAB@@ADEBGFC@@D@@C@@@@AC@@CE@@@CB@@A@AD@@@@@@CB@HGBC@G@CAAA@@A@E@@BA@@@ABAA@@ICCIAKAKEGIACEACC@E@GDC@GCEAWAKNA@CA@@AD@@@AC@KBABB@AFABEDA@OECMBGE@ABC@A@ACAACBCDGBA@EC@@ECCE@CCCEAAB@FE@GBGDCDCBEACBGDGBABBDDFLDFFB@BDJCBCD@BBEJEJEHC@BBB@HBHBBB@HKBA@UCCBIH@BLBFAJBAF@B@@@@BAB@BFJ@HA@@DDGB@JBF@LCHE@B@@@@B@@D@@DC@CBHNABCBABBDAJDBL@LDF@@@DCRBTADBBFCB@@@BHAB@BAA@@ADAD@CBADBFB@B@@@FD@@JCJGJDAFABBFH@DBBDGB@D@FFBBDDF@@@@FHBBDDBABAJBDA@AFCD@BBHAFBD@HBH@@@B@B@LFRBBDD@FHF@HBDD@BBDF@FHH@@CFGDABBFCHCNEBA@@BAHADBB@JABAB@HBFDJ@BAHDBBF@@BB@J@BB@BDDJELBD@@D@FFABAN@JF@BCJ@@H@AJADEB@B@B@@CHC@ACEBCB@FBD@BHFABIX@BBBB@@BBBBBD@BB@BB@@B@@B@@B@BBB@@BABAB@D@JB@@@DDBBBB@D@@@DAHADB@B@@@@@@CDCB@DB@D@HE@A@@@@@CLIPAB@DBDBJ@DD@@@@@@@A@A@@@@@A@@@@B@@@@@@@@A@@A@@@@AA@@@@@@A@@B@@@@@@@@@@@@A@@@A@@@AA@@CA@@@CAA@@@BA@A@@@AA@@A@@B@@A@@B@@@@@@@@A@A@@@@@AB@B@@@BB@@B@@@B@@AB@@AB@@@@@@@B@@@@@B@@@BA@@BA@@@@BA@@@A@@@A@@@A@A@@@A@A@@@@@AA@@@A@B@BCAAB@@@RADBFDBDDJDABF@@DCFADADCB@BDB@HCLBAGB@B@AG@AHABBDBF@FCHI@BB@H@@@BBHFNHB@H@@BBFBBBCHCF@DDPGDABEFCJA"],"encodeOffsets":[[120954,37593]]}},{"type":"Feature","id":"370303","properties":{"name":"张店区","cp":[118.053521,36.807049],"childNum":1},"geometry":{"type":"Polygon","coordinates":["@@BCD@FK@@BA@KFEFCLBB@DGHCV@D@@C@E@IBWC@A@A@BEGKAC@OAAAAA@@@CAAAC@CAACC@IA@@@@@DC@CAE@ABEDIB@@@@IDG@EBGCBEBABBDAD@BA@C@CBCF@JEDEBC@GAAA@BIH@DBBA@AF@@@@EC@AICAC@@@AAC@@@G@BC@@@E@@@ED@@AF@BAAEGEBCMCC@E@@@@@IBAAEMDAFG@E@EBA@CD@@AB@BA@AC@@ADI@AFAMIC@EEEBCBCABACCGB@CBAI@ABB@@BM@A@F@GCAIGABA@A@@C@@AIBEDAFCBOHCCE@GDADAAAE@AG@A@MGGEAA@@G@A@@AGJEDE@CAAAGB@BBHA@A@BHKAGDA@ACA@CDCBEBCD@@AECBCIACECCAQB@@A@BBADA@B@@@B@@B@@@@@B@B@@@B@B@@@B@@@B@@AB@@@@AB@@AB@@A@@@@@A@@@@@@@A@@BA@@BA@@@A@@@AA@@A@A@@B@@@@@B@B@@@@@@A@@@@BA@@@@BB@@B@@@BAB@@B@DB@@B@@DB@@B@@@B@@@B@@@@@@@@@@A@@@@B@@@@B@@B@@B@@@@B@@@@@@A@@@@@@B@@@@@B@B@@@@@@CCI@CACAA@OBKJ@D@@@@@BGFC@DD@@AHFD@BCD@BDDBD@BBP@B@@FBDDBD@HCBAB@BADAB@@A@@@CAAAA@@ACABCEACCM@AB@HE@@@AGE@@D@L@D@@A@ABA@GBABABA@AF@DFDD@@BHDBD@JG@GDML@F@DDJBBF@B@BB@FDBD@D@BB@HAB@DBJA@A@CDBNABE@@@BNBBBD@DBB@@LA@BH@@C@@@ML@FAB@@GF@@CF@BA@EB@HA@B@FBB@@@BDBFD@PE@@BF@D@@FF@F@DF@PE@@@@@@PF@@HFCAEF@@BB@B@BFH@BNB@BAB@PA@AF@@@F@@F@JBDDBH@@A@AF@DAAEH@NABDH@@CBADAFBACNAD@AUBAD@AKB@NAHAACD@FC@AC@@CB@BB@B@@@@HA@@@@ACLAHAFDBBF@@FDD@@D@FB@FD@D@ACAEN@@DN@D@PH@FDBF@D@@AJAJAFA@DD@B@ACBCJ@BBD@F@DAD@"],"encodeOffsets":[[121005,37774]]}},{"type":"Feature","id":"370306","properties":{"name":"周村区","cp":[117.851036,36.803699],"childNum":1},"geometry":{"type":"Polygon","coordinates":["@@BCF@B@FAAG@AB@JBDB@BAHDBD@F@HELB@BBHBBB@B@@CDENA@@@@F@B@DB@CB@B@B@B@@@B@BB@@B@@@DAD@DDBB@F@BBBE@@BFDF@@@@@B@@@B@D@@D@@J@DDBF@H@BAFDF@@@BF@@@@B@@B@DD@FBB@DB@@B@@@@@BF@DA@B@BDD@BA@@BBB@ABADFDBBCB@@HCFA@A@DDBD@DDBBDCDC@@AA@BDHB@DDBH@@ABA@AAABAD@BEHGAACCCCHCFBFBL@BD@@H@@DD@@@BHEBCD@FBBDHEDCD@FCDGHGBA@CB@C@A@@@@A@@@A@A@B@@A@@@AB@@A@@@AA@@BABCFCCA@@@@B@JALQB@BB@@FC@@JD@B@@HF@@F@B@@C@@FCB@DFBBJ@JBFB@B@D@DLDDB@@FB@@BBNIJ@J@FBDDBD@@Br@@DFADDHA@JD@B@BAF@FA@GP@@FH@@@HB@@@@EBABB@@@BBFB@B@DB@F@D@JCH@HADBB@H@BR@B@BB@@@@@@@BFFFPA@BAHHDD@D@F@@ALSAA@CACAAAM@@F@BAAMDCB@B@AI@CBA@GAAC@C@CA@EAAA@E@AACI@C@ENKHCH@@IACGC@AC@EC@CBEB@BABAHAB@BAB@@@@C@K@CF@BH@@F@@GBAN@DDFBADDB@BB@BBDB@@B@@@BABC@ABADA@GACCCEA@@@AAO@AACCC@ADC@AECBG@@CCA@@CDADC@@@@@@@ACAGBCB@@C@A@AACA@C@@IAC@A@ABAB@@AA@A@AA@@@@AA@@AAAC@AAAA@AA@AA@AJWBAGE@AAC@EDAFABDD@DG@@@A@AFABCBIG@@@DI@AIEM@ABEB@E@CC@KAIFCC@AAAI@A@@AE@AAGCABI@ECGAA@ABIBA@CAGBAB@@ABMFGDEDAACBEH@DG@EGE@AC@ACCGAE@EGC@ACQAKEA@A@@@G@GAC@EAGBAAC@ED@BCBIAABABCCAAEG@@@@CEACEA@E@CHAACCAG@AEBABEICIHID@@EC@@A@A@AEBCDAC@CB@BB@ABA@GB@A@@DAAECASBQACD@@E@KCK@CAKBG@A@@BCHAP@BBBBBBB@@@@@@BFCF@FD@BF@@@@@@DHCB@BNA@HLAFDDJBD"],"encodeOffsets":[[120544,37579]]}},{"type":"Feature","id":"370305","properties":{"name":"临淄区","cp":[118.306018,36.816657],"childNum":1},"geometry":{"type":"Polygon","coordinates":["@@BCDCB[BG@@@@BQVBH@FBBBB@HB@BJ@@MD@@EFANANAFABFJH@@@@BB@HB@@DRBB@RABBH@L@FA@EF@@GBAAED@CO@@BABAEEHEF@DBD@@@BB@@@@BAFB@GBEHAH@V@B@BFV@JErJAA@E@CF@B@@B@@@@@@BHBAP@NAFAD@D@@BB@D@DCAEAEB@@@F@B@@AA@CACAAABAFB@A@CB@@@@A@GAAAA@@ACACAACEI@E@AA@EE@EE@CDADA@CBAF@@C@C@@@A@A@A@A@C@A@E@A@A@A@A@C@CC@ACEAEKAAEBCE@EA@@@AAA@@C^C@IBA@A@@AAE@G@@EGAKAAAAAA@@BBPG@@HEB@AA@BGE@@IA@AE@GBCAEI@I@IB@CHC@KDA@AAGAA@@AC@GD@AI@@@@@AIGEAE@ECAA@CGGA@GAO@CCGAC@ABE@@EOBGIAAIAEAKECCEAAACEIEC@@DEAA@BCCCG@ABIBEAI@UDADED@JE@CAKESD@CAAAG@AB@BCL@GC@C@KAGEEGB@DC@@AA@@@A@@@@BA@@@@@AA@@A@A@@@A@@@A@@@@@A@@@@@@@A@@@@@@A@@@@A@@@@AA@@A@@A@@@@AA@@@AA@@@AA@@@@A@@@@@@@A@@@@AAA@@ABGBEDE@CNA@IDEAACCI@GDQDA@@DCBA@ABAB@B@@GDAA@@A@@@A@@@A@AAAAG@CAEEGBC@@AACCAB@A@CCACDAD@AENC@EACCCCCECCGT@JEDGCAIDQDA@IMAAAA@@A@@A@A@@@@@@@@@@A@@@AA@@A@@AA@@@@A@@@A@@AA@A@@@@BA@@@@@A@@@C@A@A@@AA@ABAA@B@HABDBB@@BCDBDA@CHABCCEEAEB@B@BADA@A@AO@@E@@A@C@AA@ACBCCCIAA@E@@EGAE@C@OMAA@CAACBEFBDFADDD@BBBBA@@D@DBFELCFE@CHCBADC@I@MEM@A@@EEBABAJCFGFC@EB@DABADA@AHIFEDSTCH@DCJ@HBDBB@BD@@@@BABHBBJHDE@B@N@@AA@BAJ@AB@DHADDABDBDAFAFFD@NJEB@BCJ@BD@@BABA@@BC@@DAB@F@FEHCBFNBBJA@@@@F@D@NDADHFBFABE@@BC@@F@@@F@@ADH@@@D@BB@@D@DBBJD@@F@@E@@BABCAG@AJB@BB@HADCFIFE@AD@D@DABC@CBAAABAFHDFAH@JC@@@@JAFCBAF@DBD@@C@@@@JBD@BDDBD@BBDB@@B@BBBB@PBDHLAFB@B@D@AX@J@F@DC@U@GDCHA@KAEDEF@LAB@@ELC@ADDD@D@B@DB@D@BH@BCDA@E@ACI@ABA@CC@@@@@@AEEB@FCR@DBBJ@J@BB@D@DB@BHD@BF@D@D@BB@J@HDAJ@@AB@BCDABBFFBB@@BBBCB@FDPFB@BBBBHD@BFCDGBBJ@@@@@FT@BC@C@AA@@@@@@@ACHAAED@B@LC@CDAHBDFDDFBD@@CH@BDBFHDD@BB@J@DF@BB@FRAHB@JADBLF@@D@@@@@FHAP@BBBDH@@B@@F@@AHANCBB@DHCDE@A"],"encodeOffsets":[[121128,37888]]}},{"type":"Feature","id":"370322","properties":{"name":"高青县","cp":[117.829839,37.169581],"childNum":1},"geometry":{"type":"Polygon","coordinates":["@@BGC@BE@CB@BBDOB@BBFE@A@AA@@@AAA@AAA@@AA@@AA@AAAAA@@AA@@@@A@EFGAAKGECEA@ECCA@B@@A@EF@@@@CAAC@@@@EFDD@@CA@AABKBCHC@CDEDEHIDC@@AADAIA@@BAME@CACCAGAIGCJKCICBA@GC@@FA@GCAA@CQACAIAEC@A@@ICEAS@A@AD@@GA@AAAEEEAKCIB@C@@EAE@E@KASEKAG@GAOCKCEAC@KCIAIAGAGAAA@@A@G@G@AAE@I@IAW@EAABC@IDEBC@CBE@CBA@G@E@E@G@C@C@C@GBC@CBA@C@E@A@CBE@C@I@C@A@EAE@E@E@EAC@C@A@MEA@A@K@SAG@E@C@E@CBCBGDA@C@CBE@C@A@A@AAC@O@C@A@A@E@SDIBQB@@ABIBIDMFGBIDEBIBIBGBC@EBIDCBA@E@C@A@C@A@A@C@AAEAA@AAGAGAC@ABA@A@@DA@GA@CGDABABE@AB@F@LADC@@FC@A@@LLB@BB@BBBD@DABC@BFEBMHCAK@@BDBC@A@@HCAADAJBB@DEA@B@DDBAH@B`FPDFBDDNLFHFJ@JHfDR@BDDDDRFJFFHLLFLBJ@JBNBFFHFJPTHDHDPHDBB@DANAJEZSJEFAPCB@rIbCHATCN@N@HDHDf\\\\VJFRHLDJB@@Z@PEHARELEJGFIFCD@D@F@JBD@BBNBB@DBDBJFTHXNDAB@DK@AB@BC@@@AA@B@@@@A@@BA@@@AAA@@AG@AB@HDFHHBF@@DB@@ADFF@BAB@JE@GFB@DBA@@HADBBBDEBCB@D@BO@AC@BE@CBBBBB@BADEGICAA@CBMG@@F@AG@ACB@@A@A@AC@KA@AGC@@@@@AA@IB@DAD@@FF@BABGA@@@ACBA@@F@FDJBDA@ED@FBH@DAH@DCRF@HD@ANBBL@JAH@HGFBFC@G@@@ABIBAD@BBP@@B@BBBHB@EJ@@EBAHB"],"encodeOffsets":[[120908,38098]]}},{"type":"Feature","id":"370321","properties":{"name":"桓台县","cp":[118.101556,36.959773],"childNum":1},"geometry":{"type":"Polygon","coordinates":["@@@GDBBA@@FB@AA@DCDEB@D@@@DCCA@ABCBA@@BCFB@EDBFBHB@F@BF@@ELDFDFDJAF@HBRDH@BJ@BBBD@B@@@AGH@B@DCDCDAHAB@@IBC@@@@DEBCBABACCAC@CD@ACDC@EJAD@ABB@JADBD@@BB@HADA@CAGAAC@@DEC@CA@@E@AB@@GAAAAI@EAC@A@@W@@C@@@EM@CDB@ABOBCBB@A@AACBIFAF@AA@@@@@AAAF@@C@@N@BCAE@ACABIHALB@EAC@CR@HAFBHAB@@CDA@E@@@@AIHADCAEC@AGAA@AEACO@EDAAA@AA@EAAEBADC@ABA@@BIGCI@A@@A@C@CAEC@AGA@@C@CAAI@I@AA@CDQ@EFABF@@@@@@DDB@BAJ@BDF@B@DC@AAGC@A@@C@A@CCCC@CBE@C@AAI@ADBDA@C@@CEBIBIB@BC@E@CA@EOGC@M@@CM@BFBDC@C@@EEAC@@@CC@EE@AAECGBKBBD@@@@GB@@@@@AAAA@@DD@@BEDC@BDGBMBA@BLC@ABBVC@MBBDEACBAB@DG@ACMBG@BFCBE@@B@BG@CAAC@I@EE@@@E@@BOBA@ABA@AMG@AEA@A@@AE@BFED@GE@@O@@@@F@@OCEE@E@@EC@E@@AF@@OECCA@A@@AA@E@AGBA@@FABE@@DE@@HA@EBK@@N@@@DG@@AKB@@KT@B@N@@AB@BD@H@H@BB@FHDD@BB@FF@BX@@EBC@@AE@AACA@CC@@HABA@@GAAAAAB@FDDB@@DC@@HABECCE@A@A@CCEAEA@@FBHBD@@@B@@AD@PAHEFIBADEBBDEB@@@@@DE@IF@RE@@FBTE@@H@DCBSBQ@CD_B@DE@BJCB@BBFAD@B@NDBD@@BA@@BA@AA@@@@@FDBB@@F@BCDEB@HM@@CCAAB@FG@@AC@A@BBCB@AAA@BABGBAD@FG@FHFL@HBB@FAB@DBD@@@B@B@@@D@@@BB@@BB@A@BB@BBF@@@BD@FAJCD@BAFBX@JBJ@F@BBH@H@B@@@BBHBHBJBJBLDD@FBLDPDHBH@LBTFLBF@F@FB@@@DJALDFBFFBB@BHB@@BCB@T@FBJD@@@BFDJBDBRB@DBBHDB@@ED@"],"encodeOffsets":[[120879,37993]]}},{"type":"Feature","id":"370323","properties":{"name":"沂源县","cp":[118.166161,36.186282],"childNum":1},"geometry":{"type":"Polygon","coordinates":["@@BIHCBECEHAFCBABGBCFCD@DCACBIFADADCAK@ADEHAACFBBFBBB@BCBAACDDB@JAA@CABAX@F@DBHADEIGIGAC@@@AF@F@HCFABC@EFG@EBENECEAEEC@ADCLIBKACGEDCAEBIACMMAE@GFCJAF@HDLHRDNJPBVMBA@@@CDEHCLAJC@@BA@@BABAB@BA@@BAB@@A@A@@@@@@@AA@@A@@AAACAA@@@CB@@@BA@@BA@@AA@@@@@A@@@A@@AE@A@ABEEGBMAAMGA@AEB@FA@@DEACHKDG@@DKDGL@B@BCAIJEFA@ADO@K@CD@@E@A@A@@GCA@ACDE@GDBF@FEFCF@B@DBHA@AAADAD@@BBB@BBDDFBAFBJ@F@BBCD@DNHD@D@BAFCBAAEDCB@BB@DB@FJHADA@@@AJCF@BCACD@DBF@B@D@DAACDBB@DABCIGEAIGAADE@CACDADCBGACIA@EDEBE@O@CAC@KAADADALGHBDAB@HDDABAF@DACDC@ADDBBBDDH@BEACHA@EECDCDADABCDIEEAEDA@@A@DCDA@AAAA@AA@GCQACEBEDGBAA@CEEGDI@E@E@GDCFMBEGBC@@CCCABCJGDEA@@ABCBAD@LI@IAA@@@@@A@@B@@@B@DAD@@AB@@@@@@@@@@A@@@@@@@@AACAAAAAA@@A@@@@@A@@@A@@@@@ABC@ABA@@B@@A@@DCDAFABABA@@BA@@@@BC@ABA@A@@@@BADA@@@@@@@@@@@C@@@@@@BA@@@@@A@@AAAAAA@@A@@@@@C@A@C@C@C@C@C@C@C@C@C@A@C@AAC@C@CACA@AACAAA@AACAA@CAA@@@@@A@@@@@ABEDCDEDCDCBC@C@C@CBEFCBEDADAF@BABCDCDABEFADCF@@AD@@@@A@@@@@@@A@C@CAC@E@CAE@C@C@A@@@E@@@@@A@@@A@A@AAA@@@@@AA@@@CAAAC@AAA@A@@@@@@@@@A@@@@@@B@B@@@@A@@@@@@@@EC@@A@@@@@A@@@A@A@A@@@A@@@A@A@@A@@A@CAA@@A@@@@A@@@A@@@A@@@A@@@AB@@@@@@A@AAEA@@@AA@AC@A@AAC@AAA@CAAACA@AAE@C@CAA@C@CAC@CAAAC@A@CACAEAA@CAC@@A@@A@AA@@@@@@A@@@@@@@AB@@A@@B@@C@@@@@@@@@@@@@@B@@@@@B@@@@@@@@A@@@@@@@C@C@A@CAA@AAC@AAAACCACAACCAAAAAAAA@@A@A@A@A@C@C@A@A@@@CAC@CACAAAAA@AA@@AA@AAA@CAA@EAA@A@@@@@@A@@@A@@@@A@@@@@@@A@@BA@@@@@@D@D@B@@@@@B@@A@A@C@EBC@A@C@CBCBABABCB@BABBD@B@D@B@DABE@A@C@C@CBCBC@ABABCBABC@ABCBC@C@AB@DAB@B@D@B@BCBC@CBC@ABCBADABAB@DBBBBBBBBD@F@D@DB@B@DAB@BCDABAD@D@DBDABADABAD@DAFECCB@HCDE@GHA@A@@B@@A@EDK@C@AB@BDFGDC@@ADADACAEBC@EAC@OBE@KBKDCJADG@AAC@C@CDEB@AAAC@MACCIEEAABCABE@AA@A@@@@A@C@@CE@B@@A@ABAB@@@@@A@@@A@A@@@AA@IAKLA@AACC@EHBCGA@MACBEGCGCA@K@AA@@AGAOCA@AAAACAOQ@AAAAC@E@K@A@AA@A@CAAAC@AACCAA@A@A@C@A@CACCAA@C@A@CBC@E@C@@@C@C@C@C@CAC@C@C@C@CBAB@DAB@D@D@B@BBDBDBBBDBB@BBDBBBB@@@@@@@B@@A@@@A@@@@@A@@@CAEA@AA@@@A@C@@@A@C@C@A@@@A@CB@@@@A@AACAAAAACAAACCAAAAAAC@AACAABC@CBCB@DAB@B@D@B@B@D@BC@CBADADADADAB@DBDBDBD@BAD@BAD@D@@B@B@@@B@B@B@@@@AB@B@@@B@B@@@B@@@B@@BB@@@B@BD@DABITAFA@AFHBF@BFCFCNIAA@ADHHD@B@@@@NC@GBGFGLADBDFJPBJBCH@BCBEFDDBFBJH@D@D@@RMH@BDD@BCDA@ACCCECM@C@CFCDC@AF@F@DABCD@BB@DNEFGD@D@HA@C@EHBPDBADA@@@A@@FADC@ABAHHHD@BABBBFAB@@A@BBB@@@D@@DIPCBE@I@@BBDB@BBDLHHHNAB@F@HHFF@LGBEF@D@@HBDFDNFBBB@D@H@HAFEB@DBDLFBBBBB@@EFCP@BB@BD@FAFBLDR@BDBDDDPDDCH@DBD@DBBFH@BBFDBBBHCBADBDBFC@@CAAABABAFB@FFHJFDBAD@BHBD@BHHB@@@@@BB@@@BAFBL@F@HB@@@B@@BD@@@@@@B@@@D@@BB@HCTIVBPB@@@@B@@@@@@@@@BAF@P@FEDAB@FAD@J@BDD@@CBAB@H@@@@AFCH@@CHCB@@BFDJ@DB@BDBTDJAFHBBADBBBBBBB@TEDBFBDBFCBAH@DBDBDAFDBF@DAB@BCBAB@L@BBBADCH@DADDNBBH@BAB@DBBDFBHAD@ADCBCB@BJJF@ADDFPDJ@JADADBCHCBE@CB@F@DA@CBED@DBFABAACBBF@BB@@BABEDDDFDD@B@BCD@DBBB@BA@@@@B@@@@@B@@B@@@@@@@@@AB@@@@@@@@B@@@@@@@@@DAF@BFNDHA@A"],"encodeOffsets":[[121074,37263]]}}],"UTF8Encoding":true}