{"type":"FeatureCollection","features":[{"type":"Feature","id":"371202","properties":{"name":"莱城区","cp":[117.678351,36.213662],"childNum":1},"geometry":{"type":"Polygon","coordinates":["@@DAL@LKFCBBBAJG@AAEMCC@CBB@F@DDE@K@MEE@KCDAJKP@@A@ABAB@D@BBFK@CAGQK@@BA@@@@@@B@B@B@@@AAB@DAB@ACB@@B@@B@@@B@@@B@@@@@BCBGB@@@HBBGCEEACBC@A@EEB@FADGBEF@EEECCEHGJBDBBBJ@@AFCJ@HKDA@EFCFJE@A@A@@DFJB@B@JADCBA@IB@FBPHHCF@ABDLBBA@CB@BDBDBDC@CLBJABC@AACGC@A@A@@BAAAA@@A@@@AA@@A@@@AAA@ABABA@GBEB@DDDAFCdGB@DE@E@AACBE@ECCAABCFGJAHCJKD@BA@CHMF@@K@AACBC@EBAD@BBDLDF@@D@B@DMAKCCBCBACC@@@ACE@GBADAB@AD@BHJBBBBJBAF@DBB@BD@DCFAH@BDJCH@B@@B@BA@@@@@@B@@@B@BHAFE@IF@@CC@CBCDBDABA@AAE@DCB@B@HG@AEBAABABBF@BABAGA@@BABADA@AAC@@@@A@A@AA@@@B@B@BAAAA@A@GAACAE@EEAG@EFAHGAI@@C@BCAABCAEDIDEB@DAB@BOEEAEBEBAAAQEE@ACC@@@ADCBUAGAIGEDICCAEGGBEACC@CA@E@CBALMV@@@B@B@D@BCDCBABEFAFA@CA@A@C@AAA@A@@A@AA@@ECECGCK@AAAC@C@EEAA@CCCCQBBE@E@ABEACDIEAGDC@C@A@CA@AA@C@A@@@AB@@A@A@AACAA@@@@@@@A@@@A@@@@AGS@MFAB@@@B@@@@@B@B@@@@@D@BBB@@A@@@ABA@@@@@@AAOIGE@@IEFK@AC@K@GIGBGAAAC@EE@OMGCA@E@IFMBG@ACAGGAAEAC@IAEBEBEGA@CD@@@@A@GA@K@CAAG@GBGAC@AAC@A@GAACBBD@FB@AAABABAD@FKBMECGCE@ABEIBGJQBCFCFADADCBC@O@IEEACBCJQBAFA@@BOCEKMEAIA@ACBCBGFEAYC[@G@]JWLQLMHYLY@[A[JIHGJGTCPILO@IC@@@@A@OGMGOGIDIAAACAEABFCDI@AAGGBEA@AAACC@CACBCBGEIBE@A@EC@@ABCAEDABADFBBBCBADDBBAFBFDADBDCFBDADBBF@LDBB@BCBIBIAE@CDCB@BDHBDB@@@@D@B@@BBA@BB@FDDBHBF@BBDFHHBFFFBB@BCCA@APABBPHDB@HEHAHBBBABBBBABC@GAEBCFKA@CABABMCADMH@D@BBB@BCAA@CDCF@BAB@HG@E@DBBFFDJHBBBDEBAAA@CJ@@D@BFANQ@@BA@A@CBCDIACCICCAAEKCQDGDABC@@B@B@BC@CB@FA@A@ABC@ED@BN@B@BB@JCHBBRBNHJ@B@FBABADALAV@H@BOAMAC@C@@B@FA@AB@DJJ@LKDI@BD@BDBABC@C@@@@FBBBBBB@BAFADABEFABCPBFDFNJ@@B@@@@LCNKJKHKLONGLMZ@LCRIVGXCV@XFVJNAPPOPOPOJGZCTDJPPRPTLHPBTBP@RAN@NBPL@@@@JF@BC@AB@BBBBFBHJ@TPBDCF@HFJBBB@JEREFC@@F@BFF@F@N@JHPF@BFBP@DAD@BBBF@BBBFBH@DBBFFFBBH@BDBBDDB@DF@DDFBBJ@DDHADDPABBFF@BFBDAB@@BA@JHDBDCACBCFCFATQHCF@TCBA@ADAPIFADDB@L@FCBEFARARARDXNJ@DAJ@"],"encodeOffsets":[[120569,37403]]}},{"type":"Feature","id":"371203","properties":{"name":"钢城区","cp":[117.82033,36.058038],"childNum":1},"geometry":{"type":"Polygon","coordinates":["@@@CDGCCCOCCCA@ACQAKBE@EACA@@ADOFE@@AAAAEACKCAA@EFGBG@C@A@AAMEECAC@GC@E@AFKHE@GE@G@EBAGMGGCKAAA@AC@AJ@F@DAJO@CC@@@A@AAB@@@BAAEAAABC@GGBGBAD@BC@EB@@@B@BCCAAOFGD@B@@G@CHCFECMA@@ADCBA@C@EBED@DCDED@N@FDDDBDB@DC@ACC@ANG@QC@C@G@AIAECCFEDA@ADGIAOAEIACBCHKHEHAD@@M@@A@C@GGBCB@JBDMDEAEE@GABEB@BEJSBA@CACA@@@A@@AA@@@A@@@A@A@@@A@A@@B@@A@A@A@@@A@A@@@AHCHQB@BBDGNGBIHC@C@EAKB@BGAE@AAEAGBC@OECACGC@CA@AECE@CDC@G@CCA@EB@BABKDA@@@DGAAEBCDGBAAECC@CHABC@@AG@A@@DE@CCACC@@B@@BB@BCBA@CAK@CBIBCAGEGACE@ADABA@ECACC@C@@CAC@A@C@A@@@AAC@AAA@@@A@AACAAAA@A@@@A@@@EBC@@B@@@B@B@B@B@@@D@B@B@DAHADEBAFDDDDFFGLCDKH@BGHA@@@A@CCAAECOAGF@BDBGH@AA@GDCDE@KFEBGD@@@BJBFBLNDFAP@@EBABIRADBDFF@J@PADCDCBEBEDADIRAHFJBAF@HDFDANELC@ABABBB@BEAC@AABDHBB@D@BBD@HBHAH@BB@D@LHBB@@@@@DCB@FHFAFAJBD@FBBBHHDB@BAHEN@J@FDBNH@PFFD@BBHBHAHJL@D@@BELJF@@HFPJBB@@@@@@AB@B@@@BA@AAC@@@@@A@A@@@@@A@@@A@EB@NHT@B@@B@@@B@@@@@@@B@DBBBB@B@@@BA@@B@D@B@@BDBB@D@D@HCFBCJBDAF@B@FAFRADDDDB@FB@F@DBDBBL@HDFDFD@@BBB@@@@BBB@B@D@BDBB@BEFEBADADC@A@C@A@A@@NUBKDAF@B@@DDDFBHAFHDBJDFCJHHBVBDABC@@D@BDF@RFBBHCDAJ@DDDBH@HAFCD@J@NCJA"],"encodeOffsets":[[120805,37139]]}}],"UTF8Encoding":true}