{"type":"FeatureCollection","features":[{"type":"Feature","id":"430602","properties":{"name":"岳阳楼区","cp":[113.120751,29.366784],"childNum":1},"geometry":{"type":"Polygon","coordinates":["@@DAPI|[TMHOAWFOPIN@LDLFP@N@BBFA@@B@DC@CDEBCBCFBBDBDBD@@FDD@DBFAD@FABADBBBADAD@@@DBBFDFBBBDAD@D@B@BBBBFBJBF@FDDBB@@@D@D@@@D@JCDAB@@AAACGAEAC@ABCBCBCDGBCBEDK@CBEBCCGC@EACA@AAAAECACAA@CACAEACAAAACAE@C@C@E@CBCDADCDAD@FAD@F@F@D@DBD@B@DCBAFE@CBAB@FADABCAA@CAABEBGBCBGBC@C@C@AAEAE@I@GAKBA@A@CCECCA@@@A@AA@@@AAAAA@A@AAA@CAA@@AA@@A@@@AAA@A@AA@AA@@A@A@@B@@AB@BE@A@A@CAA@A@@A@ACA@@AA@AA@@A@C@@@A@@@A@@@A@AAAAECACAAAB@@ABA@A@@@@DADAB@BCAC@@@AACGCAA@A@ABABCBABA@A@@AAA@@CAA@CBA@CDCD@@AAAAA@@@ADA@ABAAC@CAABC@AB@BA@A@@@ABD@DB@B@B@BA@A@C@ABCBADAD@B@BABCBCBCBCFABC@AAA@A@@BADABCBAAEAAA@C@A@AA@CBCDMJCBCDE@KAICGAE@EDCB@DABCBAD@DB@DBBB@@ABAD@B@D@DABA@A@E@EAECEAAA@CBC@CAAE@ECC@A@CDGFGBAACA@AAA@CB@DADA@A@ACAEEAABGBCDCFCDC@E@E@CBEBE@EAAAAC@@@CDA@C@A@CFEBC@C@EAGCAAEBADIVGNABGBAB@BBBBB@DADADC@CBCBEFAD@BB@@BHAB@DD@FADIPCDABC@CACC@AACAAC@I@IBABABAPCJAHEFCD@@IFCFBHHTCHBFFLPRFNDRBDBF@TDH@BDDB@JFTFRJJHJLFBJJHFFDBDDD@F@DBP@D@BAN@BJH"],"encodeOffsets":[[115870,30163]]}},{"type":"Feature","id":"430603","properties":{"name":"云溪区","cp":[113.27387,29.473395],"childNum":1},"geometry":{"type":"Polygon","coordinates":["@@RGPGJ@HDJNFJ@BBDBBH@BC@CA[@EFCDBDHDH@@D@LCHELKFKNINAJHBNAJALBFFBLALCRIDEFAB@BAD@@ADAB@@@BAB@B@@ABABA@AACAACAECA@CAKGKIO]GGCAE@G@MCCACCBC@AFANBH@DEFGHCTA@ADADAFAFCDAB@BAJI@AAA@C@CAIAAA@OBGDGDIBEBC@GEEIEEECCECAE@E@@B@AABIBEACE@ECO@A@A@CAE@C@AGCMBMBOCOAC@E@CA@EDCJ@D@@AJ@NBFBD@DABC@AAABCDCB@B@@BBBBBBABA@GAGACECCCAC@ABCHCH@FBDBFDD@DADADC@I@CDCHCDE@AAEOOCCCBCDCFCDCBCBAAAAACCEAAAAEBGDCDCBA@ADC@AACA@EBE@CCCCECEAEACA@C@@B@@ABABC@AAA@CA@@@@AB@B@BBB@DA@ABAAAEAACCAA@@ACA@CAECE@IAEAAAAAA@C@C@CBAAEAECAA@C@@BCBCAACAABEBC@EBCAC@EC@@ACACACEAADADCF@DCDA@@@EBAAM@O@KEKCM@OJEPBXGPSN{\\OJCBDDvzhxdtFJPLvdVPHHBD@B@FFLDJDBhdTX"],"encodeOffsets":[[116028,30337]]}},{"type":"Feature","id":"430621","properties":{"name":"岳阳县","cp":[113.116073,29.144843],"childNum":1},"geometry":{"type":"Polygon","coordinates":["@@A@C@EACBA@CCEEO]GKKEMBWJKBGAECGCKCGAGECMGEA@A@CFCFC@OBIEECCACCACAA@CBA@CACACA@EEAAEG@AAA@ABCAC@E@G@K@E@E@CCCA@CBC@EBEBEACACAC@CB@HAD@DADABE@AAACBCBCBC@CCACAE@CAE@CBABBDHFFFBB@D@BCDCBC@EBC@EAAAAC@C@CACAC@AACACCAECGACACAEBC@CBG@G@C@CACCMIEACCCBABADCDCBE@EBC@ABIAMCEAK@AB@DCBCBC@CD@HADABEBA@GAKAI@C@CB@DCHC@AAC@EACCGAC@C@G@CAAAACACCAECCACACBC@C@ACCCCAAAE@C@CBAFABADEAE@EBC@EDCDCDCBADEBE@MAKAK@E@A@EBABCD@DBFADADCDEDEDCBEBCBABCAECEGCCE@E@G@CAC@CBIDGFCBE@ABCAECECCACAC@EDEBCBGAGAAAAC@A@CBCBG@CACCAGCGECCCAACEAC@G@AAEACCACAACCEBGDCBCBA@E@CCAACCCACD@BBJBDADADABC@C@ECECACCACACAC@CBEDE@EAC@CDCBAD@D@BCDE@GACAC@CBEDEFGFIHGFG@CBC@CBABABCBABCBCBC@CBCBGDEFCBABABCBAB@B@BADCBABA@E@C@C@CBC@ABC@AACAAACAA@E@C@EDCBEFCDADABCBAA@@ACA@CBABC@C@C@CAC@CDCBABC@A@C@A@GACAC@A@EDA@ABCBADADCD@DAD@HAD@D@B@F@DAD@D@B@DAFADEDGBSDAIAEIQEICGGBABCDGDIFJNLTGBC@EBABAD@NAJCLK\\CPAH@J@NAR@H@HAJ@@@F@F@B@@ABWDWFCBGDMDEDGBOA»QIBGBAFC@EDFJJNNN@D@FEDULG@C@ECEEEEA@ABDF@@BHBHDFBH@FBFBHBFBFBHBF@FBF@FBF@FB@PZ@F@HCH@BBB@FBD@F@D@FBDBHBBBF@F@D@HBFBFBHDFBD@D@HDHBDDHBHDHBDBFBFFLFJPbF\\BL@JCPK`EX@HBDBFBDDD@D@BC@CBGBCBA@@A@EACACAACA@A@@A@@@CACCACA@AAC@A@A@C@CB@DAFEHA@CB@@@@CD@B@FAB@D@DC@ABC@GCIEAAAAC@GDED@B@B@B@F@@@@FHBB@D@B@D@JFVFVDDHHZPPHLBFBLAB@NMLMPIFEHGHEJEHCLCNCHANCNCRMi\\OJIPQRQ\\UJGFGBGBO@CDEBC@ABY@ODCDAL@PBFDFBBDBHC\\@HBHDDBDbJJAPCD@HBHFLFDBPJBBB@B@@B@@@@@@BA@@@@@B@@@@@@@@@B@@@@B@BBB@@@BB@@@@B@@@@@@@BA@B@@B@BBB@FAB@BBDBB@@BBFBBPHB@@B@@B@@@@@BBDBDDBBBBBBDBBBFDFDDD@@@@B@A@@@@@AB@@@@@@B@@@B@@@@@DDBDBD@BBB@@BF@@@BARBAHAHD@ABM@A@CAO@C@ECCACECGEIIEAIKIGQISEIEA@CC@ACG@SAEACCQEMOQEKAEDGGSAGDEJE@@DCFEBGDIBOBABAJAJ@D@BBBD@BDDDBD@BADCJOBC@ECCA@GB@AA@@ABCFEDADAD@BCBC@CAAAA@ABAHABAHMJUBCFABBHDFBD@D@FADEB@D@B@DC@@D@BBBB@FAFAF@D@F@FCDEDCDADAHBBFFDB@B@BCBCBA@@DBB@BDBBBHAHEDCB@D@FDF@BB@DAD@DBBFBFDFBF@B@B@BA@C@C@ABCBA@@AACAA@@CBCDABA@CDAFCF@HBJDLBF@DCDANIDCDAB@@B@B@DBBFBBBDABABC@AB@B@BBD@BADEDADADABA@A@ABCBCDABAD@B@B@@A@A@ACAC@BA@@B@B@@ABAD@BADBD@BBBAB@BC@@B@BBBB@@DCDCB@DAB@DB@@BB@BB@B@BADABABAB@B@DBDHBB@@D@DB@ABABC@C@@B@B@BA@@BACCAA@ABCDCLAF@D@BB@BB@ABA@A@AB@BBBBB@@FAB@BA@@NAF@DA@AACE@AA@C@C@EDC@E@CAAAC@A@AFIBCBABABBDBBFBBD@HCHABADCBAB@DBBDBDDFDDB@D@HCFEB@DBHDD@DAFCD@FCDAFEB@BAH@DDFDDDD@DFDDDBDBDDDDBDDDDDBDBDBFDDDBFBD@DBDBJDHBDDDBDDBDDBBDDDDBFDBFADCBADCD@DBDBDDFDBBBDBBBFBFDDBD@B@HAHIDEBCDED@F@B@B@B@F@F@DBDBFBDDFBBDBDDDBBFDFBFBFBDBHCDCBEDCDABAB@FAFBB@FAF@NBHDF@DA@@FIFKFGDADBBB@@FC@ABADAJAFBF@LAD@D@DBB@DADABC@EBCBC@@FEBCDE@CDABADCBABAD@D@DAB@DBBB@D@DBBDBD@D@FAHDD@DBD@DAHADAFI@C@CAEBG@GBG@E@ECICCCCACACEECCACA@C@EACCCCGECECCACBEBIBAFADABA@A@AACAC@G@CBEBCDEHCHAFADA@C@CAEBEB@FGDEAE@C@EAC@G@AAKACAEAE@CBC@CFCDAF@F@DBFBDDFBBBBF@FBFBDHHB@FDDFFDD@DBF@DABC@AACCIACCEAE@GDKBAFEBCACBCBEDCBA@A"],"encodeOffsets":[[116467,29759]]}},{"type":"Feature","id":"430611","properties":{"name":"君山区","cp":[113.004082,29.438062],"childNum":1},"geometry":{"type":"Polygon","coordinates":["@@BQ@A@@AE@@AA@AACACCC@@@@A@@@A@@@@@@@BA@@@@B@A@@@@@CCECECAACAAAAAAACCCAAA@@@@A@@@@AA@OGAAAE@AA@CAAAA@EBA@AAA@@@@AAB@@@@@@A@@@@@AA@@A@AAA@@@@@@A@@@@@@@@@A@@@@AB@@@@@@@AA@A@AAOICAKEGEGAC@ODIBaIACCCAG@GD[AGACEAECOAK@CBCD@PAZ@BADCF@DAPAHEHIH[VQRORIJ[PjQNMDMDGBMDKDGDIFGFGHEFOJKNMNA@KBEAKAOGYOGGCCEUEU@I@C@A@CAAEG@@@@@E@A@A@AFCHCD@BBBBJFHDD@BAD@@C@CBA@E@ADC@@@@DAB@FGBE@CDA@[W@@AAAACCE@E@@@K@ICAEBEDGFMAOAIYYOUGGIAQAMCKAG@@@CBCLFPHP@NCHGFEHCDCN@HFJBH@B@DADCFEDCDCBCBA@C@AB@BBHAD@BGFABC@A@C@CAE@GBCDGHAFCFODKBKDIJADCBADCB@BABGJCDCDEB@BA@@DAD@DADAB@B@B@B@@BBB@@@@B@B@B@DBBAF@B@@@@ABAB@BA@B@@BB@@@BAB@@@B@@@B@@@BAB@B@B@@@B@@@@BB@@A@@@@@@B@@@D@B@BA@@B@@A@A@@BA@A@A@@B@BAB@BAB@B@B@B@@AB@@@@A@@BABA@@@CB@@@@@B@B@DAD@B@@@B@@B@@@BBB@@BB@@@HEL@HBDBBHFHBD@DBDDBDDJHLBFFN@@BH@BBBTjLHDDB@B@BADADEFCBABABC@A@EBABAB@DAB@FBFBBBFBB@DBDBBBDDBDBF@D@FBDDBHBDBDBDBFBDBF@DBDB@BBBADABCD@D@D@BBD@DBB@FDDDDDBFBBBBBDBDBBD@B@DBBBBBBD@BB@B@BCBABCBADAD@DBDBDBBBD@DBFBF@BBFBDDDBBDBB@DDD@FBDBJBBBBD@DBBBBBD@BBBDDBDBBBD@B@D@D@F@D@BBDBF@BAFBB@DBBABADEHEBAD@DCDCFCDCFAFEAAEG@G@IFKT{BIDUHYLaDSDOD_BABEDSFMLGRAJBHFR`RTVNdX`PTBPALCHEFMJcFWDW@KB]FYDGLEH@FBHDHHDJAPALAF@@D@DBB@D@B@DCDADAD@F@F@DBD@D@DBFADCFABADC"],"encodeOffsets":[[115856,30159]]}},{"type":"Feature","id":"430623","properties":{"name":"华容县","cp":[112.559369,29.524107],"childNum":2},"geometry":{"type":"MultiPolygon","coordinates":[["@@OLgXEDIBODBBDDD@JFJBD@N@BAREJEFCNIBCFGDG@IAG@EACKLED"],["@@DADCBGDG@EBC@GBMA[Gc@S@MBEFGDCDADAD@@@FBFBDDDDDBDDFDDDDF@BBFBFDFBDBFBFFHBFBDBB@FDFBFHJ\\RVRJPHJNHFBH@FEDE@@@IK[GgEQESIQIOSQgYIKIKACCAEEEACAECCAECC@US[WKKEFEBCDEDCDCDC@ABGFCFABABCAA@EAABE@CAAAC@E@C@C@A@C@AACACAACAAC@AAAACAC@AAAAAIAC@ECC@CAAACCACCEAAAE@EACAC@AACACACAC@CBABADABADA@A@@AACAAAACAA@C@AAACACAAAAAECCCCECA@CAC@AAC@C@C@ADCBABAAA@AC@CAEACAEACACACAGCCEAC@E@CACAACAAAC@CAAAEAAAE@EBA@CBABAFAB@D@BABADAFEBCBC@A@ACAGCiKSAA@AAG@@EMAEGKCIACCCCAC@GAGEAAAC@GFK@G@@AA@@AA@A@@@AA@@@A@C@CBA@A@@@@@A@@D@@ABAB@@@B@@A@@BA@A@A@A@ABA@ABA@@@@B@BAB@@@B@BA@@@ABA@C@@@A@@@@@@@@BA@@A@@A@@@A@A@A@AB@@A@@@A@@@A@AB@@A@@AA@B@@ABABA@@@@@ABEAA@C@A@A@A@@A@AA@@@A@A@ABABC@CBC@CB@@AFADCDCHIBA@ADABCDABCJILCLAPCDEBEHGDCHAF@DBD@B@D@BAHE@ABCAG@ABAD@B@DADADCFCDEBC@C@AAGEI@GDMDCFGHEDG@MGOEODKDA@@H@LBNDRBJBHHPVZZBJBPENCHAFBFJDL@@@F@F@DDBBBB@@X@\\D@B@B@D@BBB@BDDDDB@@B@@@@BDBBBBDBD@F@BB@DAHADAD@@A@CCCACAEAC@GFWL_DO@IAKE[OaEIEKAEAEACCGAGCGACCG@G@CACCEAGAEAE@G@C@EAEAAAGAC@E@C@EAC@EAA@ADG@G@EOYA@@EAE@EAE@EAEAGAEAEAGAE@EAGCEAGAG@@CEGGEGICIAICA@AAA@A@A@A@AAC@@@EAA@A@A@A@A@@@A@@@A@@@A@@@@@A@@B@@AB@@@@@@A@E@EB@D@BA@ABABA@ABA@A@A@A@@B@DABADEDEDC@AACAC@ABA@A@A@@BA@ABCBA@CBA@ABA@ABCBE@E@G@AAABABABAB@D@DAF@B@DBDBDBBBD@DADABADABAB@D@DBBBDDBDB@DBD@D@BCBA@C@@B@FBB@B@B@@DBFDFBDDHDBDBFADABCBABCDC@ABABAD@DADBFBBDBB@HDFBBBBDFFBB@BA@ABC@IJADA@A@@@A@@@AACACBABCBADAB@DADABAB@BA@@@ACA@CCCCA@A@A@ABADCDAFIRCJEFEFCDGFGDEDC@G@K@KAICGEKGOKGEIKCGCECCEAC@C@C@@@IBIBA@CBEAA@ECAAA@CBC@IF@@EDIDKDE@GBI@C@C@EAC@C@CBEDEFAHAFADCF@H@FADCFEFGDIFQHGBEDGBIDKDEB@@E@A@A@@BCBEDKHIFGFGHGDEDEFMLMJGHAF@BAD@DBJBJBHABAFADGFUNEBAB@BAB@D@B@F@F@LAF@@A@A@A@AAC@CACACAECC@AAAAECAA@CAACACBC@ABEDCBCB@@AD@BAF@F@HAHAHAH@F@DBB@DBJBB@D@DBHBFDNBF@D@@CBEDGDEBABADCD@D@B@@@B@B@FBHBFBFBDDBD@@BDBD@DBF@B@FBFAF@H@FAD@DA@@D@D@D@B@DAD@D@B@@@B@B@B@BBBBFJJLBFDBHHDDFHB@@ABG@@BADB@@BBBHB@@B@BBD@D@@BB@@@B@@BBB@F@DBBBBBBBB@BDBBBBBDB@@BBBBBBBBDBB@@BBBDBB@@BD@B@D@D@D@D@D@BBD@B@B@BBB@@BBB@@BBBDDBBBB@@BD@BBB@BBB@BB@@B@B@@BB@@@@B@@@@@@@@@@@@@B@@@@@@@@@@@B@@A@@@@F@B@DBDBBBD@DB@@B@B@DAB@BAB@BAB@BABAB@B@B@D@BBFBB@D@D@B@B@B@BAB@B@BAD@DAF@D@DAF@@AB@@@BA@@@A@@BA@A@@@@@A@@@C@C@E@@@A@ABA@ABABAB@@@BA@@@@@@B@BAB@B@@BBAB@@@B@@ABAB@@@B@JCHAFAFCD@B@BA@@@@B@BBD@B@B@DDBDFBDDB@BB@@@DDBFDDB@BB@DB@BDBFDDBD@BBB@@B@@J@FADAFAF@D@DABADADAHADADAB@DC@A@ABCB@HBBBHDFFFBBBD@FADAAAFCDCB@DADADCDG@@BABCBC@ABCBCD@BBDBBDBBD@BDD@F@DBB@F@D@D@DCBCBC@CBABCDADBBBBBDBBDBDBD@B@@AD@BB@BAD@BB@B@BAB@D@B@BB@D@DBBBBDAD@BAD@BBBDFBBBDBBDD@DBBB@DBBBBBDBBD@F@D@B@D@D@BBDDDDBD@DBB@BBFBBABABAACAC@CBADAD@DBDDDDB@BBBBDBBBBBD@DDBDB@BAB@B@D@B@BDDBB@BDBDAD@D@D@DBDDBDBBBD@D@DBDBB@BBJADAB@DD@BABADAFAB@D@D@DBBDBB@D@BBD@DBBF@DAHADABADADBDDBBBDBBBDBDBDBBDBDABABCAABABCBCDABABADPDBBZPRNVTRPfXPFVBRAJCLCVMLGLGBA"]],"encodeOffsets":[[[115640,30489]],[[115634,30481]]]}},{"type":"Feature","id":"430624","properties":{"name":"湘阴县","cp":[112.889748,28.677498],"childNum":1},"geometry":{"type":"Polygon","coordinates":["@@TMPW@OQaKUIWCSBOLSZgDQ@OE_AQJ@F@FFFDRADCDCDCFAJ@B@@@B@B@PHF@PEHAFCDCHCLCPB@@H@FAD@FAFAFCBADEBAB@@ADAFCDAB@@ABCBGDCBAFCHCDAFCDABABCBAAECAACCAA@@CBCAACGCICEAEAE@A@EBABEDCBCAC@C@A@CDCDEBEHKBC@AACCECGCCIGCEAACAAAE@CBABABADCDABABC@CAAAACACCACAEACBC@E@C@CAC@CAEAICEACACCBCFAFABA@CAC@CBCDADABEBCBCBADCF@HARIHCF@F@FBF@D@D@B@DCBEDAD@FADAF@HAF@DAFADADABC@A@CCACAC@C@C@CAACACCACACC@ECK@GAE@EAAAAACAC@AAC@CCACACACCCCACACACAC@CBA@CBCBABCDE@CBA@C@CAA@AACAAACCEAAAC@CBCBC@CACAC@C@CAGAACEACCCCACCCACAC@CCEAAAEBE@C@CACACACACAA@CAC@C@AAECCCCAAAC@ABABGHEFEBABA@ABA@A@C@C@CCEAE@A@I@C@C@A@ABCBAB@BABAB@BABA@@@AAA@ACEAEAE@E@A@C@A@AAAA@A@CBCBE@CBE@A@C@AAA@@EBA@ABC@@BA@@B@D@BA@CBA@ABCBEDA@A@C@CAGAK@A@CBE@ABC@A@CAA@A@C@@@AB@B@B@B@FBDBF@BAB@B@B@BA@@BC@A@A@AAC@@@AAAAACAEAAA@CAA@C@C@C@C@C@ABC@AB@BABABADAB@B@BAB@DBBADBFBDB@BBJHDHHFDHFD@DB@A@@BC@SCQGUIGEKOMKEEEKAKGAA@C@@@AA@CBGA@GAIAIAG@GBCDC@K@EDGDMLIDMDA@ABCB@BBFDF@BA@@D@@AB@D@B@DB@BFBBHDFBDBB@DFB@D@D@D@D@B@@BDDDBB@B@BAB@D@FBD@BBDDFFBB@BBBBBD@@B@B@@@BCDABAHCDEFABA@@@ICCAA@ABABCN@B@@B@B@D@BBB@@@@B@D@D@B@BA@A@CAC@C@CBADABA@A@ABE@A@CAA@CCC@CAE@C@C@A@A@AA@A@CGKAGAAA@A@A@ABGDA@CAEACACACECEGOCEA@A@C@A@AAACA@EAC@AA@A@CAC@CACCCCAGCGAEACAGAEAE@E@CAEBC@C@CBAB@@AFAB@DAD@BABABCDABCBA@CBIBGBEBGDCB@@@B@DBDBDDFBDFHFFDFB@BDDBFBB@@BBB@B@B@B@@BBB@B@@@BD@B@@DB@BBB@@@BABCBA@AB@@@BBBDD@B@BABCD@B@B@HBD@DBDBDBB@@ABA@E@CBCACAAEAAAAC@ABCBCBGDABAD@DADCBGHAD@DA@C@AACCCAEAG@EBE@A@ADC@C@AB@@@D@BABC@ABEBEF@@E@ABGDHHHFFHDHDRBJAVDRDFLHJBJBHBHFFFBBADAFCD@DA@BB@BB@D@DBB@BBDA@@DAB@B@FBBBFDDDDBDBDBBBDBB@B@@@B@B@@@@@B@BBB@DBF@DBBBB@B@DABCB@B@BBAH@H@HDHDDLLHHBF@F@FD@BBB@HBDBBDBBHBFBBBB@BBDBD@HAD@BDFBD@DADCD@PDDBBBB@BBBD@D@@@@@BC@AB@@AB@BBB@BBB@B@B@D@FAD@DCDEDCBAB@DAD@F@DCFCD@D@D@FFFFFFF@B@DBH@BBB@BBB@BBBBBDF@@BD@BBDDDBBHHBBFBJ@D@H@JBJBJBB@D@D@F@D@HBD@BBD@DBB@FBBBDBDBBBDBBBDBB@DBDBB@FBD@FBDBD@BBFDFB@BBDBBBBDDFBFBJBJBB@B@B@B@BBBBHDHDJDNFNBZHTLJPXTPVDVDT"],"encodeOffsets":[[115586,29680]]}},{"type":"Feature","id":"430626","properties":{"name":"平江县","cp":[113.593751,28.701523],"childNum":1},"geometry":{"type":"Polygon","coordinates":["@@DAD@F@BBDBDDBDD@D@DADBDBFDDBBDBDBBDBH@D@D@HBDDFBD@BBD@DG@CDAD@J@LBHBB@FABABC@GDCD@DADA@CBAL@FBNDJBBAD@FAF@DADCBCBADADDFBNJDDDBD@H@H@DAD@FADBDBHBFDDBBDBD@BBDBD@D@DBDBBFBD@FAD@DADC@A@CAAEEGEACBADAF@DBF@DBDB@DADADADBDBBF@BABC@CBC@GDAD@DBDBFBFAFAD@DAB@DD@D@F@F@L@H@FBDAD@BBB@BFHBBFFB@BDBD@DAB@DBBBDDDDBFDJFPAD@DEDEB@B@HFDNHFHBLDHDFDHBLAXINALFHLP^FFDDB@DAFBD@B@B@BABADAF@FBDDDFDDBDDDDFFDDFBBBBBJ@B@D@DDBDDFDFBFAD@DDDBHDBABAD@DBHDHBJBHDDBF@F@DAD@FADABADEBCDCFEBC@EACAC@EAGCAAE@CFCDAD@DADADADCBCDAD@D@D@FBDBDDFDD@DBD@J@DAFBD@@CCAACCCACCG@EBCDEBEAEAABC@AHCD@JADADADAB@F@FBD@F@HADBDD@BBFHDB@DBFBDBDBDDFDD@DBF@D@B@FEBABEACBE@C@A@A@CAE@EAG@CBCBCHEDEBCDEDCFC@C@ACIEKAC@C@C@A@ABA@CBCBE@CFOHWBG@AB@@@BADAFEBA@@B@@@BBFHDDDFDBDBHDF@D@D@DBDBJF@A@@B@@@@@@@@@B@@@B@@@@A@@@@@@@A@A@A@A@A@A@@@A@@@A@@@C@A@@AA@A@A@CACAI@@AGAA@A@C@G@ABA@ABB@AF@B@DBDAD@BCDADCDEBCBGBEBI@CDEBBBDDFDFFHDDBBDBD@D@D@D@DADABADAFAFEDGBKBE@EAACACACCAECCAC@C@CBCBEBCDEBC@CCA@C@C@CBCD@D@DBD@BA@CBC@CDABEFCHAF@D@D@F@D@DAFBDBDBDBFBHBHBDBFDLBD@FCAC@EBABEDEDED@D@D@FBBBDDFFBDBBDC@CBE@EAEACBABCBC@CAGAC@IAEAAACACCCEAAACCAA@C@CAAACAEDCDADAFCFAD@FC@@BCBEBC@EAGCGAE@CAC@C@CACCCAAAC@A@CDCBE@CACAC@CCCCAACAC@IAEAEE@E@AACAE@CAACCGAE@ABC@C@C@C@CDCBAHEFE@AACCEAEBCBABA@E@C@ACCAC@C@ADEDAAEAAAACCAE@CAAAACAAC@C@EBCBAFADAFQCCACEEAAAC@CACAEECACA@EAC@C@CAC@CACCAEAEECCCAC@C@C@CACCACAC@CC@C@@CAE@C@C@C@C@CCCAAAACCCGACAE@CAC@C@ABCBCDABCBEBEAGCAACAGEAAE@E@CBCBAB@JADADADABEBCB@@GFGDC@ABA@A@@@AACAE@C@A@A@EBC@A@ABA@A@AAAAACCCEKAEEMAAEAKEECEIAACCCCCA@@ABA@ADABABABAAC@GCUEAAEBE@CBCBA@CBA@@@AACACCEEGGCCAAA@C@EBCBABEBEDIFCDEDCDABABABA@CAAAEAECECCCACAGCECIEMCEAC@A@A@@@ABE@CACAAA@CCA@AACACEEOCI@AECQMEACAA@E@EBC@C@A@CBEAIGECEAG@C@GBE@ICKAGCKCIAGCCAA@CCACAAGGAKAACAGAQAA@GFGFAB@@CDCDEDEFEBEDCBCBCBEBC@EBCBA@E@A@AB@@A@@B@B@@@BB@BDDBBB@B@BA@ADABABA@CBAB@BABABAD@BADABABABABA@ADA@A@CDABADABA@@B@@A@A@CAC@AB@B@BABADCDAB@@ABEBA@CBCDCDCBIJCDCDCDEFGHEHABCFEDAFADCB@BABABABA@ABA@@@CAGAEC@@A@C@C@E@A@A@AACAAAAC@AAAA@AAA@A@CBC@CBC@@@CBE@GBEA@BA@CDCBADCBCB@BA@A@A@A@A@C@@@C@A@A@@@ABADAB@DAB@DAFAH@F@DAD@BADABAD@BABABCBCDEBEBIDCDC@ABABAB@@@B@BBBAB@DCDCFEDCDCDA@@BA@A@A@AACCACAACA@@CBA@A@AB@BABA@A@@AAAAA@AA@A@E@G@G@AA@@@AAAACAC@C@A@AAA@@A@AB@BAFAD@DABA@@@ABAAA@AAAB@FBJBN@DBBBBBBB@@B@B@BCD@BAD@BBD@BB@D@B@B@@B@@BD@@BF@FBD@D@B@B@BABA@AACAGAGAC@A@@@A@EBEBEDGFIFOFE@C@CACAGCCAGECC@@CCCC@KACEGECC@@@@AC@C@GDE@KBCAOEA@C@A@@@C@ABADAB@B@D@DBHABABCBEDKBM@ABGBA@CBCBC@CBCAA@A@AAA@AC@CAAA@AAA@C@C@C@A@C@@@AAAAAAAAA@C@ABC@ABC@@F@DCDABAB@BABA@@BBB@BBBBB@@ABADCD@D@DAB@BCDABCDA@A@CBA@C@A@@B@@AD@B@@A@C@A@ABABABABAB@B@@ABA@ABAB@BA@A@ABBB@B@@A@C@GAC@C@A@CBA@CBABABA@A@A@A@A@ABC@A@ABA@AB@@@B@B@@@B@B@@A@@BB@@B@@B@@B@@BB@@BB@@@D@B@B@@@B@@@@@B@@B@BB@@@@@B@@A@AB@B@@BB@@@@AB@@@@ABA@@@@B@@@@BB@@BB@@BB@B@BBB@BB@@B@@@B@@AB@B@@@@BB@B@B@@@BAF@@@@@BB@@BB@@BB@@B@@AB@@A@AB@@AF@@@B@@DDBB@@B@B@BBBBBB@@@@@BA@AAA@@@A@@@A@@@@B@B@@BB@B@@AB@@A@A@@B@B@B@BAB@@@B@B@B@@@BB@@B@@BBA@@@@@ABA@@@A@@@@B@B@@AB@@AB@B@@B@@B@@@BBB@B@@@B@BAB@BA@@@A@AA@@A@@@@BA@@BA@@BC@@@@B@@@B@B@@@B@B@@@BAB@B@@@B@@@B@@BB@BB@BBB@BB@@BB@B@B@B@@@D@BAD@B@B@B@B@@@B@@@B@B@BBB@DDD@DBBBB@@B@@@D@B@DAB@BAB@B@D@BADABAB@B@BA@ABA@CBABCDEBCB@BAB@BADABABABADCBABAFAD@D@B@F@D@NBDBD@BBB@DBD@BBB@BAFCDAFADAB@B@BBBBBFBFDFBHBB@DDBFJBDBBBBBBB@BBB@BB@DBBDHBD@B@BABADCDABCD@DAD@DBDBDBBDBD@BBDAF@BAB@DABAB@B@@BB@NBH@F@FAB@@@BAB@@@DA@@DBD@JFHDDDFFBDDDBBFBDADABADGFGLSHIBADAHBJHJHNNDFDBHDNHD@DADCD@DBFHDFFFDDDBD@DEDEBCBAFADDDBBBBD@DADAFAHAFABCDCDEDGFIDCBGDGBEBGBCBC@EDADAFAB@DBFFHBFAD@@@BAJKFMLCH@DFFJH@B@B@DAFADADCDADCDAD"],"encodeOffsets":[[116109,29654]]}},{"type":"Feature","id":"430681","properties":{"name":"汨罗市","cp":[113.079419,28.803149],"childNum":1},"geometry":{"type":"Polygon","coordinates":["@@JEHCDCBAHADHFJJRBFBJTCHAFCBCBE@C@A@CBC@C@E@A@CBC@GBC@CDCBCBCDABAB@FCB@D@DBHBB@D@B@D@BADADCD@DBD@D@D@BADAB@BD@@BBDABABCDCFEDAFCD@F@B@DBBBDBBBD@BAD@DAD@D@F@B@BADABC@A@ABADABABADAFEHCDADAD@DADABADABABADAD@DAH@HEJGHEFEFCDAD@DBHBF@DC@A@CBCDADCD@FBF@FCDAD@DBDBDBBDFDFDD@D@BABCBCACAI@ADCDBDDBBDDF@B@DADAHCFADDBBBDDDFBBBH@D@FBBDDBDDHFHDDBBD@DAHAD@D@BBDBBHBHBDAFAFCD@DBDBFDFDDBBAF@DAHEJCDAD@DBH@F@F@DDFHFDDBBADAFADAFCFCDCBCBCAE@CDCBAFAB@F@L@LBNBF@FABCDADCDCFCD@FAF@FBBCBABEBCDCBCDCBCBCBE@C@A@AIGEE@CDGNKLEBI@A@@BCAEEGAE@CBABEBCFCD@DAHAFAHAHCDAJCHEFCDCDCBABEBGBEBC@CACAACACCEBABADCFCFC@CACCEECEEGCAC@CDCBC@MGGCCACEMMIGIGGACBABGJKTEHCHABCBCBEAAACCACEECCGCIEC@CA@@CB@@A@AB@@A@EBE@G@MAA@@AA@A@ABCBA@ABE@CBAAC@CAAAACAC@CBC@CDCBADCBCBA@A@AACCGAA@CAAA@AAA@AAAAAAACEICA@CAAAGCEAEAEAAAAA@A@CBEBCBEDABA@AAC@CAA@AAC@CAMAC@E@A@C@C@EBABABCDABABABCBABA@ABA@ADCFADAB@DAB@BABA@A@ABCBABC@A@A@ABA@CBA@C@@@A@@@AAAA@CCC@CAA@A@A@A@@@A@@@A@A@A@ABC@A@C@@@A@A@AAA@@AAA@AAA@@AAA@@@A@@@A@@@ABA@A@@@A@A@@@A@A@@@A@@D@@AB@@AB@@A@@B@@@BBB@@@B@@ABA@A@A@@@AAA@A@@@AA@@@@ABA@@BA@@@A@A@@B@@@B@BA@@@@B@AA@@@AA@@A@@@A@A@A@@BA@A@A@A@AB@B@@@BA@@@AAA@@@A@A@@B@@@B@@@B@BBB@@A@@@@AAAAAAA@A@@@AACC@@@A@@BE@@BAB@@@BA@@@AA@@AA@@AA@@A@@@@BE@A@@@A@AAA@@@@@ABA@@@A@@@AA@@AAA@A@AAA@@AA@@AA@@@@@A@@B@BA@@@@BA@@@@AA@@@ABAB@@@@A@@@@AAA@@@@A@@@@@A@@@A@A@C@@AA@@AA@@@AA@@@@AA@@AB@@@@A@A@@@A@A@@BAB@BAB@D@BAB@B@B@B@B@BABADAB@DAB@D@D@HBD@B@@@@AAABAB@B@@ABABAB@BA@@@ABABABABABAB@D@B@@@@ABC@@@AB@D@@G@A@A@CBE@C@A@CAACAC@CACACAEAAAC@CAAAA@AA@AAABC@ABGBE@C@C@ACACCECCACCACA@AAE@A@@AAAACAACAC@EAC@AAAAAA@A@ABCDGBGDEBC@CCCAECCAC@ABA@ABAB@DAFBBAB@B@BCBCBCBEBABA@AAAAACAAAAAA@ACBC@CBEAACCEIAAACACAC@CAK@GAE@C@ABABABC@@@AAA@AA@CAAAC@AAA@@A@CAA@AAAAAA@A@A@@A@AAC@ABC@C@A@@AA@AAA@@CACAAAC@CAAAACCAEACACBC@EBA@C@C@C@C@AAC@A@A@ABA@AD@DBF@BBF@B@BBB@@@F@DBDAD@DAD@@CBC@EBC@C@C@CAAAEBCBIBCD@BAB@BC@ABABC@@@A@AACAEACBCB@B@D@DAB@DEHEFABABC@A@C@ACCAACAC@CAG@AACAECCAAEAAACAAAACCCACEEEEECC@ABC@A@C@C@CACCCACACEAAAEAA@AEAKECAICICEAGCE@A@@@C@ABAB@BABABA@A@EAEBCBCBABCDEFCDABAB@DB@@BDBDBB@@BBBBB@B@BBD@BBB@BDBBBD@@BBBB@@BBB@@@BAB@BABAD@B@B@D@BBDDB@DBB@B@D@B@D@B@@@FD@DBDBDDDBDDBDDFBBBH@D@DBDBD@DADAD@DBDBBDFBDBBBD@BBB@D@DAB@DCFADABAD@DAB@DBDBDBDBDDDDDDBDBDB@DBD@BBDBDBBBB@FBF@HDL@FDDDBDBBDBDDBD@D@D@DBDB@D@BADCBCBEBCBE@GBE@CBEBC@CBAFCDA@C@C@E@EAE@E@GDQJGBE@CDABADADAFCBCBAD@DBD@DABEBEBADDDDBFBJDFBDBD@DBD@F@D@DAFBDBDBBDBDBBDBD@BABADCBCBABADAF@BBDBBBDFJHDDDHDFBD@BADGLAFCFCD@D@B@DBDADCDAFAB@F@BBFBFDFDJDHBBAD@DB@DBBDDBBFABADABCBEDCBGDEDABCDAHAD@BA@CBEDCB@BA@ABCFABEDEBEBC@EBG@@@OAKDGDCDEDGBOFE@OGA@A@@@A@I@EBCDCDCDQBECEEE@I@BRF`@PCRYhKTAPDTJXLVRb@POXSNHJVV\\T`PPLL^JN"],"encodeOffsets":[[115650,29742]]}},{"type":"Feature","id":"430682","properties":{"name":"临湘市","cp":[113.450809,29.471594],"childNum":1},"geometry":{"type":"Polygon","coordinates":["@@C@@@A@@@C@@@A@@A@@@A@AB@@@BAB@BAB@BA@@B@B@@@B@DB@BDBBB@@@BB@@@@@BBB@@@BA@@BA@@BA@@@@B@B@@@B@B@B@@@@@AA@@@AA@@A@@AA@@@@@A@@@@B@BB@@@@@@B@@@BAB@B@@@@@B@@@B@@@DB@@B@@@@@B@@A@A@@A@@A@@@@@A@@@@@AB@@@@@BA@@A@@@AA@@@@AA@@@@B@@A@@B@@A@A@A@@@CA@@A@@@A@@B@BA@AB@@A@@@@AA@@@A@@@AB@@ABA@@BA@A@@@@B@@@@@BBBB@@B@B@B@@@B@B@B@BBB@@@B@@@B@B@@@BA@A@ABA@@BE@@BA@@@ABA@AB@@A@ABA@@BABABA@AB@@@@AB@@@B@@BB@B@B@@@@@BAB@BC@@B@AA@A@A@A@@@@AA@@AB@AA@@@@A@@@@@@BA@A@A@C@A@@A@@A@@@@A@@A@@@A@@A@CA@@A@@@A@A@@@AAA@@@@@@@AB@@A@@@A@AAC@@A@@@@@A@@A@@AA@@@A@@@C@A@@AC@@@A@A@CA@@@AA@@@@A@@B@BA@@@A@@@@AA@AAAAA@@@A@@BABA@@@@A@@AA@@@@A@@B@@A@AA@@@@AA@AA@@CA@@A@@@A@AB@@A@@B@B@@@@@@A@@@A@@AA@@A@@@AA@@A@@A@@@A@@A@@@@A@A@CA@@@A@@@@@AA@@BA@@@@@@@AA@@@@AB@@A@@@AA@@@@A@@BA@@@A@@@@@A@@@A@@@@@@@AA@@AA@@@@@A@@@A@@@@@A@@@@@A@@@@B@@A@@@@@@@@@AB@@@@@@@@A@@@@A@A@AAA@A@@A@@A@A@@@A@A@AAA@@A@@A@@@@@A@@@CBA@@@A@A@A@@@A@AB@@@@@@A@@AA@@@@@A@@@@@A@@@@@A@@@@@A@@A@@@@@@@A@A@@@@@@@A@@@@@@@A@@@@@@@A@@@@A@@@A@@@@@AAA@@@A@A@@@A@@@@@A@@@AA@@@@A@A@@@@@AA@@AAA@AA@@A@A@AA@@A@@AA@A@@@@@@@@@A@@A@@AB@@A@@A@@@@@@@C@A@A@A@@@@@A@@B@B@@@@AB@@A@@@@@A@@@A@@@@AAB@@A@@@AB@@@B@@@B@@AB@@@B@B@DA@@B@@@F@@@D@D@@@B@FB@@B@@@@@@@@@@@@@@B@@@@BB@@@@B@@AB@@@BAB@@@@@B@@@@@B@@B@@@@@B@@B@@@BAB@B@B@B@BB@@B@BBB@@@B@@@@@@A@@@A@@B@@@BBDB@@BB@@B@@BBAB@@AB@B@@A@@BB@@B@@AB@@@BA@@B@@@BAB@@@@@@@@@@A@AB@@@@A@@DAFA@AB@@A@@@A@@@A@@@@@A@@B@@@A@@A@@@@BABA@ABAB@@A@AB@@AB@@A@@@AB@@@B@@A@@B@@@B@@@BA@@@@@@@A@@@A@@B@@@B@B@@@BA@@@@@A@@@@B@B@@@@@BA@@@@@@@@@@@@B@@A@@@@@AB@@AB@@@B@B@@@B@@@AA@@@@BA@@B@@@@@@A@@@@BA@@@A@@B@@@B@@A@@@@BA@@B@@@B@B@B@@@@@B@@AB@FA@@B@B@FAB@DC@@D@@@@AAAA@@ABABABABCBA@ADAB@BCBA@A@ABABCB@@AB@BA@A@GAAACCACCICCCACAACCCC@A@@JO@C@A@CGGCEACAC@CACAC@A@@AACACAAAAACACBC@AB@@EDC@EBGAIAA@A@C@E@ABC@CAC@C@CAEACAE@CACCCCEEACCEACCGACBC@CBA@C@C@E@C@C@ADCBC@A@AAC@CAA@CEKAACAEAGAA@EAGCEEIECCAEAECGAEA@AKISGOCICG@C@@EAAAAACA@C@C@C@C@A@C@C@AED@@AACACBEHELEJ@@CBE@GCMAE@EBA@EAEBA@ABCBCDAFCDGDCAEAEAEAECAACCACACEACCEACACAE@E@A@A@A@E@C@CFADCFGJGBA@C@CAECEAAACAAACACEACAC@CDCBCDABCAEECCACCACCAACCCCACCGAICCACAC@EACACCAEACACCCCCACCCCCCACACCCEC@CCECCCG@ABA@EFCBEDC@EDCBC@GCCAA@EFGDC@A@CCCEACACCAA@ABCDABGBGDC@AAAECAAAABABADEJ@B@BBDBB@D@FCD@F@D@DBBF@BD@BCBE@MB@@ABA@EB@@AAAA@ABAB@B@BAA@@AAAC@E@KBCDAD@BBBDDBBBDFDBBBBB@@@B@@@B@@@D@B@@@BBB@@BB@BDB@@@@BBB@D@B@BAFA@@BA@@@@B@BB@@BBBB@B@BB@@B@@@BB@@BB@DBB@B@BBBBB@B@@BBB@@@B@DDDF@D@BABBL@H@JBFBF@B@D@DADAHADAHAFBB@DBBADCBEBA@AB@DEFABCDA@C@CAC@E@E@C@EBC@CBCDCBAD@D@F@D@DBFBDBBDBFBDBDBB@DBDBBFBB@BDBFBD@DHADAF@DCLAFADCHADADAD@BBDBFDHBB@BA@CBIDC@@@C@C@@@BD@@BBDDBBBFBBBAB@@CAA@A@ABA@@@@DBB@BBD@BABA@@@AD@B@BDBFDFDFDD@DAF@FDBBBD@BCB@DADCHCFABBBBDFBDBBBBDADADCDEDCDADDPPBF@BCFGDCD@D@JCDCBCBC@ECCAEAG@GDAD@BBDDDFDBDBH@HABABAAAA@AA@A@CDADBB@BADCBC@EAMAI@@BC@I@CD@FDBF@D@PBPDNANAHD@B@DBF@D@B@BDP@FDFFBJABA@B@AF@F@DBDFFDFFFJHFD@FAJAHCHCPAB@BBBJ@D@DBB@BIJABA@CBEDEBCBCB@BSBGDEHCFG@MAEB@BADDDDBNDH@F@DBHHP^LJLHDBB@FDDBBBBD@BABAB@BA@A@AB@@A@CB@BC@ABA@EBCFQJKDKBEAAEBKBIAMIGMBMJELKLGFKDC@@@CGCGCAED@FB\\@DADG@AAAC@AEIIMGCI@OHQHX^NPRVv|``RL`^rfZRdPbZLH\\VJHjl^V\\TJHRJNJJF@EBABABABCDABABABA@CBA@@@A@@@AAAAAAA@AAAAAAA@ABA@@BC@A@A@AAAA@AA@@CAAA@@CAA@A@A@AAA@@ABCBAB@B@DBB@B@B@DA@@@A@AA@C@AACA@AAA@AAA@AC@@AAAAECE@A@@@AB@BADADA@@@A@@A@AAC@A@AAAAAAA@@CAECCACACCEAA@A@@DADCBA@@AAAA@A@CBABCDEDGBG@KAKCKSaOUC]@ARQVATAPDRAXEB@F@BABA@@BABADAF@BBBDBBB@B@BBBAB@BAD@B@DBD@B@D@@@B@@@B@@@BA@BB@D@B@BAB@B@B@BBBBBBB@F@B@B@@B@@@BA@A@@B@@@BB@BBBDDB@BBB@BB@B@B@B@DA@@B@BBDBB@B@B@B@@A@A@AA@AA@ABC@@BABABA@ABABABA@AACAE@A@@@@@@DA@ABABCBA@EBC@A@ABA@AB@BABABABABA@ABAA@@A@@A@@@A@@@@@A@"],"encodeOffsets":[[116406,30353]]}}],"UTF8Encoding":true}