{"type":"FeatureCollection","features":[{"type":"Feature","id":"431222","properties":{"name":"沅陵县","cp":[110.399161,28.455554],"childNum":1},"geometry":{"type":"Polygon","coordinates":["@@BLBFDDHFDBJBF@HBHDFDD@FAFGJIDADAN@J@D@DA@A@C@C@ADAHAPAD@D@BBBDDHBBDBJ@D@BDBBAB@DCDEBABABBBBBDDBHDBBDDBB@D@B@FCLEFELILGJELKHKFKLHJHFNARCNEHGJKNGLGN@DBHLHLFJFNDLFDDBHAHGLGJCJCFJJFFFFLFJDLFH@LONYJIFKJCRCPBLAFENMLKPIZSLMHIHM@KFCJEL@HBFBBJ@LALDBFCHAHILEPAFDFDHHFJJ@JCNMRKFEJENALBNHLHFJHJBPDJ@P@J@NFFJAJCLGLEPGLENDLFFJ@JALALGLGNENBJNFRFJ@P@TGVCB@FBBB@B@B@B@BDDBB@@B@B@@A@ABE@AB@@@B@B@@@D@@@BBB@@B@BBDBFD@DBFF@BGHMJCH@JBN@DDBF@L@@A@@@CAC@@@AB@BCDA@A@A@@@ABAB@BA@@B@@@BABADAB@B@B@BABADADABABAB@DAB@B@B@@@D@BABA@@@AB@BA@ADAB@@AB@@BB@@@@ABABA@@BA@@A@@AABA@A@AA@@@@AA@CAA@A@@B@@@@A@@BB@@@@@B@@BB@@B@@@B@B@BA@@B@@@B@B@B@@@B@@B@@B@@@B@BA@@BA@@@AB@@A@A@@@@B@B@B@B@B@@@@A@@@@@A@@AA@@@@AAA@C@@AA@@@B@@A@@B@@@B@BBD@BBB@B@B@B@B@@@BA@A@@B@@@@@@@@B@D@@@@BB@@BAB@@@BA@A@@BAB@B@@@B@B@@BB@@A@@@@A@@AA@@A@@@A@ABAAACC@AACA@E@E@C@EGGICEIACAA@AACC@ABEBC@C@C@CCCCECCAE@CDCBCBADC@A@C@ADCDABA@@@ADG@AEGCC@CBCFCFAJ@H@JA@@BAFAFADADABABC@EDGBCDC@@@ADEFEDC@ABCACAAAA@A@@B@D@@@BABC@@BABEBCFEBABE@AB@BABAB@B@DAB@BAB@DCDCBABADCBA@C@CBEBEDCDCBADAD@BBJDH@NAJAHGFEDMBAFAFCBC@CACCEBC@CFEDCFEDCHCNCDABA@A@@CEAAAC@CBA@ABABCDADCBAB@@CBCBI@A@@BADC@ADABA@A@@ACA@EC@@CCECAAAAAABA@ADEBA@AA@EE@CAE@ABCACECCC@@@E@I@@@AAAAAGAICEEAAC@G@GFC@EBABC@CAEAEAICEC@ACE@A@@BA@ABABCBABAHGDCD@DEBA@A@E@AFA@AB@@AAACAIEMGIAO@KBK@A@IAKAGEAAACCAAAA@@@EAEAECA@AA@C@C@E@EACAC@CACA@CAC@C@EBCBC@C@EACBE@EBABC@A@A@CCCAA@C@C@CBCBC@C@A@EAEAAAAA@CBC@CBADADAB@DEBCBE@CACAE@E@CBCBCBEDCBC@A@C@E@CBC@AB@F@DBDBFFDDHDDDHBDFBBDDFBFBD@F@H@H@HADADABADBBBBBBB@FAFAD@D@BBBHBD@BAAEBCDEBABAB@B@D@B@BBBBB@BD@BB@B@B@B@@ABA@AB@@@@@BB@@@B@D@BB@@BB@@@BA@@DC@@@@B@@B@@@@@BAB@B@BBBBBBB@BB@@@B@BADCB@B@@@BB@@@B@BA@AB@B@B@B@B@@BBB@B@B@F@@AB@@A@AAAAE@CBA@ABA@A@A@@A@A@AA@@@@@A@A@AB@@ABADCFCDADC@ECEACCAECCAAC@CBCDAD@@@DEBCFGHE@@@ABCFEFGDEDC@AAEACCCC@C@G@GDEDABEAC@CBCDA@A@C@EAEA@DADABC@CBEBABCBC@A@EACACBCBCBCBA@A@ECAACCAA@@A@AAAACCAEACACAAAAAC@AAA@AAACAECCACACA@@@A@A@A@@C@G@G@C@A@CAACACAE@CAC@CCEACAACCECCACCAACCACACCACBE@CBCDCBABCBC@AACA@C@ACE@E@AAACAA@CCAACCCEGGCEAACCEACAEAEAAAEA@CAC@CBCAAAAACEACCGCECCCAA@CAACAC@CACAAC@AAC@C@C@C@C@A@AAA@@@@CECEC@CAABE@C@ECIAECCGAE@G@ECGII[QcQWGYICACAMACAGEA@@GACAAMGECCGCC@C@A@A@CCACCEAEAEEEIA@EAEAECA@A@C@GBGDCAC@KCEAA@ABCBC@K@A@CAGGACAAAC@OAI@AACCC@A@A@CACACAA@ABCAAAE@IBCBAFEH@D@DADABABE@ACGAEKGMICECEEGKG[QMGOGEAMIMKKGMKG@KCIBMCEEEEIMEIIKGKCGGGICIGSOKKIKIIEGG@K@KAKAKAOCGAIBEFGACCCCGGACGCG@GBGFGDIDK@I@GFGFEHGDGCICG@G@IAGBCD@HB@@@SDMNCT@LBH@BD@LBH@FBDBBBDB@@@D@FABGHKHABAB@BDL@D@DCDSHEDCDKFEDGEAECE@M@KCGGDCFALBNBLBJ@HCJEBCBCBCBCHADCBGDEBCBEDCFC@A@E@EAC@MCOGAAA@@B@DBBDDFDDBBDBBGBIFIBIEEEE@CBAJGLCH@B@@DBBBABADGFEBKFA@C@AAC@ADEBABCAA@C@CB@BCJ@DAB@@A@A@C@EBEBMFEDADCDAB@B@BB@BB@B@@ABEHEFADAF@D@BDBB@H@D@B@@BBD@DCHEHEJ@N@N@DD@BBBBBDBLBLFFHBHBJ@DBFFLJBD@B@DEDAD@FADCDC@EAE@E@IBEJGHCHABE@GBEBCBEFGHIHEBCBCACCACAGAAA@EBCFILQVEBEDGHGLAH@L@DDJDL@DAFCFCDEFGDDFBNFBF@FAHAFBDAD@BABA@ABA@CCIAABAB@PCFBBD@DBFDDDBHBJDJBDDFFBBADABGBEDEHADCJDBLAHDFFDRBFB@PC^@NBJBLJTFBD@HAJCFOB@LBJAF@DBDADEDIBCXCHFLDFL@DGPEH@DBD@DABEHALCL@DFBFBBB@BABGDGDMDCBADBFBFFNBLDFFJFBF@DAFGDCHCD@DB@B@HAFBF@DDBBAFBDBLZFBDAHAD@D@BD@HDPBHALALDPBNDBBBBD@J@FDDDDDLBNCNAH@JBHDDFDD@DALGJEHCH@N@ZFFDNPBNBJ@JAJ@HALBHDHDXHHVZLRDBH@B@BBHDLNNFJBBFCJGL@BBDAB@F"],"encodeOffsets":[[113040,29575]]}},{"type":"Feature","id":"431202","properties":{"name":"鹤城区","cp":[109.982242,27.548474],"childNum":1},"geometry":{"type":"Polygon","coordinates":["@@FIBEACACEAEAAC@E@EDEFEBCCGCI[aSMGQGKGGKE_ICEAC@CDEFIDAFAH@FB\\JPDHAHCJGBAJKFGEI@C@ADCBE@E@EFGHGHKJCDADKDEDAH@JBDADCBE@E@EAEEKCOAK@GJKJO@I@EKICC@ABADAFA@A@ACACAABCBAB@@CAAAAABA@AAACCKECACEBA@CACIEAA@C@C@CCEAA@A@A@@A@A@ABABA@A@@@CIAAAAA@AB@BABAAAA@GIGECG@EBEFCBER_DGBEAG@A@CEIHKBABEB@AA@CBG@G@CAA@CBABCACACAA@@@A@C@AI@CECAACCECEECG@CCCAACACAI@CBABCLABCBCA@AAE@AAAICKIGACCE@C@KBSBAHCDAFAFGNABBDABCDCBE@C@CACACAC@AB@BBFBBBDBH@H@BFB@B@H@H@@AB@J@@@BB@DAHABABB@BEFC@EBCDAB@BBFBBFDDBF@D@D@D@BB@BHFBB@DBB@BBBHBDBD@BADA@CAECK@C@ABA@AB@D@@BFBBD@B@JBHBHBDBBHHBBF@F@BBDFBB@HBH@LAJEHEDIDEDIFKHIHCHADHJHR@FCHGHCHKLINONKJG@E@ACAEAGAGAEGMEICEIEGAKAODKBIFEHIJGJAD@LNBJHFNDNBFEF@DBBBDCBAB@B@FBD@LADABABCBADADAFGBCD@D@DDFFFBNBJCD@B@BBB@BJFBBD@B@BADBB@B@HFB@DBB@@BAD@B@DBB@DDD@D@D@DD@BAD@D@DABADCBAB@@@@BB@FAFAP@B@DBDB@@@BAD@BFDD@JAD@DDAFDBB@DCDADDBB@FAHCDAB@DBDDBHLBFADADCBCDAB@BBDD@DDDBDDBDDHF@DCBBD@DBBBBBDBJ@BBBBBDB@B@DADAHABAHA@CB@@EBCDA@EEIACBCBCBAD@DADOBCDADA@AACBABADCDABKHQDCD@DBLAD@D@D@BBBBBD@BBD@@B@DADAD@F@DFDDHDHDD@FADAB@DADABCDC@AB@D@D@DBDBDBBDBDDBB@F@F@DADAD@DCDCBCB@@D@FBBBDD@D@DB@@DKBCD@L@L@"],"encodeOffsets":[[112700,28402]]}},{"type":"Feature","id":"431221","properties":{"name":"中方县","cp":[109.948061,27.43736],"childNum":1},"geometry":{"type":"Polygon","coordinates":["@@FEFAH@FDJH@HBBBBBA@ABAB@BBBBDJ@@B@B@BABAB@B@@@@B@BBBDF@D@D@DBBJFBD@DABDFDBLFDDBB@BABBBBBDB@@BADABADBDB@B@BEBCBAB@BDDLJ@F@JIPIL@HBLDPFLBF@F@FAFCDCBIAG@CBCFCLCBIDGLGHEH@F@FAFCD@B@DFJEHILABIHGDGBOC[IEAG@EBCBEJCF@DBDDF`JLFHHHLHRTN\\bDJDHADEFCF@F@FBDFBFBBDBDAFEJPBD@DBDD@BDDFBFBD@HEBEDEBCJAPCJAPARAV@LAPBRBPAXGXEZITKTKXKNIPEHEBEFAD@HBHDFDLDPBTBTALB@@BCBAD@FADBB@DBD@FDD@DBFAHEHEFADCBC@ECGGCAEAE@E@I@A@G@_@ABABABA@CBABAD@FCDABA@GBEBADE@A@AAACAEACACA@CBAHGDABC@AEA@@AEAGACAC@C@@F@FBFAHCHADABBDH@DBDD@F@DAB@BBB@F@BABCBCB@BBBBBBBADCBA@ABBD@BABADCDAJBDBB@B@DAF@N@D@BBDFBH@DDFFDF@H@@ABABA@@AAAA@A@GBAB@F@B@DBD@HEB@BBBB@DDFBDBBFDJLBFFCD@DAB@@A@ABAFABAAAIKAC@ABABALEDC@@@AD@BBB@@BAB@B@BB@B@BBBB@DCD@BB@@@BAD@DAD@BB@@B@AC@IAAC@A@C@@A@ABCDCDEBABC@EAEAAACAEBC@GACAICMIKGMMMIEGGEGCKCIAMBO@QDODMFQFMAI@ICIEIIGICEAKEECMFCAIHEFGLCFEHIFI@CC@IAK@EAEEAICUCSEEBIBEDKDQCM@G@EBEDADCHAFAHAFEBE@E@G@EDCB@BADEDABA@A@AE@AAA@@ACAC@A@AB@BA@AAAAA@AE@EB@B@BAB@BC@C@E@@D@BABA@A@AAEICAAB@BADABA@C@CAAAACBKAACAG@C@CAAAA@ABADABC@GAAAA@A@ADABCDCDCFA@A@AA@CAACG@AAB@BABC@G@AA@C@A@@AAE@A@AA@CBAAA@AAA@ABACGAAEA@B@B@BABA@CCA@@B@BA@@@ACAC@ABAAAAAA@@B@B@@C@C@MAC@A@C@A@AAAAACCAAAAAAAAAG@AB@B@FBJ@@CBAD@@BBB@B@BB@BC@A@CCA@A@@D@BFDFDB@BH@DADAD@H@B@BADAD@BCBCBA@CBADABCDE@CCC@C@EB@BABF@BB@BGBC@A@@B@B@BBBB@DBB@BB@B@D@BDBH@@B@B@DABEACB@D@DBDBBADGHGFE@C@AA@ABADCBA@CA@AC@AAAC@I@E@EDABBBB@D@JABB@BABABADCBE@C@AA@AEICAAAAA@C@ADC@AA@E@C@CC@AD@DAD@D@B@DBBA@ACAAA@ABADABA@A@AEACAKGCACCCACCAAG@KCKEEC@CDCKMCCECCAGAAAGG@EACAACBGHC@CBEAC@@CAA@AAECGCEACBA@CBCBCBCHCBC@ECCAC@ACG@ABCBCD@DABI@A@ICCBCAA@AAAC@CFABC@A@CCC@C@C@AAAA@AA@CAA@CCAACCB@@A@ACAEEA@AAGAECACAAACBE@AA@C@CAC@CAEEAAC@AAB@DCBA@AC@ABADABA@@A@C@ACCB@LEFAD@F@B@BA@A@C@ABABA@GACBC@A@A@@AAGACAA@@C@AACGAAAECCCA@GDCBAAGAG@C@GCA@AB@BABCAAACAA@CFCBA@CBC@CBA@AD@BADABG@ABAB@BA@C@A@AAA@AAA@AB@BADMDEBCCECC@KA@@CC@C@CBAD@D@@@@CAAAAC@A@MFC@C@AACB@B@BAB@@A@AAAAAC@@A@GFCBABC@CAE@ACA@ABCBEFGBA@EBCB@BADIRAHCLAB@BA@AAC@EFGDADC@C@CACEECCACECAA@@CF@@ABAA@@AC@CBCBC@C@CCAACAE@AAAAEG@FADFLC@A@GACAA@AACBGBA@A@AB@FADA@E@E@GACD@FBDDFHDHFBDBH@FBJBFDFBBFDFDHFHLDFHFJFJFFDRHBBBB@DABADA@ABB@BDF@TFLBLBD@B@@C@A@ADAHAFADABEBEFCDAF@D@DBBB@H@FBFBDFBDBFDBFBL@FEB@DAHCFIP@DBDDB@FBJDRBF@D@BTALAD@F@DDHBLJJDBB@BBF@BDBDABADKBADAJ@DBDBBBDD@DDHFFFDDDBBFD@DBJD@B@@@B@DBDBDBBADAB@DBH@H@DAB@@BFABALAJGDFB@H@FBHA`CFQDA"],"encodeOffsets":[[112670,28121]]}},{"type":"Feature","id":"431224","properties":{"name":"溆浦县","cp":[110.593373,27.903802],"childNum":1},"geometry":{"type":"Polygon","coordinates":["@@NQFCBC@CDCBAFADADAF@H@B@RGHCD@BAFBB@B@BABAB@D@FDFDFBDBD@FAFCHKJKDA@C@AAABCDE@A@A@AAACAUWGGAC@ABABAFAPI@ABCBE@CBABAFAFABADCDCB@D@D@BABADA@@B@@BBDBD@BD@B@D@D@D@BBBBFFBBB@D@FABA@A@AACA@@C@ADABAD@F@D@FBBAB@BA@AAC@CAAEEACCCAEAG@CCEAC@A@C@A@AACGGCCKMCCECCCOQCCAA@C@ADCHCDCDEBABAD@BAB@@A@AAEAABA@@D@JBB@B@BCBA@AAAOSGIMSAC@A@@BADBD@D@F@FANEVKFAD@B@D@FBD@BBHHB@D@DAZ[LMBC@AAAAACAC@AACACAAAAA@CACQQAAIOAEAA@ABA@A@A@CAE@A@ABABABAB@D@B@BBDBB@B@B@JIFEFG@@BAD@BAB@BAB@D@B@DBB@B@B@DAD@B@B@D@D@HBBAB@B@@@BBBB@@IJABBB@@B@DAFC@@B@B@@BABADAJ@B@@@BB@D@DB@@BB@@ABABA@@D@@D@JAFADA@@B@@@@BBD@F@B@B@D@@@DBBBDBB@B@FBB@@NLJJBB@B@BCBABAB@@BB@BB@B@FAD@BBD@@BBB@D@B@BBBFDBBB@B@@@BA@O@C@ABADAF@N@NBB@D@DADEFCPEDALCJAB@@A@@@@EAACGGAE@CIBO@I@E@E@CAO@A@AA@CCWACAAECAAACAABABABAVGJGFABAHBH@B@B@@AACCACA@A@ACGCCCEAEACEECEECCAEEACCCCCCCACACBGBGDE@C@C@C@A@C@@AC@A@ADAD@DAD@B@DA@ABAAAAEAA@CACECQGAAAAA@GA@@AA@AACAAAACAA@C@C@EAAA@@CC@AAAB@@AAACACAGG@AAAA@AAAABG@@BAB@B@@@@AC@C@CAEAAA@CBC@CAAA@@@A@CBCBC@A@AAAAAECCKEAAC@CBAA@A@AACAAA@C@@DA@AAAAA@A@E@C@A@A@AAGEA@C@C@CBABEAG@EDK@O@O@SHMJQJKBKAICGICQG]GSIUEIKM@IDEHENCJIHOBODKFEJCLDJAFADCDI@KFMFIDKDGFMDUBOBMDGBIJENCF@J@FBJAHEBIDM@ECEAEMCGCCCAC@CA@@A@CBCAI@EACA@@AD@FAFADA@@@ACAAAC@A@ABC@CBABI@@@@ADA@A@@C@AAB@@CBA@E@C@ABA@@BCBAFCBCDC@E@EACACECGAGAEEEAC@@@AAQIKIKIGKICICK@MBEHMTSPKPKPMLA@ABG@CACCA@A@@B@H@DBDFFBBDH@BCD@D@BAD@BC@CBCCAAAA@C@C@ABABAA@C@I@GAKBC@AA@AAGEGICMCI@O@K@KEIMA@C@@ACCACAA@CA@AAEAAE@CBABCDABA@@@AC@EBABAB@@A@ACAGBC@A@AOKEAECAAACAC@AEGAEAGBIPEPELILONKLIHGHKFGBI@MBK@MFIFGDG@EAIGGKGOKMOGKEOAQ@MCOCKAECECECA@C@EAA@EEEGGIGCICKGIIGAA@CAAAA@@GGCCA@@@MECA@ABCBEDEBC@ACECEBA@A@@BADE@@@E@A@CAC@@A@CA@@@AMIKCOAM@IDEHGNIJEFEF@FCFG@ICIAIEKGCCGEBJCHAJAJ@HDHFJDR@NINIHMB[FO@K@ICICE@@@@@E@KBIBIDEDEBCAEACGCIGOCGECECE@CBCDCJANAPBRANDNJZFRHNFHBLNEFDLFFBJDJHFJDJ@JBJENERCNCP@RAPBNDJDLFHHHJFNNHNJLDNBJBD@HADBFBDBBBF@FADABCFCDAD@B@BD@B@D@BB@JBDA@@@AAC@CBC@AB@@A@@ADC@CAAAAA@A@@A@ABA@AA@AAC@@B@@CDKFABAB@BBDJLBBABEBAB@B@BA@CBC@ED@B@B@DBHB@BHFLNPLPNPHLFLBHBJHPHPHNFHJHNJLHHJBFCJAFEDCBEBEDIFEFIFCHELEJ@D@HDFDHDF@D@FADELGJGJKJILILMNIHIFGBGDIAICKGQIGGEEIGMKKEIGKCQAOBKBGBEFDH@HBFJFFHFFBFADCFCDEDGBGDE@OEMEQGOGI@KAIHGHEF@@AHEFC@A@CAAAGEAAAAC@A@ABABABDLBDCBIFE@A@CCAAC@A@@BAD@BCDABAB@JBFBBB@@A@CBAB@BD@FDBDF@DBBBBD@BADEHEFED@B@BD@F@DADKBABAB@DBDH@D@DAFADAFCDAFBF@DDDDBDBJ@D@DADADAH@D@BBBB@DAB@BBBB@DBD@@ABC@CBGD@B@D@@AB@FBHADCDCHBFBDJFPJNDLDJ@PATALCJEFGFGFELEN@HBJF@BBDDHABEBAD@BBBJDD@BBDDB@D@JBD@BBDDDDB@BA@A@ACIAAAA@CDC@AHCDA@BFCHAB@B@BBB@BA@AB@DBDBB@D@@@B@@DBFFHBBB@DBB@DB@@DD@@@B@BAB@BBB@@D@BB@@@B@BABBBBD@BAD@F@BB@@BH@B@FDDDBB@BCFCD@BBDJRDNAFGFEFGHGLDTBHBJ@N@JBLDNDJBDDFDHDDDFFJDLDJBHDLDHDJFHFHJJJLLLTPJHJDHHDHHLJLFJJNFFFFNDJALDH@NLLHNLNJFBPHNH\\RLHFHDFDFNJLHBFDH@BAFABCBCBC@G@EFABAD@JBFBBAD@BBBBDBD@D@B@BDDBD@BBJ@PBDBBBDHHDBB@L@D@DABAB@FBLDD@DBHCHAD@B@B@FDFBFBB@"],"encodeOffsets":[[113379,28981]]}},{"type":"Feature","id":"431223","properties":{"name":"辰溪县","cp":[110.196953,28.005474],"childNum":1},"geometry":{"type":"Polygon","coordinates":["@@EGCICGCKAGCICKEICECCCGCEACCICMAK@I@MAIAGCSHKHGFEHEBECMIQAC@ADCDE@AAACCECA@G@@AA@@A@EBC@AACAABA@A@A@@AAC@@@AA@ABA@A@A@@CC@@CAA@CAA@AAEGAE@CA@@@C@A@CACAA@@BABA@AAA@A@GBED@ACBGD@BCD@DBBBBDJ@B@BABA@CCCCAAC@IAC@A@CCAAC@ICAA@ABCFABACGAC@AIEGAM@KFEFEHEHIFKDSBOBI@KCMCOIIEACAEDGDCBCAG@EBA@@@C@AHCDAD@BA@@AC@CAAAAA@CBA@AA@A@CBGBCBC@C@CAIACCCCCE@EACBEDCBEBCBC@G@AC@CBABALABC@C@EACA@C@EFGFCFABC@AAAA@CCECA@EACA@AB@D@BA@AAAE@IBABADC@ABC@AB@D@BBDDB@F@JEDAACCKBABABAB@D@BBBBHFBBDBB@D@FEBG@@FEHGJGLBJ@PHRHNFPFF@HCHAFCDCDEBCAEEEEGIEAE@GCGFEHALAPARBLDJHLFNLJHFFHHRJLHJDJBHCHAJEJGNMJKJKLIHIHIFKBC@E@CCECGCE@G@CFIFKDGJEFEJEFCFADAFCBEDIAEGIKGMIIGEGGMGOGOAIAGEKGKMOKOMOEKAGA@AG@C@A@AAEIKECAAACCE@CAAAAA@GFC@CAA@E@A@AB@H@BBBBB@@ABAB@BG@E@ECCE@CAGCEAAC@M@E@CBA@A@CAIACBCDABABC@AA@BABCDABAAAAAAA@ADADABE@A@AAA@CBE@C@AC@CCGAACBGBGDEBEAE@@@@DBDBDBHBF@@FB@BADCBGHAB@DDBDBFBDBBB@B@BCFABAF@HABCBEDC@ABAB@DABABAB@B@`@H@B@J@FBFBFHDDH@FADCDEBGFGFEBCAC@ECC@CAA@CAEBC@ABAD@@KASBSAOAKCECGCGAC@EBAFGFOFMJWLSLSLYJWFWHOBQAOAKBU@QBOBIBODIBADCFAFGFC@EAEACC@ACCCAC@OAK@K@C@ADCL@@CAC@C@ACAA@E@CA@ADCDCDC@CBCBE@E@A@CAACACCACACAC@C@A@@BCDADCBCBA@CBEBC@GCGCCCCEE@C@CBCBA@@@AC@AACAAAAC@C@C@KBCAC@CDGRALCBCDABABBD@BCBCBADCPCBC@ABADADBDFJ@FCBAD@FA@@DAHAJBHBDALCJA@NH@L@BB@@@ABADAF@BDFDBB@DABA@C@E@C@IACACBC@ABCBABAD@D@FDD@L@FBD@FDHFH@BAD@B@D@HBBBDBNHF@L@@@NDLFVFPDVDDBFDVXPTBF@DADAFAJ@BBDBBFBF@FBF@D@DCJCFCFAHAD@DBBDBFAFAHBBDBFDDB@HCJGLIHCBERALBJBFHHBF@HADGDIHGJ@HBHABEDHBD@DBDAB@B@BB@DBDB@B@D@F@F@JDBBDDFHBDDBDBBD@D@B@BBT@FDDDFBD@DBB@BB@B@B@F@DBBBDBBD@BBBADAFCFCHCDABBD@@B@B@F@H@B@@D@D@BBBBBB@DABB@B@BAD@B@DDB@DADEDSLCDEHEHCDCPAH@DBBDBF@L@dAL@F@DBNFHFHHBDBDADADMHOLCD@D@B@DFDDBRD^DFBDDBD@HCFGFKJEDAD@D@BLJVHRHJFBFBFBLAFEFKDAB@FBDBBH@Z@LDB@BAFEFEHAH@F@DBDDHLBDDLDAF@FFJFJAJEHAAAACCAECCCAA@C@AB@BBPHNDD@FBF@B@D@DEFCDAFAHCDABCDGDADADAFADI@GAIAKAMBKDEHCDH@L@NDFBFHFFCLEDCFCTGDC@C@CCK@ABABALGHGBA@E@C@@CAAACAEAG@KAC@@AAG@KDSNMTC@@A@@GDCHAJBH@H@JDHDHCFGHEHEJ@L@JCHCHEHAH@HDBDHHDDDDHBFEJAHBPDLBLBLBL@H@"],"encodeOffsets":[[113153,28771]]}},{"type":"Feature","id":"431225","properties":{"name":"会同县","cp":[109.720785,26.870789],"childNum":2},"geometry":{"type":"MultiPolygon","coordinates":[["@@DA@AFBJAD@@@FAHAD@D@DAJ@D@D@B@BABAD@J@N@HGHEFGFGaOaeUM@GHEDCLAHDHBH@HEHGHCLBL@JFLDHBLCJALBFB@@LBBBD@DDBHBF@HFDDFDFDFFDPLFFBDBD@@DAJEL@LDJBHDHFFHDDJAHEJGHCNAHBFDFDFFJDJBDBP@VBNALFLFNJDBTDJHFJDLDJJLNJ^NRJLIGSI[DINEPBZN\\FZ@P@PAFEHIFIFQDSBKAKBAHEJ@P@RDL@J@F@HCHEHGFEHIHCJAD@HDDDDJHLHLFJFPF@FIJGNAFEFEHEFGFKBIFMHIHCJAJGHGFGBICIACEEGEACACBEFCH@LBH@HBB@BBF@FAFIHAHEBADC@@B@ACAACE@AF@DAHBF@JBDAACAAA@EBC@C@A@CCA@C@ABGACAA@AAAACACAEEIMEQEM@CACCEEAGBM@KEOGCGCKDGHINELIJKDEBE@IAECCCEGCGEGCECGAC@G@IBICEGEKISAQAK@GCEACAA@A@@BEBCDCDGDAD@HAB@BA@A@EACAC@C@EDGDC@@BC@E@GBADEBCDABABCAAEOAE@E@ABAFC@ABCBCAAAAABCBA@A@A@@ADG@A@C@EAACA@@CAC@E@GDAA@ABAHGDA@C@A@@CAC@AAAAAEAC@EAEDADABADCB@JC@AB@D@@@@BBB@BB@@@DA@ABG@C@ADADA@@BC@C@CAE@AC@AAA@CCAAAAC@CBCBABA@A@A@CAC@GBA@A@A@AAAA@EACAGACACAAAACCIGGGCCAAAC@AAA@CA@A@C@A@CBABA@C@G@A@@BCB@DFBDD@B@BA@C@CAC@CBAB@B@B@BADABGDEDABCBE@G@C@@FCBC@E@ABKBIAGAIAGECFEDIFEFEH@@BD@DBDBD@DAB@B@BAH@BC@E@EEGGCAI@CBCBEDCFAFABCDE@CAA@CBEBCDA@A@C@CAEAIEKC@ABC@CC@C@C@E@AB@BCBE@ABCDA@C@EAA@A@@BBFBB@BKDA@@B@D@F@DBB@BBBHDBBABABIFIHEBADCDABAH@BADAJ@FCDABAB@DFH@@ABA@ICC@CBCBEFCBCBA@KA@CAC@G@@@@SAAB@@AF@BABABA@CAA@ACACIICCAAAA@C@@EGIICEEAE@GFIDKDMFMFQJQFQFSAO@SAOCGIKMAKEICGEK@GDEDGJKLGHG@IAEGEKCG@EAECGECCEDKDI@E@GEEE@CDEBEAAA@C@GFABC@EAC@EBA@A@EE@AIDKFIFIJOJOJMDQDID@@KAI@IBIDABADBDJDPHDDBFADBF@F@BFCJGDAPE@@DC@ACAAAAC@ABEDCD@DDBDBBFBH@LDD@HHFDBB@@D@B@@D@B@@AB@B@DBB@@DBDBD@BDBBBDBD@DBBDBB@DB@@@@FDBDCDGDSNEDE@@EBIFG@GEGECGAKDABC@ABABABAAACFEHEDA@C@AACCEE@OAGDEB@@CDKDEDG@A@AAABCB@BA@ADC@@BB@@D@FABABC@C@@B@D@BBB@J@NANEPELGPININAJBFDHDDLJFFFHBHAJCLAL@JFLBFCDEDIAIBGBCDEDEPAHIDMCAA@A@A@@AA@A@@@A@@@A@A@@@A@A@@AA@@A@@@A@@A@@A@AA@@ACA@@A@@A@@A@@A@@AA@@@AAA@@@A@@AA@A@@AA@@A@@A@@CBE@E@CGAAAEACAG@G@C@CB@BBBFDDFDB@BBDCDGHABAJAH@B@D@D@BFBF@DBBBBDBDJFD@DAB@D@B@BB@@FBDBHD@BDDBDBBF@HBF@B@DBJHFFPJPFDBFBFABA@AJAHAFBFFADBHBFDBFDL@FBD@HDDDAH@DAFCHAJAJAJCHCBOGAAA@@BA@EBAB@@A@AA@B@@@@@BBDBDBBCF@F@B@DDB@@BBDAH@B@DBDF@FCFAFFH@DADEDCBCDCDEDCDCF@F@B@D@FADABIHABAH@D@DBDBDBHABIHEBAFF@D@F@D@DBAD@BEBC@EBE@CAE@@@AB@BA@@@A@@@@B@@@@AB@@@B@BA@@@A@@BA@A@A@AA@@A@@@A@@@C@A@@@A@GM@C@A@AB@@@@AB@@@BA@@B@@@BA@@@@B@@@B@@AB@@@@@B@@@BA@@BA@@@@AA@@@@AAA@@@CA@@A@@A@@AA@@@@@AAA@@@A@@A@@@A@@@A@@BA@@@AB@@A@@BA@ABAB@@A@@BA@AB@@A@@@AB@@A@@@EB@@AB@@A@@BA@A@@@A@A@A@@@@@A@@@A@E@EBA@AD@DDBJ@@@D@@@@@B@HC@@B@@@@@@BBAB@@@B@@@@@B@@@@@B@@@@@B@@@@@D@B@@@B@@@B@@@B@@@@@BB@@@@B@@B@B@@BB@@BB@@@@@BB@@@@BB@@B@@@@@BBB@@@B@@@@@BB@@B@@@B@@@B@@@DB@@B@B@@BLLPXGZsTCJP@DDL@F@FAFCRAHBH@DB@BBB@@@FK"],["@@DBDBB@@@@@@@B@@B@@B@@@@BB@@@BB@@@@@@BB@@B@@@@@B@BBB@@A@@B@@@@A@@@A@@@@@A@@@AA@@@@A@@@@A@@A@@A@@AA@@@@@A@@A@@@@A@@@@@A@@A@@A@C@CACAA@C@ABCB@BBDB@F@"]],"encodeOffsets":[[[112170,27759]],[[112095,27476]]]}},{"type":"Feature","id":"431228","properties":{"name":"芷江县","cp":[109.687777,27.437996],"childNum":1},"geometry":{"type":"Polygon","coordinates":["@@B@@BB@B@B@@@B@B@@@B@@AB@@AB@@AB@B@@@DBDBB@@@BC@AB@@AD@FAB@DAD@@@B@D@DA@@B@@@BC@@BC@AB@BABAB@D@@@DAB@FEDAVMDCHCRCRCP@JBHDHFBFAHGLILBLHHJJNHNHPDNFJDFDFDHFHHLBRBL@NCRBRBVFZHPHPJNJNDNFNDTDL@NDJFNDJANILKLEPB@@BCHIJIFGJELAPCLBHBJFDFFJHNBFBHBHBFBDF@H@LIPMJMLKDGHGDG@EGQGIBCDGJGLGJEFCJCFCFGBI@KAG@GAACEAAE@E@AAGGAAACAGAG@I@AACEA@AC@A@@BAB@B@DDLBF@DCBABC@CAGAAA@AAA@CAAGE@AAAC@C@C@E@CAECAAAE@ABADCFAD@FE@AAAABGBCBA@@A@@@IBA@@@G@G@AEA@A@GAGACAAAE@ABAD@DBDBDBD@F@DADCBAACBAHMBEBEDCBG@A@CAECQAI@ECAAC@CJODEBG@CFA@EAKAEECCAEAACAE@E@GAACAC@E@CBEDAFAFCBEBGBCB@B@B@DA@C@KAKASEE@ACA@BAB@BCBA@CAAAAQGECIEIEGECEGKGEECECAACEAEAI@EAGACGEGCCEAC@EDCHBF@F@B@BC@EBAB@B@HADABBB@DBHBB@D@EKBC@EB@B@ACCIAACBC@ABCDADAAGCCCGCEAGECBMB@BABEBMFO@MAGCEIEIEIECIAEAI@CAAEFEFCFIDODOCOGMEEIIOCICK@ABA@EBABCBBD@F@DC@GECCCA@ADE@CAEEIACCCAA@CBC@A@@A@A@AD@F@J@FADCBCACACAAEFEBEBEDABADE@CACC@EAGCCCAEBA@ABCDCBC@C@E@AAA@CBCAA@AABABC@ABC@ABAABC@AA@A@@BC@A@EEE@CA@A@AACEBE@AC@ADE@C@AA@@@@@EFCDCBABABA@@@AAAC@AAA@BA@ABGBA@A@@A@CBABABAB@AAACAGA@A@A@AAA@CB@AAAA@CBCD@@ABADCBCBAAACCABACAC@CBE@CCCCAAE@EBEBCBABCCKAG@CA@ADCJ@DABA@A@K@@@AAA@@EA@@@A@@@A@ACAAA@@BAA@EL@@A@AAA@@CAGBGDQBE@E@ECK@CIOSDYtWHKOAK@@@A@AA@@C@@@A@@@A@@@AA@@A@@@@@A@@AA@A@@@@@AA@@A@@A@@A@@@@AA@@AA@@@A@AA@@@@@AA@@@@A@@@A@@@A@@@A@C@@@@@A@@@@@A@@@@@A@@@@@A@@@A@ABB@@@BB@@@@B@@@@@B@@@@@B@@@@@B@@@B@B@B@@AB@B@@@BB@@@@@@BB@@@@@B@@@B@@@B@@@@@B@@BB@@@B@@@B@B@@@BAB@@@@A@A@@@A@A@@@A@@@C@@@A@A@@@A@@@@@AAA@@@C@C@A@@@A@AB@@A@@@A@@@ABAD@@@B@B@@BB@@@BBB@@BBB@FABBBDAFA@E@@@GCABADBDBDB@F@@@@@@@@B@@@BABABCH@B@BB@BBFBBBFDBB@@@@@@@BBHDFBF@J@HKBKAGCGGEICGICE@EBGDKJEFAJELELAB@@@B@D@B@@@@AB@@AB@B@@A@@@A@@@A@@@A@@@A@A@A@@@@@A@@A@B@@@B@B@@@B@B@@@B@@@@AB@B@@@B@@AB@@@B@B@@BB@B@@B@@BBB@@BB@@BBB@B@B@B@@@BBB@B@@@B@D@B@@@B@@@@@B@B@@BB@B@@B@@B@@@BBB@@@BB@@DB@@BBB@@@BB@BB@DJBF@FCJAJCJCFCLEPCLAJFNFHLFLDHH@HAJAFGDIHGFILILGJAHBHLFLHJFHFBHBFEHIFIBIBIAI@CBAFBDDDBH@FEDE@C@QCG@IBMFOHOLKHKF@@@@A@IJCHCHAJAPBPCLCHCFGFQJOHQFKDODLBFDFHBHAL@J@D@JCPCL@NBHFJLJNHNJLJLJLFNLPLJFNNJFJHHDJHJDFDHDJFJBLBFAHCLCLBBDDDFFFFFHB@@@B@B@@@B@B@BAB@@@B@B@B@BAB@B@B@@@@@@BB@@B@@@BB@@B@B@@@@BBA@"],"encodeOffsets":[[112089,28228]]}},{"type":"Feature","id":"431226","properties":{"name":"麻阳县","cp":[109.802807,27.865991],"childNum":1},"geometry":{"type":"Polygon","coordinates":["@@FCBAAG@GHIJGHCBC@GAEGGAEAIBKFQDAJGHKDI@GCAECCAAABGBEAEACCAC@GBEBEDIDCDC@E@EAE@EAAAAC@ABIBEBC@CAEOSUWECCAUCOCUEKEMC@@K@E@MGCAAAGAC@A@C@ABG@GEECC@EAK@C@ECC@C@ABABAD@BADBDBD@J@D@F@DABCBA@CACE@ABEBCBA@@A@@A@KMGB@DIBKACAGBIBGGBABGBCBCBA@A@ACAAAAI@CAAAAACAC@AACDE@CGACCCCACCC@AC@ABADCDABCBCAEGKCAAC@CBADCBG@EAACCCBCDA@CABECCC@IBC@EC@ABC@A@@CACAA@O@EBEBA@@A@@A@ABCDABCBC@C@ABC@@C@C@CCC@CAA@C@ABC@AA@CAA@GEA@A@CAABA@C@AAIE@AAA@A@ADCAIAMEECE@C@CDCHABEBCBCDABABABC@KAC@E@ABADAACAA@CFEAECMEMIGMA@K@@OAKFKLMJIBMCIEMCK@SCMCMEMCMIOIOGYGUEQAQAMDK@QAKAGGGEECECICMEOCMGMGIIGGAKJKHKBGAEGEGCIAO@QDQDGDCDUNCBEFA@CB@@C@A@ABABA@@BAD@@AD@@A@@@CBC@A@@@C@CBA@EBC@@BA@@BAD@@A@CACA@@A@A@@BA@@BA@@BA@@@A@A@@@A@A@A@@AA@@B@@@B@@ABAB@@@B@@AB@BAB@BA@@BAD@@@BAB@B@BAB@BABA@@B@@@B@@@@BB@@@B@@BB@@@B@@BB@B@@BB@@@B@@@@BB@@@B@@@@BB@@@DB@@@BB@@BBB@@@@@@B@@DLFNFLBP@FCD@HCJAJAJCHENENAD@BBBDBHDHBD@BBBB@BABGFILGHQFKDC@CBEFG@ABAFCHABEBC@CBAB@D@JFHDFBFBJ@DBBDDFBDD@BHBLHBDBFDJDFDFHFJHDB@F@DADAJCFCDCB@BBFFJFFBBDBJ@J@DBFABC@ECIAGBCBAFAF@DBDDDDFHJFTJBABCB@D@BBBBBJDFFDBBDADA@AD@B@DDB@D@BE@IAK@EFADADGBEFCD@HDJFHLDHBBB@D@D@BB@FBBBBJFB@FADCB@B@BBDABA@ABABAB@DBBDD@D@BABABEDCD@B@FDDFFLDJBD@@B@B@DEDADBHFBB@B@BCBEBAB@DDDBBD@XBTPBF@JCHGFAFAFBDBFBB@DADEFABAD@F@DC@A@SBCBADBH@RBB@DBF@BB@BBB@@@B@@D@FDHBBFAHCDAB@D@D@FCDAF@D@BB@@@DAF@DFHDFDBHBHBB@DDBDFFFBBDBFBDBBB@FBD@D@D@DAB@B@DDBFDBD@FDDBDFBBDBHBDBBD@DADGNCD@DBD@FDFDBBFBB@@D@B@D@HDFDBD@@@D@DCTADBDDDDFBB@BADABEBAB@B@DBDBDD@BBDAFADAB@BBB@D@D@FABALDXFJ@H@F@FBFDFBD@ACECCCA@AEAG@IBE@EEEGECAAKF@FADCFKHKBGBAB@DBDFDBF@LBJ@HBFBHFF@PBJ@HABCCEGI@ADAD@L@LAHAHGFELEJEDCLSHAL@DCFEJCFADAF@BBBF@FDBDBBB@BADA@@DBBDDFDHAD@D@FDFDF@JCDAF@B@B@BC@E@C@AD@D@DDDBBD@DCDBDBDFBDABCBADAFABCBEAO@E@CBAD@JHJHDBFAFEFGHAFCBCBECECI@CBCD@JGJGHEDAJ@dRHDDFDD@D@DBDFFDB@B@DADCF@DAFADCD@DBDDBBBD@H@FDDDFHFHDB"],"encodeOffsets":[[112712,28640]]}},{"type":"Feature","id":"431281","properties":{"name":"洪江市","cp":[109.831765,27.201876],"childNum":1},"geometry":{"type":"Polygon","coordinates":["@@AKEGGMEQIYCMBMAQBOBMDIDCDAF@FDFDDHHPDJDHFBDBFAFCJCJALAF@@@@@F@JDJDL@P@\\ENAJGJM@MCQEICG@GBIBIDGAIFGEEEGGIKGMGUGSGOGQKIIEO@UAOCOKMOIOCU@OFOHWLIDABCBCFGDCBABC@C@A@AAECECAAACAAAEAA@@AAC@EACAACCEAG@EBGFOBE@EAEEG@AACCCGK@C@C@CAAACCAAAC@OD@@@B@B@B@BABABCBC@K@CAG@CDA@ADABCDAB@BAB@@AACCIEA@A@ABABA@CAECGAKCGCMCMAE@A@CAGAA@GECEGIEC@@KGIGOGWGKGEKIQFKHCJGDIDKEMCMCKGEOCMCOEWKKKEE@@AECGCO@GBEDGBE@E@K@CACA@ACACAA@CCBIAE@GACBE@@BDFBBBDA@@@CDABGFGBEJEBE@AAA@GAG@KAG@EDAFBDBDHFFFBDDJAJEHGHIHIBGDGJENAJELEHGFEFEFMBIHEJE@EOEIGKGKCICCGCC@IBGDGJEFGHGFGDE@I@K@QCO@I@GFABBLALCTEREJGJEFOBO@Y@[EYMOAMFCJJ\\HTKJQI]MMIIKCICKEIIGSCCAMIKEKEMBUAO@CAIAICEEECECGAMBGDIHGFIBCCEGGEGCIAKCK@IFCB@@ACACEEOKECCECECEEC@GAEAGCCC@AAKA@@EAKAIBKDGAKCIEK@KAGDGHGFG@GAGCKBCDGF@HVNbfbPEHEHGFGHM@I@C@ABABA@C@C@I@CBC@C@GBEB@@C@IBEA@BCBB@AB@@BBDB@B@B@@@B@@FB@@BB@B@@@L@BABCBI@CD@BDBH@LBDDBADAFAFAF@BBDDDDF@DAD@DBABDBBDBBDADABCBA@@DCDAB@BB@BDAB@BBB@B@B@BHBDBBA@ABABAB@D@BB@B@HABAB@@ABB@BBDBB@@B@BABADADCFE@@@@B@@B@DCF@BBDF@FABD@B@BDBF@FFB@D@@AB@B@@BADBBBAD@BAD@BABA@BBBAD@DBB@B@F@DADCDAD@BABBFDDHDFBD@BD@DCFABCBAFAFEFBFDBDBDBDABC@E@I@EBCB@B@@@@BAD@DBBDDBDFJBF@DCF@BDBDDHFD@@C@EACDABAFAB@BAL@JDPDJJFFHNDPCPCPEJEDEFBFDBJ@FBJBFDFJFJFJHDNBP@NEFABA@ANADAHFFBHDDDHDBBBCDCBAD@DABBDJBDA@A@FHBBBBF@DBBBDDD@D@DADAD@@BB@AB@BE@@DB@DBDFDBFDDFDBD@D@BCHCFED@BBB@@ABADKBGJQBC@ADAFAB@HAFEDABAB@BDF@DBD@BADAHEB@@@BDBBBBB@@@BA@A@ADABBD@D@NEB@D@BBBB@D@@C@C@AB@D@DDD@@LBD@FDDDFANCBC@ABAB@BBB@BBB@D@B@@ABABAH@BABC@ABCB@DAD@DAB@DADEB@DBBBDBBA@ABAB@HDD@H@HBBBDAHCB@DDFDBBHBBD@B@DB@DBHBBB@@@B@BADBD@HABAB@B@D@BABA@E@C@EBKFA@DD@B@D@BB@BABCBAD@@BABCDA@BBD@BBFFDBD@DBD@B@@BAFBDBBBDFDHBBBB@FFDB@B@BA@DDBBDDB@DBB@@BBBBBD@D@D@DDB@D@BADED@BB@BBBADDD@J@BAJCBC@ADAD@BDH@BBDDD@FADGDADADAD@DABBDDFDHBF@BBB@DD@FBDAD@HGDABBBD@FHHBBHBDBFDDDLNCD@DFDLFLDH@BBDDDBDDDBLHDBFB@B@BABCBAB@BBBDB@BABCAA@C@C@CBC@@BDDD@F@B@@BCD@B@DBBBBDBFJ@BBBD@F@DABCBABA@AAAIBC@A@AABAFCF@J@D@BB@BBDB@@DABCDAB@BBBD@F@HEHGBCAAAC@C@CDAFBBA@C@A@AG@CA@A@C@AAAA@CAA@AA@A@A@AB@D@HA@AAAE@BA@AFAD@D@DDF@DCBABCDAB@DADA@ABCBC@A@A@GBCBC@CAGA@ECEC@A@CB@B@DDB@D@@AAAA@A@AA@@BCDA@@AI@E@ABAH@BBBBBBBBDBBDBBBBB@D@B@D@NBD@D@@@@A@AB@BBBBAB@BBDBD@@B@@A@AB@DDB@BA@A@A@AFBBBDHAB@BBB@BBBAB@DBBB@F@BB@@@B@DBBH@D@BA@ABA@BDHBB@DBBB@B@DEDCDCBABCB@B@BBHBD@BABCBAB@BBDBD@H@DBBBALBDBBDBD@B@BABC@ABADBFJBBB@B@BA@A@CF@D@D@@ABA@A@AFAF@@BBBBB@BABA@@B@BBDBD@@BB@BBFB@B@BAFCBC@ADAFCH@F@F@FABEBGBEDGBCFCFAH@N@RDLCFCJAFATFVDJDFBBF@FBL@JDDJ@JEFGDEHKFEJGDB"],"encodeOffsets":[[113084,28073]]}},{"type":"Feature","id":"431230","properties":{"name":"通道县","cp":[109.783359,26.158349],"childNum":1},"geometry":{"type":"Polygon","coordinates":["@@@AACBADABABC@@@CAAACEGAC@CACBE@@FGEEEGIGEGIKAIAICICGCGEEECEGGGEIMKIIOKKCKEICEIIICSAIAICOCQBI@KAECCC@GEECEIAGCG@I@ICQEMEQGOCEIEOCODOBMFOHKHIBKAECGEGKMWESEIEI@K@EDELIJALEJGBE@EAIBC@KDGBIJMHGFIFMDMAIEOCEISCOAGCCIEMEUGQC@@IJIHC@CBAB@BBH@HBD@DBB@BA@A@CAC@KAE@G@C@GAGAK@AAGAMCEBMFC@ECKEC@G@A@GCC@G@@BBBAHBBD@BBCBKJABBBDFDDD@FADCB@@BBBA@@HBB@BBB@BABABCBEBEDABAFADED@DBBBHBD@D@B@BFDF@BBBB@D@D@FBBFF@HAD@FBDB@D@DCDCH@DAD@DABB@B@LDBBBBDDFBFDBFFBBBDAD@DJLBD@DEFCD@B@D@DABABGBC@CBADADCFABC@C@CCCAAC@A@C@ABAACAAAACAC@CAEBC@@@@DBJ@D@BCBC@C@C@CDABCDCBC@C@CAEAC@E@A@G@IBEFAF@L@J@NCHKHIDQCMEMKGIIIKGSEK@M@SBK@QCKICMEMCCGAKCI@KBIDEFBFAFADIFEDEJCHKHGDGBAH@DAJCN@@@@@BA@@@C@@@@@A@A@A@@@@@A@@@@@A@@@A@@@A@A@@@@@A@A@@@AB@@A@@@A@A@@@AB@@A@@@A@@BA@@@A@@@@@@@AB@@A@@B@@A@@@@@@BA@@@@@@B@@AB@@@B@@@@@B@B@B@B@@@@@B@@@B@@@B@@AB@B@@@@A@@B@@@@@BA@@@@B@@A@@B@@AB@@@B@B@@@BB@@@@@BB@@@@BB@@@@@B@@@B@@@B@@@B@@@@ADBB@@@B@@@B@B@@@D@@@BAB@@@B@@@B@B@@@B@B@@@B@@@B@@@B@@@B@@@@@B@B@@@B@@@B@@B@BADCDCDCDCDADADABBADAB@BBB@@B@B@@A@@B@@@B@@@@@B@@@@@BB@@@@BBB@@B@@@@B@@BB@B@@@B@@@B@D@B@@@B@@@B@B@@@B@@@B@@@D@@@BA@@B@B@@@@@B@@A@@BB@@@@B@B@@@F@@@D@@@B@@@B@B@BAB@@B@BBDBD@D@B@DBB@BBDDBBBDD@B@F@DBF@D@DABABCBEBCB@BAB@@AB@@AB@@@@AB@B@@AB@@@B@@@B@B@BA@@B@B@@@@@BA@@@@@@BA@@@@B@@AB@@@B@BA@@@@B@@AC@A@AA@@ABA@A@A@@A@@@@A@@A@@@@@@@@@@@AB@@@@AB@@@@A@@@@@@@@@@@@@@BB@@@@@@@@@@@@@@@AB@@@@@@A@@@@@@@@@A@@@@@@@@@@@@@@A@@@@@@@@AB@@@@@@@@@B@@@@@@@@@@@@AA@@@@C@AA@ACAABA@ABA@AB@FAD@@@B@@@@AB@BA@@B@@@@@@@BA@@@@@AB@@@@AB@@@@A@@B@@A@@B@@@@AB@@@BBDBBB@BB@B@BBBAB@FAFCFABA@@BCBABADAD@D@DABAB@B@@BBB@B@B@B@B@JB@HCFE@MFKFEHCHCLEPEP@JFHFFJNFNFFNDJDJ@JCJEF@FBFBFHDBDDJBH@H@FCJDBDDFFFJJJHFJ@JBNDNLJLHHFDFFDJLHFJDJDFFHHFLLLHR@H@FILELAHBJFDDBFAHCJAF@HDDHFFBBHBD@FGDED@FAFAHCDCFAH@H@J@D@BCBA@@@AAA@C@@DCB@DC@A@A@@@AIECC@A@@DAHEB@BAJDFDHH@BBBBD@F@BC@GBAB@B@BDDFDBBABEDGDAD@B@BDFFHD@@@J@PALNNHLJLHFHFJFHBLDJDFFHJHNDH@DCHEFGHMDIBKAIAI@IFEDEHAJFDDFHB@JDBBHXJHFBDBDABAAA@C@@D@FBF@D@BBHHBFD@FAJBDCF@B@B@BH@F@DDHBBBAH@JBJBBBHCF@F@DFFDJ@LENGFCL@LDPJJLHFHBJBHADGBIAI@GBCJEJALAFEBC@CEGAGDEHAHCNEJ@LBRFDCCIGQGQAO@KBKFEFARGXENIAODOFIDIAG@EGIAKAMAK@OAE@@@@@CCCAAGCCACACAAAIOCEAACCAAACBA@CDABAB@DA@ABC@C"],"encodeOffsets":[[112632,26899]]}},{"type":"Feature","id":"431229","properties":{"name":"靖州县","cp":[109.691159,26.573511],"childNum":1},"geometry":{"type":"Polygon","coordinates":["@@@@@A@A@A@A@EAEBCAECCOGICACBCBAJCJAJ@LB@@JCRCNCPIPIJIJELEJC@BFFB@B@FAD@FBD@BAHED@B@BBAFCF@DFFHFF@J@LCFCDDHFFDFBH@LDHFBF@JGHKHILCHCF@HFLDHFJBLLNHJPDTBP@TBRERERINENELCJCHEF@FBDFJJFH@@@DBBBBDDJJBDBDB@DBB@BABA@ABE@@BATB@@@@@HBD@DLBB@DADAFEDADAD@JDB@BA@@EG@CBABADC@EBIBC@ABGBADCBCFAJGJEBABAAAGCAA@AAA@C@E@C@AB@LC@AAAAE@AB@B@FBD@B@DCBAF@DA@ABAF@D@D@D@@DAD@BLDJFFBDBD@B@B@DCFADAB@DBF@DCBABEDEFCDADAJ@DBHHFFF@D@@ABG@A@ABA@CACAC@CAC@@FGFEJEFCDECEAEACGEGCKDQBK@GCIEGEAG@I@CACEAEAO@QEMEOEGCEOAE@GCG@EICE@GFK@GAEIAI@KLMPIROPK@BDBBBB@B@@@BA@CDCDCDCDCBA@ABAAA@ACCCAEC@CAE@C@CACAA@EBE@C@C@C@AD@DAD@@@B@BBB@B@BADCDAB@B@DCDADAF@DBBABG@A@AI@EAAABCACGC@@@@@ABABAB@BA@A@A@AAACA@AACAA@A@ABC@C@CABA@AAAEGAICECACEKCIAG@EAGAAIAIAG@ABAACG@C@EAGA@A@E@CDIAEBC@AEGGAAC@E@EAC@@@@DBBABCBCAEAIGGWAAICA@EGCCIEGBCFEF@JBJBJALCJGNEHGFCDG@MCIGEGCECIAKEGEIEGKGKIMGKMOBI@@@C@EGCE@A@ABCHCFCBAAAECCC@A@ABAHAD@@A@EACAA@AGGECICABA@GFCB@@@BDDJF@B@@@B@BCDA@CD@@@DBB@B@@ABADC@I@G@G@EBCDGDEBEBC@CFEHC@GAAAEECGGCE@IBGDEBCAECAIBGFKJK@E@GGQKKEKGGEEICICGEIKECCEGEKGKICMAM@IEIIGIIEECEACICEDG@G@IACCCAEGEAEAE@IFIDI@ICMCAFBHBDBB@@ADBB@B@B@D@@DBDDBBDB@DDD@BBBDDDBBBD@DBABABABAFAB@@ABABADAB@B@@@@@BABA@@@EBCAA@CA@@@ACAC@CC@@AA@@A@@AAAA@@@A@@A@@A@@A@@A@@@AA@@@@A@@A@@@@AA@@@@BA@A@@B@@AFA@AA@@AC@A@A@@@AACA@A@AD@B@@A@AI@C@CACAAAA@C@ABE@ABC@@@A@@@@@A@@AA@@@A@@@A@A@@@@@AA@@A@E@IAGCECIEECE@I@KBG@GAAA@@@@A@@A@@A@@@AA@@@@@@AA@@A@@AA@@@CA@@A@AA@@A@AA@@@AA@@@@AA@@A@@@@@AA@C@@AA@@@AB@@@@AA@@@@A@@@@@@@A@@@A@@@@@A@@@A@@@A@@@@@A@@@@@A@@@@@A@A@@@@B@B@@@@@@@B@@@B@B@@A@@B@BA@@B@B@@@@@BA@@B@@ABAB@@@@@@AB@@A@@@@@AB@@A@@@AB@@A@@@A@@B@@A@@@@@A@@@@BA@@@A@@@@BA@@BB@@B@@@@BB@@@@B@@B@@@@@B@B@B@@@B@@A@@@A@@@@@A@@@A@@@A@C@@@A@@@A@@@C@@@A@E@@@A@@@A@@@A@@@@@A@A@@@@BA@@@A@@BA@@B@@A@@BA@@BA@AB@@@@A@@@@BA@@@@@@@A@@@@@@@A@@@@AA@@@@@A@@@@@A@@@@@AA@@A@@@AA@@A@@BA@@@A@@@@@A@CHKRENERAHBLDFFHJBHBHBFDDFBDBH@HDNBHDHFHFJDLDHDHBDFRBNDLFJHJJFHFLHPJLFLFR@HBHDHFBD@DAFGBEBG@EAEBCF@F@FBHLJNJJJHFDHAF@DAFCHCJ@HDHH@FBLFJBFFFFDHATCRCJEHEDEBDBBDBB@BC@@@A@@BA@A@@@@AA@@@@@A@@@@A@@A@@@A@A@@@A@@@A@@@A@A@@@DHDD@FBD@@@B@@@BA@ABAH@@BBBDB@@B@BBL@B@BA@EDED@BAF@DCD@@ADAB@HAFAFGHGDIDGJAF@F@JCLAFCBGAEGGCCEECIAGDGBGDIFMHIFCFEFCHKRMVCLAFLFF@DEDADAF@FBHDLBJBT@NCNCPEJCNDFBFJJHLFJBFHCDAJEHBHFBH@DEJAJANEF@F@BD@DBF@NFLLJLFHHJHJFJBLDPBNCN@P@H@J@L@FADCBG@IBGHADBBB@@BBDBD@D@DBDB@AD@BCB@@ADABA"],"encodeOffsets":[[112158,27386]]}},{"type":"Feature","id":"431227","properties":{"name":"新晃县","cp":[109.174443,27.359897],"childNum":1},"geometry":{"type":"Polygon","coordinates":["@@PCLCREPGRIHEDEDGDKAOBOBIDGDGJIB@@@@@LELGPKPGNEJAH@RDD@F@FC@EAGCCACBEDAJ@JBJAJAJEFGAEAGGEIEKGKEAGBGHIJKJKHEJGHCBEBI@GGGKCKEEGEMBIDKFODKDEDIBIDI@EAECIA@@AAA@@A@AA@@CA@@AA@@A@AA@@A@@@@AA@A@@AA@A@@@@@A@@@A@C@A@@@A@A@AA@@A@A@A@A@AA@@AA@@AA@AA@@@@AAA@@@A@A@@BA@@@A@@@ABA@@@@@A@@@A@A@@@A@A@@@A@BB@@@@@B@B@GCE@C@CB@BBD@H@@A@A@@@A@@AA@A@@@A@@@@AA@@@@@@@AA@A@@@@@A@@@A@@@A@@@A@@@A@@@@@A@A@@@A@@A@@ABC@AA@ABEAG@AB@BBD@BADABCBA@AB@D@@AA@@@@AA@@@@@A@A@@@@AA@A@@@AA@@AA@@@@@A@@@@@A@A@@@A@@@A@@BA@A@@BA@@@A@@BA@@@A@AB@@A@A@@BA@A@A@@@A@@@@@A@@@A@A@@@AA@@@@A@@@@@A@@@@AA@@@A@@@A@@@@@AA@@A@A@@@A@@@C@A@A@@@A@@@A@A@A@@@A@@AA@@A@A@@@A@@@A@@@AB@@A@@@A@@@@@A@A@@@@BAKCI@M@KAM@KAOGUGO@IDGFADEJALCLIDGBKEGCGICGGKCKGKIKKOQQOQIIKG@@G@CBA@ABADAB@@@@AAAACGEG@AAA@A@A@A@CAA@AACAA@@A@C@A@C@A@@@ABA@AB@B@@@B@B@@@B@@A@@@A@CAA@A@GDEBA@AACAAAA@CAC@AB@CBADAAAA@CAC@ABA@A@A@A@ABA@A@ABC@C@EBCBA@AAA@CACBA@C@@D@BBF@BDD@BBBBBBDBDBD@D@B@B@B@BDD@@BBBDDD@@BDDFBB@@DBD@BBBBJBDBBH@DB@BDCDADEBE@EBM@E@A@CCAAAAC@EBAAECCCC@GBCBE@KAAAAA@AAACAA@CACCGGAAAAABAFAD@DCCAGACCAACACC@AA@@@@A@A@CAA@C@A@@BC@A@A@C@CB@BA@@DADABA@C@EACACCAACCAA@ABA@A@@AACA@@AA@C@CAAECIEOEIAIEGCGEIEGEGECEEEEAKCCACBAACA@@EC@@ABA@AACAACDC@EBCBAF@DBDA@@@A@@BA@@A@@A@@AA@@@@@A@A@@@ABA@@@AB@@A@@@@BA@@@@@A@@@A@A@A@A@@@@@A@@@AA@@@AA@@@@A@@@@AA@@@A@@@AA@@A@@AA@@@A@@@A@@AA@@@@@@BBB@BB@A@CAC@AA@A@AAACAABC@@@A@@@@@AA@@A@@@@@A@@@@@AAA@@@@@A@A@@@A@@@A@@AA@@@AB@@AB@B@@@@@BB@@B@@@B@BBB@BBDB@@B@D@B@DADAB@BAACACACABABABABC@CAAAAC@@@ABAB@BC@AACAAA@@@@A@@@A@@@A@@@@@A@A@A@A@@@AA@@@@AA@@AA@@@@AA@@AA@AA@@@@AAA@@@AA@@@AA@@AA@@A@@@AA@@A@@A@@A@@AA@@AA@@@A@@AA@@@A@@@A@@@AA@@A@@@A@@AA@@@A@@@A@A@@@A@@D@BBBBBBBD@BB@D@H@B@@AB@B@@@@@B@@@BA@@BAB@@@BA@@@@D@D@B@BBD@@@@A@@@AAAE@@@@@@@@GN@BA@@@@@AABABABG@A@AA@A@@@A@@B@@A@@@@@@B@@@BB@@@@B@@@B@@@@@B@@@B@@@@A@@B@@A@@@@@A@@BA@@@A@@@@@AB@@A@@@CAC@A@@B@DA@@@ABCBCFCF@DBBAB@@CBAB@@DBBB@@@D@B@@@B@@AB@@@B@@@B@@@@AB@@@@@B@@ABAB@@@BA@@@@@A@@B@@@@CC@AAAAAA@G@@@A@@@A@@@AB@@@BA@@@BD@BBBA@C@CA@@A@A@CBABAD@@A@AB@@A@@@@@AB@@@@A@@@AB@@@@AB@@@@AB@@@@A@@B@@A@@BA@@@@@A@A@A@AB@B@D@@@@@BA@@@A@@BA@@@A@@@CB@@@@A@AB@@A@@@ABA@@@A@@@ABA@@@ABB@@BBB@@@BB@@@B@@@BB@@@@B@@@B@@BB@B@@BB@@@@BB@@@@@BB@@BB@@BB@@@@B@@B@@@@BB@@@@@@BD@@B@DAD@B@D@B@BA@ABC@CB@@AF@BAD@D@B@@@BB@@DBB@BBD@D@@@@@BBDB@@@BBBBB@@B@@@BBB@B@B@B@B@@@BA@@DAB@B@B@B@BBB@@BABAB@BAB@B@BBB@BBBBF@@BDBDBBBB@@B@B@@@D@@@@@DBB@B@B@BADABABA@@@@@AB@@@BA@@BA@A@@@@@AB@@A@@@@@AB@@@B@@BB@@@@@@@B@@@@BB@@@B@@@BB@@@@@B@@BB@@@BB@@@@B@@B@@B@@@B@@@B@@AB@@@B@@@B@@@B@@@B@B@@B@@@@B@@B@@@@B@@@@B@@B@@@@@@BB@@B@@@@@BB@@@@B@@@B@@BB@@@BB@@B@@@@BB@@@@@B@@B@@B@@B@@B@@@@B@@B@@B@@B@@BBB@@BB@@@B@@@@BB@BB@@B@@@B@@@B@B@@@@BB@B@@@BB@@B@@@BB@@@B@BBB@BD@B@B@BCB@@@B@@@BBB@@DADAB@B@@@BBBB@@BBB@B@@@B@@@B@@B@B@@B@@B@@@B@@@BAB@B@@@@@B@B@@@B@B@@@B@B@@@B@B@B@@@B@@DDBDBBABA@ABCBAB@BAB@@@BA@@@@BA@@B@@ABAB@B@B@@@BB@DBBB@BBDB@@BABCAC@C@@B@@AB@@@@AB@@A@@@@@C@A@@BA@@@A@A@AB@@A@@B@@AB@@BB@@@@BB@@@@@@BB@@F@B@B@@@@B@@@@@@@B@@BB@@AD@B@@B@@@BB@@DB@@DBBBB@@@BBB@B@@BB@B@@@BB@@B@B@BBD@B@BBB@B@B@BB@@B@BBDBB@B@BB@@@@B@@@BBBB@@@@@B@@BB@@@BB@@B@@@BBB@@@@BBB@JAF@D@B@DB@@DD@B@B@@@B@B@B@B@BDBDDDBDDFBB@B@@BB@@@BBB@@B@@BB@@@B@@@B@@@B@B@@@@@B@@AB@@@B@@@B@@AB@B@BB@@@@B@@B@@B@@@@@BB@@@BBB@@@B@@@@@B@B@@@B@BA@@B@@@@@BABC@A@ABABA@@B@BB@B@DBB@@B@@@B@B@@@B@@@B@@BB@@@B@@BD@@@B@@BB@@@@BB@@@@BB@@B@@@@@@BBFDFBB@B@@@BB@@@@@B@D@@B@@BB@BA@@@@B@@@B@@@@AB@@@B@@@BA@@@@B@B@B@BA@@@@B@@@@@B@B@@AB@@@@@BA@@@@B@@A@@BBBFB@@B@BBB@D@@@@BHB@@B@@@@DBBBBBB@@@@@B@B@@BBB@B@F@BAF@@@DBB@@@BCDCLEJ@FET@DDBDBDBD@B@DCBEBEDCHAHCDAF@@B@B@FBDBDB@BDDBB@D@D@@ABABAD@@ABBB@B@HHB@DBB@H@D@B@@@@B@@@@AB@D@B@B@BA@@B@@@B@@@B@@@@AB@@@B@B@@@B@@@B@@@@BB@@@B@@B@@B@@BB@@BB@@@@@@B@@@@@BAB@@@@AB@@@BA@@B@@@@AB@@@B@@@@@B@@@BB@@@BB@@B@BB@@@@B@@@BB@@BBB@B@@@BAB@@@BA@A@@BA@@B@@AB@@@B@B@@@B@@BB@B@@@@@BBB@B@BB@@@@DB@@B@BB@@B@@B@@B@@BB@B@@@@B@@BB@@B@@@@BB@@B@@B@@@B@B@@@@AB@@@@A@@@@@A@@@@BA@@B@@@B@B@@@BA@@@@BAB@@AB@@@@AB@@@@@@AB@@BB@@BBB@@@B@@@B@BB@@B@@@B@BB@@B@@@@@DB@@@@BB@B@@@@@BB@@B@@@@@BB@@@@@@BB@@@@BB@@@@@@@BB@@@@B@@@B@@B@@B@@@B@@@@BB@@@@@BBB@@BB@@BB@@@@B@@@B@@@DBB@B@@@BAB@@@@A@@@AB@@AB@D@@ABA@A@A@AA@@ACAAC@AA@@AA@@@A@@@A@@@@@A@AA@@A@A@@AAAA@AA@@AA@@@AAA@AA@@A@@@A@@@A@@@A@A@@@@@A@A@@@CB@@ABAB@@@BA@@B@B@@DFBD@@@@@@BB@@B@@BB@BAFIBA@@DAB@BB@@AB@B@BBF@B@D@B@@@BBBBB@@F@B@@DBDBDHDBD@@@BBBBB@BB@@B@@BB@@BB@@@@B@@@BB@@B@@@@@B@@@B@@@B@@@B@B@B@@@B@B@@@BBB@@@@C@CBABA@AF@@@BAA@@@@A@ABE@C@GCEEM@EBCH@JBF@HJHFNJPNHJJJFFLBL@DCDEDEFGJEJCHAH@BAFE@C@E@EDEHAF@FBDDFBHDDAJBJBJALBHAH@"],"encodeOffsets":[[111918,28082]]}}],"UTF8Encoding":true}