{"type":"FeatureCollection","features":[{"type":"Feature","id":"131024","properties":{"name":"香河县","cp":[117.007161,39.757212],"childNum":1},"geometry":{"type":"Polygon","coordinates":["@@AD@@C@@@@B@@AAE@GAA@A@@@@@@BA@CAB@@A@@@@A@@@CF@@B@BBHB@@ABAB@@@@DB@@CD@@@@@@@@@B@B@@A@@@@@@@AB@@@@A@A@A@@B@@A@@@DB@@AF@B@@@@@@A@@@@BBF@B@BAB@B@@B@@@ADC@CD@@@@DB@B@@BFB@@@B@@D@@J@B@@@B@@@@@@@B@@BB@B@B@@@D@@@@B@BD@B@ABBBB@@@B@B@BB@@B@B@B@@@B@BB@@JA@@@D@@@B@DG@@@@@@D@@@@@@A@@@A@@F@@@@@@@@B@DB@@B@ADA@@B@@@AABDB@@AB@@AB@@@@A@@@@B@@@@@@A@@@@@@FA@A@@@@@@@@B@B@@@@@@@@@B@D@@A@IA@@ADA@@B@@@@DBB@@@AF@B@@DBFBDD@A@@@@@ADE@@B@DA@@@@@@@@@B@@@@B@BB@@@@@@AB@@@@A@@@BB@@@@A@@@B@@BB@@@@@B@@@@BDBB@BBB@@@CFABAB@BAB@@FFDDFBN@F@J@FCBAD@B@@A@@@@B@D@@@BB@@@B@BA@@B@@@B@BAB@@@@@B@@B@DBB@B@BA@B@@@B@BAB@@@BA@AB@@@@A@@@A@@@C@GBC@ABA@@@A@AB@B@@A@@@@@@B@@@@B@ABAF@B@@@@D@@@@@@@@@@@F@@@@@@@@@B@D@@@@@@DA@ABC@@BGFEDCBABAB@B@BBD@B@B@DAD@DAD@D@FAHCFCFABCDADABB@HBAFHBBDB@BBB@LB@@BCPBBCB@B@@@@@PABBJDAD@@DBD@HOACDCDEL@JDBBCHLBPDB@FELABCBI@@B@P@DC@AF@BA@GC@@EFEBCFGFD@DB@@DB@D@FBD@H@D@B@DBDCFDFIHKACGCFABBBCFCTGH@DBBB@B@@P@B@B@H@F@B@H@D@DAF@H@D@CJFHJD@BFBZDHBFBJ@B@B@B@D@FCB@BAB@BAB@DA@CA@@CA@@CJQA@AAEBBI@@A@BKHB@@@BB@@@B@B@BA@ADFHBBEF@@ABA@@F@@C@A@@@A@C@@@ABA@A@A@@@@@@@@@EDA@@@AB@BABAHAFCBAB@BADCB@B@@CBALIGGG@@AEB@A@@@@@ACEC@G@CE@@@AGBEACBEAC@CA@@CA@@@@A@CB@@AAA@AA@@@A@ABCBCDC@CBAAA@@A@@@ABABA@A@@@@@A@@ABAMAACB@@AB@@ACCFACEAC@AL@@@A@@AF@@AHA@A@@BA@@@@BB@FDA@A@A@@BCG@@@@AA@AABGDB@BF@BIC@@GDB@AC@@AB@@ABAB@AEAA@@@@BQA@BCE@@@BEAA@@BA@@BK@A@@BCC@C@@GC@@A@@@@@A@@@AA@@@A@@@@@@@A@@@@@@@A@@@@@@@A@@@@@@@@@@A@@@@@A@@@A@@@@A@@@@@@@@@@@@@@A@@@@@A@@@@@@B@@A@@@@@@B@@@@A@@@@@AB@@@@@@@@@@B@@@@@@B@B@@@A@@@@AB@@@@A@@@@@A@@@@@@A@@A@@@@B@@A@@@A@@@@@@@A@A@@@@@@B@@@@@BB@@B@@@@A@@@@@@B@B@@@@@B@@@@@@G@@BAB@B@B@@AB@B@B@@@B@@@@A@@@@BA@@@@@@@A@@@@A@@@A@@@A@@@@@A@@@@@@A@@@@@@@AA@@@@@@A@@@A@@@A@@@A@@A@@@@@@@A@@@A@@@A@A@@@@@@@@@@A@@@@A@A@@@A@@@A@@@A@@@@@@@@@@@A@@@@@@@@@A@@@@@A@@@@@@@A@@@@@A@@@@@A@@@@@@@@AA@@@@A@@@A@@A@@@@A@@AA@@@@@@@@@@@@@@@@@@@@AA@@@@A@@@A@@@@@A@@@@@@@@A@@AA@@@@B@BA@@BAB@@@@@@@@AA@A@@@@@@AB@@@@A@@C@@@AA@@A@A@@@C@BAAA@@E@A@C@CCC@@AGDC@IDAA@@@@@A@@BA@@@A@@D@B@@@B@@@@@@A@@A@@@A@@@A@A@A@A@AB@@A@@@@@@B@B@B@@A@@B@@@@@@@ABACAC@@B@BA@@@@@@@@BAAAB@@C@@B@@@B@B@@A@@@CBA@@@@@@@@@@A@@@A@@@A@@AB@@@B@@@BC@@@C@A@@@@B@B@@@B@@A@A@@@A@BB@@@@@@MDKDKFGDIBMDIDIDOBGBIBEBIDKBEBIBE@@A@@@AA@A@A@A@@AA@@@@@@@@@@@@@@A@@@@@A@@@A@@@@@@A@@@@@@@@@@B@@@@A@@@@@@@@@A@@@@@@AA@@@@@@A@@@@@A@@C@A@@@@A@AA@A@@@A@@@C@@@EAC@@AA@@@A@@@A@@@A@@@@AA@@@@@@@BA@@@@BAC@@@@BA@@@@@A@A@@@@@AA@@A@A@@@@@@@@@@@@@@@@@@@@@@A@@A@@@@@A@@@@@@@@@A@@@@@@@@@@@@@@@A@@@@@@@@@AA@@@@@@@@@@A@@@@@@@@@AA@@@@@@@@@@@@@@A@@@@@@@@B@@@@@@A@@@A@@@@B@@AB@@@@@@B@@@B@@@@D@D@D@B@@@BA@ABABA@@@A@@@AAACA@CA@AA@@@@AA@@BA@ADCDADAB@DAD@BAD@B@B@B@BBDBF@@@@@@C@@BA@A@@@ABA@@@CBC@@BA@A@@B@@@B@B@@@@@@@B@@@@@@AB@@B@@@@@@@@@@@@B@@@@DB@@@@D@@@B@@@@@BB@@@@@@A@@B@@@@@@AB@@@@@@@@@@A@@@@@@BABA@@B@@@AABAD@BAB@@BB@@@D@@A@BB@@@@@@@@@@@@@@@@@@@@@@@BA@@@@@@@@B@@@@@@@@@@@@@BA@@@@@@@@@@@@@@@@B@@@@@@@@B@@@@@@@@@@@@@@@B@@@@@@B@@@@@@BB@@@@@@@@@B@@@@@@@B@@@@BB@@@B@@B@@@@B@@@@@@@@@@@@@@BB@@@@@@@@@@B@@@@@BA@@@A@AB@@@@@@@@@B@@DCJ@@@@A@@@A@A@A@@@A@C@@@@@A@A@@@A@@@A@A@@@A@@@@@@@@AAAA@@A@@A@@@@@@@@@AB@B@@@@@@@@@AA@@@@@@B@@@@@@@@@@@@@@@@@@AB@@@@@@A@@@@@A@A@@@A@@@@@@@A@A@A@A@@@C@A@A@@@@@A@A@A@A@@A@@@A@@@A@@@@@@@A@@@@@A@@@@@A@@@A@@BAB@@@BA@@@A@A@@@@@@@@@BA@A@AB@@A@@B@@@AA@@@A@A@@@@@@@@@@@@AB@@A@@@@@@CA@@@B@@@@@@@@@@@@@@@@@A@A@@@AB@@A@A@@@@@@@A@@@A@@A@@@A@@@A@@@@@A@@AE@"],"encodeOffsets":[[119712,40641]]}},{"type":"Feature","id":"131023","properties":{"name":"永清县","cp":[116.498089,39.319717],"childNum":1},"geometry":{"type":"Polygon","coordinates":["@@DAF@@BFB@@@B@@BBVNfHVDV@Z@HBBBDB@F@@@DHDBABEH@BB@@@DPAD@A@@@HKBAH@ACBADFJD@CAAA@CGJEAAFAF@@BRBLAJC@CB@AK@GD@J@B@LIVMZOLMJKNORMRQHOBKG@@CFMACA@@K@@@MBAB@BEA@A@@AJ@@A@@G@A@ACBIRBHQ@AG@@GAAE@DGDBD@B@BK@AAGFKCM@CAGCQCKBUBI@MPUJGLGVOJEPEb@JM@OOSOOGESGYESDMCAICKGKIEKEMCSCKBMDYASA_AOA@WDUBIIAMBMBODMBOB[DMBSHaTMLIHEHO\\IJEJEHKHQ@MEMC_BIJ@BK@@@@DIBBHMBBFE@C@@AB@AAE@@C@@QBA@@AIB@DC@@FG@@FC@AA@BCB@@AJ@B@JER@BBBCDDBBBBJG@@H@@D@@D@@J@@A@F@J@DB@BD@PHB@B@BF@@DCFAJ@B@BD@AFD@B@@ED@@FBB@DCTHDCHEAADA@KAADE@@D@DA@@DAFABA@@J@JB@@HD@ADLNLJPHPHRLPJZVDDJA@FRAJHJ@BB@D@HBBFFBCD@BB@BHDDBHA@DEBDFBB@FEA@AAA@@@FBHG@CF@NC@@@@@@@@@A@@@A@BEAE@AC@I@EBCF@F@@@DD@@@@D@DBD@H@@BB@D@BBB@@@BBB@@@B@@@BA@@@@@ABA@AB@B@@@@@J@@@BFN"],"encodeOffsets":[[119258,40401]]}},{"type":"Feature","id":"131022","properties":{"name":"固安县","cp":[116.299894,39.436468],"childNum":1},"geometry":{"type":"Polygon","coordinates":["@@EM@A@@@I@@@@@ABAB@BA@@@@B@@A@@@A@@AA@A@@AA@A@CAA@@@GAC@C@C@@C@@C@@@EDEFAJ@D@@BBFAFB@@@B@@@@@@@@@D@@MDEH@AG@E@@BB@BFB@EAACEFA@CGBCAGC@AAAC@ADEEAA@G@CAAI@IGQB@EIBCCYUOIQKOGOGKIKMBCC@@GA@@I@IB@BABE@CB@@C@CF@BCLBB@BCFBDGGCDS@CAA@EC@@FA@C@BEC@@A@ABIDE@CE@@A@AGA@OACA@@C@I@E@BI@@@@CC@@@@GH@AIAACADCAA@AFQ@I@ABI@@DA@AABACAAE@AICBBFK@@JO@CB@F@DEAGAACC@AEA@@GGCUMIEKGMG[MQGCMDIBIBMAKGKSGUGSBKBSDKDeJIJKJCJCLARBZ@JDLENQJKAIJALFLHNHLDJJZBJA\\@T@NBPHZBVALCLEJEJCJKLEBE@C@@E@AECCAIB@DABK@AAKBK@IAG@IBCEG@A@AFGDADAICBAB@BDD@B@BC@@B@BCD@@CA@B@FG@@DAF@D@DBBBDFD@BBBDBDFDHBF@B@BBBBB@B@B@BBFBD@PAR@H@F@DRA@FE@BBBDIBDHFHFJBBDF@LDHFPD@J@@@FBB@BDBFBBDBJ@@LF@BDB@FABB@N@BDDH@H@BJ@@ZD@HB@@DDFBAJBRA@CFAAKFBHDBBBDDJJH@BDAH@@@BA@@@A@@DCBAD@B@@A@@@@BAB@@@BA@@BABA@A@@@@BA@A@@@@@A@@@@@ABA@@@A@@BAD@FADCB@DAF@D@D@BABABC@@BAF@@B@@@@@@@@@B@@@B@@BB@@@@@@B@B@@@@@@A@@@@A@@@BA@@@@@@@@@@B@@@B@@@@AB@@@B@@@B@B@@@@@@@B@@@@@@@@@@@@@B@@@B@@@B@@@B@@@BA@@B@@@B@@@@@@@@@BA@@B@@@@@B@@@B@@@@@@@@@@@B@@@@@B@@A@@@@@B@@@@@@@@@@BA@@@@@@B@@@@@@A@@@@@@@A@@@@@@@A@@@@@@@A@@@@@@@@@@B@@A@@@@@@DADABA@EBABADAB@DA@A@@@A@A@A@CB@BADAB@BA@@@A@A@@DCBA@@B@@AB@BAB@@@@AD@@AB@@@B@BA@@@@B@@@B@@@B@@@@@B@B@@@@@B@@@@@@@@@B@@@@@@@@@B@@@@A@@@@@@@@@A@@@@@@B@@@B@B@@@B@BA@@@@@@@@@BB@@@@B@@@B@@@@B@B@@@B@@@@@@@B@@@@@B@@@B@@@@@@@B@@@@@BA@@B@B@@@B@@@@@@@@@@@BB@@@@@@@@@@@A@@@A@@@A@@B@B@B@B@@@B@@@@@@A@@B@B@@@@@D@D@F@D@HA@@D@B@B@D@@@BBBBD@B@FAD@BA@AB@D@H@DBB@BAB@FAB@F@D@BA@@@@@@B@B@B@BAB@B@BAD@@ABAD@BAB@BB@@@@BB@@@@BB@@@@@@B@@@B@B@@@@@@@@@@@@@B@@@B@@B@@@@B@B@@@B@@@@@@B@@@@B@@@B@@B@@B@@@@@@@B@@A@@@@@BB@B@@@@@@B@@@@@@@B@@@@@B@@@B@@B@@@BB@@@@@@@@@@@@@@B@@@B@@@P@"],"encodeOffsets":[[119258,40401]]}},{"type":"Feature","id":"131002","properties":{"name":"安次区","cp":[116.744544,39.402569],"childNum":1},"geometry":{"type":"Polygon","coordinates":["@@@AA@JAB@BIFB@ABCBB@CBB@AB@@K@@@AGDCBDG@@DEB@B@ADFB@AHCFAB@ABHB@BAF@@@AJB@@B@LEHCFA@ACBBK@@A@@AHCB@BCPJ@CDB@ABB@@BBDA@@B@@BB@ABRDDEHEB@@@LDBAAA@@DAJCIMKFCABA@ABCGA@A@A@@CA@@A@A@@AA@@A@@@AC@@AA@AABAA@@COAADCAA@BEE@BKA@@AEAA@@@AGDCDBBEC@@A@@@AFB@CAA@C@@@AB@@AA@@@BE@@DEA@BE@@BC@AA@AFEA@A@A@A[C@BK@BEB@@@BCA@BCB@B@@A@@D@BA@@BA@@@@JBA@HBBAB@@AGABC@AI@@CE@@BEA@EBCBBDKDOB@@AA@B@@A@BB@HBB@BA@@@@B@LBHHDIJJDDB@ABD@@DH@ADA@AF@@@DBB@ELB@BB@@@DB@@DB@AB@@AF@DE@AA@CBA@@CA@BEEAB@@@BG@@@CB@@@B@ADB@BE@@@@B@@ALBFC@@B@@@@@B@@AFBBGA@@@BCE@BEBM@@@C@C@AAAAC@AC@E@DQ@@A@@AEAADEAQC@@A@@A@@@EGA@IHB@ELBDQBG@EBI@AIAN[ECBA@O@GB@@@D@@@BA@A@@B@B@@@B@DD@@@EB@@IDAD@@AD@CGB@@@D@@EI@@@A@@A@@@A@@A@A@AA@B@FA@@BA@@@@@@BA@@AA@AHEBCADIAA@OA@E@@B_C@ABQH@DG@@@SB@@A@AAGB@@C@ABAAMA@FCAE@CBA@@BA@CAMBACAACC@YCQCE@C@A@S@@DCBA@A@A@AJC@C@G@AACAGIC@DGBE@AC@@@@B@DCDA@DEAA@@AF@@IBC@@ACBBFA@A@ABABA@GBA@M@@DAA@@@@@@AH@DC@AABEC@E@AB@F@BS@@JE@QF]PB^HFPPPT@PINa@OFIFUPKHIHOV@NAJAVDLDRBH@DDNELBH@BALA@C@CACHF@BB@HH@@BGRQAAJBDB@H@@@@BI@@BB@B@AFA@AB@N@@@LB@BDEN@DH@ALGPQRQNMPILKNYPUNKJA@I@C@@HBLA@@D@DABACAB@HBBGNLDADNB@JTH@BCZ@BBBN@@BH@BADAFADAB@F@HBBC@EL@@CJ@HCJDBD@DAJ@BA@CDABA@A@A@A@A@AB@BAB@B@DAF]CCBAB@RGBC@C@C@E@KAGBBFC@@F@BF@ALF@@HDB@HXO@JLHNB@BpY@@EABGL@DAFBBALEDAJGLGFAFCFCTKPGBAHCB@FCDADAFCJCDA@ELGJAD@D@FCLEDAKA@APBDAGABQVDBCJB@A"],"encodeOffsets":[[119589,40415]]}},{"type":"Feature","id":"131003","properties":{"name":"广阳区","cp":[116.713708,39.571931],"childNum":1},"geometry":{"type":"Polygon","coordinates":["@@IDKBQA@AE@EBBBIFDHB@BB@DICCEABBDG@ABGL@@B@C@OB@C@@AAG@AFABGC@C@@@ECAAAGAY@U@UCeGUMAA@@@A@@EA@AE@CBO@DF@@@DEAEJCF@@AJ@@B@@LCFA@@@@@C@@@DA@@@@C@@HG@A@@B@@E@@AA@@A@@A@BA@AC@BAIA@AA@@BA@@DC@@B@B@@DB@AF@CJADA@AACCAAOCC@AB@DB@ABDB@@@DDABD@DBF@BBBB@H@CFADCJGAAFI@@DA@A@@BB@@B@@C@@BEB@B@B@D@F@H@DA@@BD@@@D@@A@@B@@@C@@A@@D@@@B@H@@AR@B@BCD@@AA@@A@ABC@@B@@@@A@@@@AAA@@EBA@EF@JBBEPDFBAF@@@@@FC@A@AF@BD@AFC@@BADHBZ@@DL@@A@A@@JB@HH@@D@@B@@BF@@BB@@@@@B@B@B@@@B@@ABB@BA@@BAB@@FBAH@@AB@@@@ABA@@D@@BB@@ABC@@@@DA@AFD@@A@@J@H@@A@@B@@@FB@A@@FB@@@@B@@E@@B@@@F@@A@@D@@B@@JBFA@@@@@@D@B@B@@@BB@B@@@BAD@B@@B@@@@B@B@D@@@@@@D@@D@@@B@@@@B@B@@@@BAB@@@BB@@@@@@@NB@@@B@BABB@B@@@B@@@@@@BAB@@@@B@@@B@@@BBB@@@B@D@@@@@B@ADAFA@C@A@C@@F@B@@BBB@@B@@@@B@@@@@@B@B@@@B@@@@@@@@@@A@@@@@@@@D@@AB@B@@D@@@AFFB@DFB@DB@D@@C@@D@@AD@@@B@@AJABA@HB@@@AF@@ABFBABDBBE@@@A@A@@C@BE@@B@B@@@F@@BB@DBD@ABHB@BJB@BJBABB@@@AFD@@BA@ADDB@ADB@@AB@BA@@DC@@HF@@B@@VA@HF@@@F@@@E@BA@@D@@@D@@AB@BC@@B@BBBB@CB@AD@@BED@@A@@DBA@HBAFD@B@@B@BL@@A@@@E@ADAB@B@BIF@@@B@@MF@@@B@@C@EF@@AD@@AF@@@@@@ANB@DB@@BADF@@CHB@B@@BEF@BEFBAHB@@GD@B@B@@AB@@B@@FB@@@BABB@@@HB@B@@B@F@J@@C@@TC@AB@@BB@BEB@@BB@@BH@@CDB@BFD@@FMD@DGB@BC@@B@@A@@B@B@J@@@B@@@HB@@@B@@FBBAB@B@ABFB@B@@@AB@@@@@@BADB@@CB@@A@@@BD@@D@@AF@@@E@@@BA@@DA@BC@@@A@@AFC@@BAB@ACB@@A@@@F@@@EB@D@@AB@A@@@@CB@AA@ABB@AB@BCBCBA@C@@BC@ABAB@@D@AD@B@@@@@@A@CH@F@@@@JB@EFBBA@AB@BB@@B@B@@BD@@BB@@@@BL@@DFB@@DCB@D@BED@@CJ@@A@@@A@@F@@BF@@@@D@@BB@@FA@@BBDAB@D@BAFA@@HCBABAB@BCFCDA@CHA@ABIFE@EB@B@D@F@@BBB@BJ@@BA@@LFACJB@ADADF@DBD@B@@AJBADHBBAHBDB@@FICABADC@A@A@@A@E@DIA@CBA@CA@D@@ABD@@BA@@@A@@BHBABB@ADGC@ACA@BEA@AA@@AB@@BBAF@@@@@BAAA@BA@@AA@B@A@@AD@@AA@@@F@@AB@@AEAADAA@A@@ABAA@@A@@BA@@BA@BEA@@A@@@EB@BECBBCBA@@@@B@@@DA@A@AB@@@B@@ABABA@ADB@CFCC@@@C@BEA@@A@AA@CAA@IC@@AAC@DAAA@@B@@@BAA@A@C@BACAB@GEBGE@ACA@@CA@BGFB@ED@BAD@BE@AB@BIH@BKDABAB@@@F@JBB@@AH@AF@@@BFDBC@@@@FKEBBKDOBAA@@AC@@@IA@@EA@@D@@@G@DQB@AA@BCB@CE@@AJ@@C@A@@B@BABGA@BE@AFA@@A@@IA@A@A@FA@@A@A@AAABABE@@CC@@C@@@@@@@@IAEAGAA@BCM@@AAAABC@@A@ABAE@@A@@DAE@@BIAADUCARHBCBOA@BLBCBKFEDC@C@IBKH@FCBIDEDCBCBEDA@GDABOHSLEDEDEBKHIHCBKFABEACBK@AHFB@@oZ@AMAKG@IWP@GCA@GE@BKE@@A@ED@AEHALBF@D@D@D@HA@QBADA^DBE@C@ABA@ABAB@B@B@B@B@BADCB@@ABI@CACICGDI@@DK@@FADGAE@A@CBEBCBABG@@AM@AA@ADY@ASG@IMABCKCHMAA@GBABDBA@C"],"encodeOffsets":[[119401,40407]]}},{"type":"Feature","id":"131025","properties":{"name":"大城县","cp":[116.640735,38.699215],"childNum":1},"geometry":{"type":"Polygon","coordinates":["@@@@@EA@@A@C@@C@BCGAAAFG@@AABEFBB@@E@CAGEA@KGAE@@EAAQBAEB@J@D@B@@@@@@CB@DDDBAAFADA@@@@@A@@@A@@@A@A@@@A@@NE@AA@BC@@@C@AGABEA@@A@@BA@A@@@ABA@@@A@@@ABA@@@A@@DEHMBKAMEMAA@ACIGCBE@IA@AB@F@DEBIAABBBG@OC@AACI@BADCA@@EDEKADEGIIAG@@BGAGECAYTGGIIADDDABA@AAAACEQGBADAJAA@EIAACC@AACCBG@G@CAGIEIBAFAFACE@GB@D@FIDE@AC@AB@DUBACG@ACWB@GC@@GB@HDCIFA@BDHB@DC@EBCH@BCDAB@HA@EB@JBDBDE@EEACA@KAEGCECAC@EACI@BC@EA@CC@CI@AGIBE@ADS@DJQ@AECCAACBCK\\C@AACAACCACABCG@@AAA@A@C@AB@CA@BAB@BA@AACA@DABEAEJ@@C@AEAG@@HG@@DBBKA@DEA@D@BG@A@@HGAECBE@@@CG@@EC@A@@FC@@AACC@@CBEBAG@C@@BG@@ACBA@KN@DFB@DA@A@CBABFJ@DIJOBYCKG[GSB@A@AGBEBC@_BGBIHECEBC@E@AD@HBFEBGBCACDBFCBC@@HC@@B@B@FF@@@DFDPMB@DD@BFC@@@C@SACGA@ACCB@DDFBJGBA@@HDD@BCBA@BH@@BBF@B@B@BDVFD@JA@DOTLVBDqLG@ABBDBDEHIHOFSHKDKHOPEHCPGVCP@NALGV@XHPRFRFTDRFTLNJJLJLFNARCLAPZBR@R@RANCLALGNGPCT@NCNATBRHPPJRFLFJRHPBNBNDHLFLFLFJLJXNPJ@@ADBB@HD@BF@FBB@LADCLJCD@@B@FQD@@B@VCLZ@DI@DLC@BDBBN@@BB@@DF@F@ACB@Z@@@NCDAB@@B@@@@@BJ@@ECEFA@CJE@GFA@I@ADAJ@HB@HBBB@F@@EB@@B@BR@BAB@@B@@@@B@BAB@@@B@B@B@@@B@@@B@B@B@@@B@@@B@@@D@@@DA@@B@B@@@B@B@@@B@B@@@@@@@@A@@@A@AAA@@@C@@@A@@@@@C@AAA@A@@@@@@@@@@@A@A@A@@AA@AB@@@@@@A@@@A@AB@BAB@B@B@@B@@@@B@@@B@B@@@AA@A@A@@@A@@AA@C@@C@@@A@@A@@@@@A@@@AA@@@@A@@@@@A@@@@@A@A@@@A@@AA@@@A@@@@AA@@@A@@A@@A@@@@AAA@@A@@@AA@@@@A@@AA@@@@@@DAB@B@BA@@@AAA@AAA@@AA@A@@B@B@FAB@AA@A@@@ACBC@@@AA@@@A@@@@@A@@AA@@@A@@@AA@@A@@@@@A@@@@A@@@@@@A@A@@@@@A@@@@@A@@@@D@BAB@B@@@@@@A@@@@@A@@@A@@B@B@B@B@@@D@@@B@@@B@BA@@AC@C@CAAAC@C@AAC@CAA@A@C@AAC@A@C@@@@@A@@@AA@B@@@@@BB@BB@@@D@DB@@@A@AHBB@B@D@@ABAA@@@@@@@@AB@@@B@@A@@@@@@B@@@B@@E@@@A@@D@@@B@@A@A@A@A@A"],"encodeOffsets":[[119569,39672]]}},{"type":"Feature","id":"131028","properties":{"name":"大厂县","cp":[116.986501,39.889266],"childNum":1},"geometry":{"type":"Polygon","coordinates":["@@@DD@N@PBB@@AJ@JDJ@@C@AH@BGDBHDBBL@@CDB@BJ@AFAHB@@DB@BHCD@DbJDB@B@BG@AL@@C@A@ADEJF@A@NBABBDDDHBV@BB@BD@@HD@@DA@ADE@EHAACB@@E@CJB@BEB@@@@@B@ADDC@BEJA@CJAAAA@@CH@@EABCA@AAGBABEHBBNDBB@BBBBBABA@@BB@B@@HD@@B@@F@@DDDBADCFDFGNCDB@BCHJBJBDABC@AAC@AAIBABA@@B@B@BBFB@ANBJD@DDB@AHB@DHBAFF@BKBABGB@JWF@HBDGMCBAC@@A@AF@@@EABCDCD@DGAABICAA@AAAE@C@ADCD@N@HBBAJBFABGDBHGDBB@BG@@A@ABBGAC@IA@@EFAAADABAFAH@B@BABB@@@BB@BABAFADAL@DA@@@CAMJA@ABAH@DBADHFBDJB@CFABCD@@AEABAB@@ACGBA\\B@CBABAB@DAD@DCJC@A@CACEEA@AEBEB@@GAAGBECGGCBIAA@BAD@BA@CA@@CLM@@A@CCBAAAA@AACAECCDCAA@C@G@C@EAC@A@@CA@@CECEHADEF@FD@@HABE@@BCDO@A@@@AJADKBEFA@OCKADGAAICK@CFCDBDGPC@CA@@BCICAAOB@@@@A@A@ADOAAD@@KAA@AAA@ACGABEGAA@GDEB@BAA@@A@@@@@@A@@@@@@A@@@A@@AA@A@C@@@AA@@@C@CBCBCDA@ADE@CAACAA@GBCBEDCBAFGHEDCBE@C@@A@@@A@@@@@A@@@@@@A@@@@BA@@@@@A@@@@@A@@@@@@@A@@@@@@@@@@A@@@@@@A@@@@@@@A@@@@@@@@@@@A@@@AB@@@@A@@@@@@@A@@@@@AB@@A@@@@@@@@@@B@@@@@B@@@@@@@BC@A@ABC@C@AB@B@@@@@B@@@@AB@@@@@@@@@@@B@@@BA@@@@B@@A@@@@B@@@B@@@@A@@@@B@@@@@B@@@@@@@@A@@@A@A@@@A@@@A@@@@@@@A@@@CB@@@@@@@@@@ABIJ@@A@@AA@@@A@GJEHADAB@BEBABG@EA@B@@@@AB@B@@A@A@@@A@@@@@@@@B@B@@@B@B@@@D@@AB@@@B@@@B@@"],"encodeOffsets":[[119616,40848]]}},{"type":"Feature","id":"131026","properties":{"name":"文安县","cp":[116.460107,38.866801],"childNum":1},"geometry":{"type":"Polygon","coordinates":["@@@@@@B@@@@@@@@@@@@@B@@@@@@@@@B@@@@@@@@@@@@A@@B@@@@@@A@@@@@@@@@@@@@@@@@@@@B@@@FA@I@K@A@@@@AAC@@@A@@@@@@@@@@@@@@@@A@@@A@@@A@@@A@@@A@@@@@A@@@@@@@@@@@@@@@@@@B@@@@@@@@A@@@@@@@@@A@@@@@@@@@@@@@@@AA@@@@A@@@@@@@@@@@A@@@@@@@@@@@@@@@A@@@@@@@@A@@@@@@@@A@@@@@@@A@@@@@A@@@A@@@@@@@@@@A@@@A@@@@@@@@A@@AA@@@@@A@@@C@@@A@@AA@@@A@C@B@@A@@BA@@@@@@C@AAA@@@A@@@@@@A@AB@@@@@@@AAA@A@AAA@A@A@@@@AA@@AA@@AA@A@@@@@@@@A@@@@@A@A@A@A@A@@A@@@A@A@@@@AA@@A@AA@@A@AA@@A@@@AC@AAA@CAA@@@@@@@@@A@@AA@@A@A@@@@A@A@A@AAA@@@C@@@A@@@@@A@@@@@A@@@@@A@@@@@A@@AA@@@A@A@@AA@A@@@A@AAA@CAA@A@@@@A@@@@@@C@@AA@@@A@@@@@@A@@@@@@@A@A@@@@@A@@@@@@@A@@@A@@@@@@@@@@@@@@@@A@@@@AA@@@A@@@A@@@@@A@@BC@@@@A@A@@@@A@@@G@C@M@G@E@U@G@@D@@@D@D@D@D@D@@@B@B@@@@@@A@A@@@A@@@C@@@@@C@@@A@C@@BA@C@A@A@A@C@A@A@A@@@A@A@@@A@A@@@A@@@@@@@C@A@A@A@@@A@@@A@@@@@@@A@@@@@A@@@@@A@@@@@A@A@@@A@A@A@@@@@A@A@A@@@A@@@AABQ@@A@AA@@FE@A@AA@GGAI@CB@B@JEB@HIF@DEBDF@FI@@A@@@@@AA@CBMD@@Y@A@BDE@E@@CA@@AM@AAACD@CKJ@@CKYUDA@@@RC@E@AC@IDDKBC@KAA@EAEC@@GAABC@@OIWMKIEIEKEKGKMCMAOAQGEIEKIQOOQGSAMBMDS@ODMHKHKBMDQBQ@Q@YAGPIN[VOJWHMFMD@@@@ODUFUJQFYFGBACA@@DA@OBi@eJDJLCB@BBBDBBABADKBFN@DGB@BCDCAUFA@GBABIDCFBN@@@HGBEBCB@BE@EJCFIAKCAAAHMA@BABGB@BBBCTGDAFBBFD@B@NEB@H@HGFBFFCB@FB@NB@D@FBJ@JBB@FBH@@@BBBB@FG@A@@BBXNBBLPB@GD@@U@AAAOCBEF@ZH@DFDDBDALFLFBBF@D@D@FBDBBBD@FDBB@b@BJNBBBBFALGCCBANEFC@@@D@BB@FDDBBBBBBB@BBBDJB@@@DA@@B@BB@@BB@BBD@B@BB@@@F@B@BB@@@B@BBDBDBBDBDDB@DDBBD@@@B@@B@D@BDDHFJFJJBDBJBFFPE@@BA@GAmMBCAD@DGRDBRD\\JBADITF@ADBDBD@D@CZR@@JL@D]D@RAD@D@FBCFBBBABEF@@BCFHB@BBBD@B@DADAJEHAFADAB@DBDBBBDBBADBDD@BFDD@B@HAFAPEBAFEFADAFCJC@@AA@@@CBAJKFEHGBAF@F@FBFBL@D@F@T@F@@A@A@ALADA@MXBF@@AJIBAD@DAD@JBZH@B@FH@AHJB@HFHCFIAKDDBJJMB@DEFBH@FBBFAP@J@DAB@BAACAADKDAJ@D@BHDABBDNJAAGBCFBDIB@AFBBF@BC@AB@FDJBBFLC@EACGKA@JMGCCAAAPA@A@GHAXAB@BF@DZCBNAB@JBAFA@BDABDBRF@@BB@DEDB@@RA@A@ABAT@NCFAACF@HJBBBBXD"],"encodeOffsets":[[119554,39972]]}},{"type":"Feature","id":"131081","properties":{"name":"霸州市","cp":[116.392021,39.117331],"childNum":1},"geometry":{"type":"Polygon","coordinates":["@@@@@@@@@@@@@@@@BB@@@@@@@@@@BB@@@@@@@@@@@@@@@@@@B@@@@@@@@@@@B@@@@AB@@@@@@@@@B@@AD@D@B@hB@@DA\\EBAB@@@@A@@@@@@@@@@@A@@@@@@@@@AA@@@@@B@@@@@@@@@@@B@@@@@@@@@@@@@@A@@@@B@@@@@@@@@@@@@@@@A@@@A@@@@@A@@@@@@@@@@@@@@@@@@@@B@@@@@@@@@@@@@@A@@@@@@@@@A@@@@@@@@@@@@@A@@@@@@@@@@@A@@B@@@@A@@@@@@@@B@@@@@B@@@@@B@@@B@H]@@A@@@A@@@A@@@A@@@@@A@@@BGB@@@B@@@B@@@BB@@@@@@@@BA@@@@@@@@@@@@@@@@@@@@@@@@B@B@@@A@C@@A@@@@@@@@@@@@@@@@@@@@@A@@@@CE@A@@@@CI@@@@@@AB@@@@@@@@@@A@@@@@@@A@A@@@A@@B@@A@@@@@@@A@@@@@@@@@@@@B@@@@@@@@@@@@@@@@@@@@@@A@@@@@@B@@@@@@A@@B@@@@@@A@@@@@@@@@@@@@@@@@@@@AB@@@@@@@@@@AB@@@@@@@B@@A@@@@@@@@@@@@@@@@@@A@@@A@@@@@@@@A@@@@@@@@@A@@@@@A@@@@@@@A@@@@@@@AA@@@@@@A@@@@@A@@@@@A@@@@EB@AGYKBACAA@C@AAA@@@@A@@@@@A@A@@@@@A@@@@@@A@@@@AA@@@@@@@@@A@@@@@@A@@A@@@@@@@@@@@AA@AC@@A@C@@@@@@@@@A@@@@A@@@@@@@A@@@@@A@@@@@A@@@@@A@@@AA@@@@@A@EBGCGABAFQG@DKO@GABEUAO@@HC@@A@EGBC@EAICC@EA@BBB@@@@A@@@@@A@@AA@AA@B@B@D@B@@I@A@@@@AA@@BE@AAKB@D@@@@E@C@@BA@@@C@@AC@@AC@@BAA@@@@C@@CA@@CC@@@@DA@@BD@@@@@AB@AA@@@AB@BD@@FD@@@@@@@@@BBBAB@B@B@@@BBD@DABJC@OD@CAC@@A@A@@@A@CA@@@@AC@@@AAA@@B@@AB@ACA@ACGBCEWFI@@@@A@@@@@A@@@@@@@@@@@@@@@@A@@A@@@@@@@@@A@@@@A@@@@A@@@AEK@@@@@A@@@@@A@@@@@@@@@A@@@@@@@@@@@@@A@@@@WCAAAAGIE@BDEBMDS@AB@B@BQB@@CACFA@@AE@AQACCB@AEBAB@IBAAMYD@CAEA@WBGB@H@BOBBBDBHDINB@HLBD@FKDAEIAECA@@BADE@AABEA@CJEAADBHIBCMAACBAGC@I@CBCLBBBDABA@CBI@O@EBAA@EAGFE@CNAIICALCJBDEEG@GIABGG@@E@AYGIAC@CBC@ABIJ@BE@WA@NCBKB@B@B@BE@S@E@C@K@EAEAE@E@ABGHEFILAB@D@@BB@@IDEDCBEBEFABOFEBGBA@C@EC@ACCCAABCAAACACAA@CBEBGBIFCBCBA@C@AA@AGADE@AE@AFABAADEEAC@C@QBC@C^K@@IQ@DYC@C@CACA@BSECJAB[IQCCAHQ@CBCADnNHBB@@AF@EOAEAIACIIIEGECC@A@C@AA@@@C@AACCA@CCCAAAACAC@A@A@@AAA@E@@@EDAD@BDDKHKHGGA@ABDFABEAAEECGBACKBFJA@C@BF@@GDA@BFEBFLDHBDF@NE@BEB@BBBFABDABG@I@BHDHDDB@Z@BHF@BEB@DFFHE@OCA@ADAX@BD^@LAJENKRGJKJOF_PGHGLIHAVTAVHTHHLBLANAJCJDNRH\\NNHLHJFVNHD@HB@BFD@BDHBFB@C@EDAP@@IL@AEDABJF@BBBDBABBD@@EH@@ED@@CJA@BB@RA@@@DF@BBA@@BD@F@AENAAGJA@C@@L@@AJI`ANDNFR@LGFGFIJIP[FGJGNKbSTGNA\\CPANAPCNANAJBAJCV@XPB`BTBZBNCLATDNDLFJFHLDLBJNDTCZFTHA]^OREF@@IT@@A@EBAF@D@AFBBD@@CBG@@@@@@BB@CN@B@HAB@BABAB@B@AEDA@BD@JA@@BE@@BBCFB@DC@C@A@@D@@BAFCHD@HJDBBBH@D@D@BIB@B@B@DA@CT@B@D@F@RDZDD@"],"encodeOffsets":[[119669,40094]]}},{"type":"Feature","id":"131082","properties":{"name":"三河市","cp":[117.077018,39.982778],"childNum":1},"geometry":{"type":"Polygon","coordinates":["@@DA@AB@BA@A@C@@BA@AB@@ABAB@@@BA@@B@BA@@@A@@BCDA@A@@AAA@C@@AA@ABA@A@A@A@AAA@@BCB@@CAAAA@@@A@A@@@A@@B@@A@A@A@ABA@CBA@A@A@AAB@AC@@@A@A@@@AEB@@AAA@ABA@ABAA@AAA@A@A@@BCBA@AA@@A@@DABA@@BA@@@ADC@@A@@AA@B@@AA@@C@@@A@@@@@A@@@A@A@A@C@A@A@ABA@@@C@C@A@C@@BA@AB@D@BABA@C@A@AAA@AB@BA@A@@@A@@BA@@@AAAB@@@@@BB@@@@@@BA@@@AAA@@@A@@@A@@@A@A@@@@A@@@@CBA@@@A@@@@B@AA@@@@@A@@@@B@@C@@@AB@AEA@@CC@@A@@C@BEE@@IA@@CC@@ACAA@G@@@A@AAA@BC@G@@AA@AD@@A@@AE@@@AA@CG@AC@ABAFA@E@A@A@IFA@@A@@@@DADA@@@ABAACBA@A@ABA@A@@CEA@C@CAA@ECA@AAAA@@AAAACBABABACB@@ABAB@B@@@B@@@FCFGBA@AAAAAA@ED@@A@A@A@EE@A@ADE@CBABA@@@@EAGAAAC@E@A@@@@A@@@AH@D@@AB@@ABE@CBA@AD@B@H@B@@@B@B@B@@@D@BA@A@CACCAICAAA@AC@CBAFAFEDCDAA@@AAA@@@AA@@A@@AA@A@@@A@AAA@@AA@@@@@A@@@@@@@@@@@@@@A@@@@A@@@@@@@@@@@A@@BA@@@@B@BB@@@@@@@@@@@@@@@@B@@@@B@@@@@@@@@@@@@@@@B@@@@@@@@@@@@@@B@@@@@@@@@@@@B@@@@@@@@@@@@@@@B@@@@@@@B@@@@@@@@@DABA@@@@@@@@@@@@@@@@@@B@@@@@@A@@@@@@@@@@@@@@@@@A@@@@@@@@@@@@@AB@@@@@@@@@@@@A@@@@@@@@@@@@B@@@@@@@@@@@@@B@@@@@@@B@@@@@@@@@@@@@@@B@@@@@@B@@@@@@@@@@@@BB@@@@@@@@@B@@@@@@@@@@@@@@@B@@@@@@@BB@@@DADA@A@@@A@@OI@@@A@@DAFAB@D@BB@@BB@D@@BBB@@@B@DA@A@A@@AC@@@A@@BAB@D@BBBD@@B@B@BAFGB@BAB@D@BBB@@BBAB@HAFAF@B@@@@EB@@AB@HB@@F@FCHCB@B@@@B@@F@@BBB@B@DA@@B@B@B@@@@BBB@D@@BBD@B@D@BBDAB@FE@A@@@A@@BADEBC@@DC@ABABCB@@AA@@AC@AB@@AA@@@A@ACC@@@@@ADA@@@AA@AAA@@@A@@A@@BABADB@@B@@@@A@@BCA@@@ODGBMBC@C@GAEA@@AACCGA@FKDC@A@A@AAA@AF@@@@@@@@@B@A@@A@@@@@@@@@@@@@A@ICADA@AAA@A@A@E@BE@@DE@C@@A@A@AAADIAI@@AG@K@@@@AG@@IE@CAEFABCBA@ABA@ABA@EDC@A@A@A@I@EAGAYCEA@AICEGDIC@G@E@CBC@G@A@E@G@A@A@O@@@@AAACAG@SHEDADAAEBHDBDGLEJDBBBB@BBABDDB@@@KN@DB@@DABC@ABB@JBDAHHFDHABB@HA@AFBFB@FFBD@D@BIDCDC@CBA@ABAB@D[AABDH@BA@ABFB@BC@ADEB@DIAACGEBCCAG@AB@BIBBN@D@@CBK@CBEBABABA@@A@@AAABA@G@EBABCBBBEB@FB@@JBDAHBAB@@@AHA@CAGHCAAHEBIAABGAM@C@CD@B@DBFBBB@DBAJBBCHC@CDADFB@@E@@B@BD@ABNDCHGAE@IXA@AHABALE@BEGA@CGA@BCA@CICMA@BEAAAA@A@@@ABABBJ@BBD@BADCBIAIADG@ACAMDEHECCDABCC@CE@@@@AC@@GA@A@@AB@BAAAAA@AAAMCAAFGBAHABBB@ADFB@@DG@@BBBBDIB@FI@ACDBCA@@@@@A@AFA@DIF@@@DABBFGF@BCB@@CC@@GC@@AAAU@GACCACBAMAB@E@FIBCB@D@@@BKH@@A@ACAaI@CDCAGA@@CA@BGBEI@@ACA@DK@AAGCCAAHG@@B@DI@ICI@@BA@OAM@C@@CA@A@A@@@A@@A@A@@@A@@@A@A@@@@@@@@A@A@A@A@@@@@@A@A@A@@@A@@@A@@@A@A@@@@C@A@A@ABABA@A@ABA@AB@@@@IFCDADAD@L@JAH@BAFABBB@F@F@B@B@H@J@JBB@B@BAD@H@D@HCDGBEDIBKDEFCBAB@B@D@B@DBDBDDBDBBBDF@HBDBFDDJJ@BBB@D@D@LCDADABABADBDBBBBBDBDBF@D@B@@@B@@BBB@@D@H@@B@@BB@BBB@@@B@B@B@@@B@B@D@@@B@B@ACHCB@DA@@HABB@@DDH@HA@@@BBB@@@@@A@@@AB@D@@CJ@@DDA@BA@@B@B@@@F@F@B@@@@@@D@@B@B@B@@@@@@@@@@@HB@DBB@B@B@@BD@@@B@@FB@@@B@B@B@@@B@@@F@@@B@B@B@@@B@B@B@@BB@B@B@@@B@BB@@@B@@@BFAJCCC@@BAB@B@B@B@DCFEDEF@@@B@B@@@B@B@BB@@BBB@BB@@BBB@@B@@BAB@B@@@B@B@B@@@BBB@B@@@B@BA@@BA@B@@@B@@JBF@D@@@@@@@@@@BB@BB@@@@@@@BB@@@B@@@@B@@B@@@@@@@@@BBB@ABB@@AB@@@D@D@@@@@@@@@@@B@@@@@@C@@BCBB@@@A@@@A@@B@@@@A@@@A@AB@BB@BD@FB@@@B@@@@B@@@@B@B@@@BD@AB@BB@BCB@AD@B@B@@B@@@@@@@@@@@B@@@DE@@B@D@@A@@B@@ADBB@@CE@@AF@@@AA@@@@@A@@@@B@@@@@@@B@BB@@@BB@@@B@@@BC@CB@@H@@@@@@@@@@@@@@@MB@DBBBBBB@@@HFFDB@DDD@@@B@B@@EBABBB@D@BCBCB@@AC@@@@@@E@A@@@@AA@@@A@@BAB@@A@@BB@@@@@@DB@@HBB@B@@@@@F@F@@@B@B@DAB@BA@@B@@@DA@@@@BA@@BA@@B@BA@@D@@A@@@C@@@@JBD@@@@@@@@@@@@@@@F@B@@B@B@@F@@@@A@AF@B@@@@@@B@@@@D@@BB@@@@CBA@@B@D@@@@@@B@@AF@@@@@@B@D@B@B@ADAF@@@@BBB@DBBBBB@@B@BB@@BBBD@BBBBB@@DB@@B@B@BBBA@@D@HBB@@@@@@@@B@@@@D@@B@@@@B@@DA@@@@@@@A@@F@@@D@@@@@@B@BAB@@@@B@B@@B@B@B@BAD@@@BB@@@B@@@@@@B@B@B@@@AB@@@@B@B@B@FBB@@@@BAB@D@@@@D@D@@@@@B@HB@@D@@GD@@@@@@@@@@@@@@BB@@@@@@@@F@@@@D@@@@@@@@B@D@B@D@@H@P@@@BBD@B@@@@@@B@@@@FA@@@@AA@AAA@@@@@@@@@@B@@B@@@@B@BB@@@@@@@@@@@@@A@@A@@@@@@@BAB@BA@@B@B@B@B@B@@@@@@@B@B@@BB@@@@AB@@@B@@A@@B@@@@@@B@@@@B@@B@@B@@@@AB@FC@@B@BA@@B@@A@@@AB@@AB@@@@@FAB@FA@@B@@@B@D@B@DDB@@@D@F@BBDBB@DBB@B@BBDD@DBDB@A@@B@@ABCBA@@@@@B@B@BA@@DAB@FA@@@B@@FCD@DABB@A@@BA@@@@B@@B@@BA@@@@@@@A@@B@BA@B@@@@BAD@@@@A@@HD@F@@B@B@@B@@@B@@ABEB@BABB@@BB@BBBB@@@@@@@B@@@@@@@B@@BA@@@@B@@@B@@@BA@AB@@@@@AA@@@A@ABA@ABA@C@ABA@@@@B@@ABAB@B@B@DAACBAB@@B@BB@B@DBB@B@@B@@@D@@B@BB@B@BBBA@E@A@@D@@@BB@DDBBB@B@@@"],"encodeOffsets":[[120023,41045]]}}],"UTF8Encoding":true}