{"type":"FeatureCollection","features":[{"type":"Feature","id":"130803","properties":{"name":"双滦区","cp":[117.797485,40.959756],"childNum":1},"geometry":{"type":"Polygon","coordinates":["@@CDEDONKHGFGDEBGDMFMHGDIBMDCBAAC@E@CBADCF@DABAB@BBBDDFBDBDBBBBD@BBDDDD@BBLFHDFF@D@F@FCDEBCBC@A@A@A@@AA@ABA@A@@@@@@@@A@@@@@A@@A@A@@@A@@@AA@AA@@@A@@@@@A@@@@AA@@@A@@A@@A@AAAAAA@@A@A@A@@@@@@AA@@@A@@@@@@A@@@A@@@@A@@@A@ABA@@@@@A@@@@@A@A@@@@@@@A@@A@@@@A@@@@@@@A@@@@@@A@@A@@@@@A@@@@A@@@@A@@@@@AB@@A@AB@@AB@@A@@BA@AB@@AB@@@@A@@@@@AA@@@@A@@@AAA@A@@@@A@@A@@@@@@@@@A@@B@BA@@@A@@@@@@@@@@A@@@@@A@@@@A@A@@@A@AAA@@@AA@@@@A@@B@@@@A@@B@@AB@@AB@BA@@BA@@@@@@@@B@@A@@@A@@@@@@BA@IFILKH@DA@@@@A@@@@@@A@AAA@@@@@A@AB@BAB@@@BA@@@@B@@@B@@@BA@@BA@A@@@A@@@@@@@@BAB@@A@@@@B@@@@A@@B@@@@@B@@@@@@B@@BB@@@@@B@@@@@@BB@@@B@@BB@B@@@@@BB@@@@@@B@@@BBB@@@B@B@BBB@D@BBBAB@B@D@BAB@D@BAB@B@@@@@B@@@BA@ABAB@BA@@BA@@B@@@@@@@@BBB@@@@B@@@BA@@@@@@@@B@A@@@@A@@@@@AB@@@BC@A@@@@CCH@NFLBPJRFHDPDF@JDNFFHFFDJFHBF@DCJ@DIDKHELAFAHAHEFEHENCL@FBLDLAJ@JAPCPAJ@N@JDJ@HAH@HCHANBNDNHHFHDJBP@PEPENEJBLDHNEFAFCH@PCNBNBP@JAJEDCFEFIDGFEIICEEGCIBGFGBCHEDEDEBCBCBIHIBA@EBC@C@C@E@KDOBCFEDC@@@A@@@@@@@A@@@@@@@A@@@@@A@@BA@A@@B@@A@@@AAA@@@AA@@@@A@@@A@A@@@A@A@@@AA@@A@@AA@@@@AA@@@A@@@AB@@@@@BA@@@A@A@@@A@@@A@@@A@@A@@A@@@AA@@AA@@A@AAA@@@A@@@@@A@@@A@A@@@@@AA@@AA@@@@A@@@@@A@@@A@C@A@A@@@AB@@@@@@AA@@@@AA@@@@@@A@@@@@@@@@@@A@@@@@@@@@@@@BA@@@@@@@@B@@AA@@@@@@A@@@@@@@A@@@@@A@@@@@A@@@@@@@A@@A@@A@@@@A@@@@@@@@@@A@@B@@@@@@A@@@@B@@@@@BA@@@@@@@A@@@@@A@@B@@@@@@AB@@@@@AA@@@@@@@@@@@A@@A@@A@@@@A@@@@A@@@@@@@AA@@AA@AA@@@@@@@A@@BA@@BC@@BA@A@@@ABA@A@@@AB@@A@@@A@@@A@@@@@@@A@@@@@@@@@A@@@A@@@A@@B@@A@@BAB@@A@@@@@@@A@A@@@A@@@@@@@@@A@@B@B@B@@@B@@@B@@@@A@@BAB@@ABAB@BA@@BA@@B@@@@@AA@@@A@@@AAA@@@A@AA@@A@A@@@A@@@ABA@AB@@A@@@AB@@ABA@@@A@@@A@@@A@@@A@@A@@AA@BA@@@A@A@@@AB@@@@ABA@@AA@@@A@A@@@A@ABAB@@A@@@A@A@A@AAA@@@A@A@A@@@AA@@A@@@@@AB@@AB@BABABABA@@BA@A@@BA@AB@BA@@@AB@B@BA@@BA@@@@@@@@@A@@@@@A@@@@@A@@BAA@@@@A@@@A@@@AB@@ABA@@BA@A@AB@@A@@BA@@B@@AB@@A@A@@@@@@BA@@@AB@@A@AB@@A@@@A@@B@@A@@B@@@@A@@@@@AA@@@BA@A@@@A@@@A@@@A@@@AAA@@@@@AB@@@BA@@@A@A@@@@BA@@@A@A@AB@@A@A@@@A@@@ABAA@@@@AA@@@A@AA@@@@@AB@@AB@@A@A@@@AAA@A@@BA@A@@@@@@@@A@@@A@@@AB@@A@@AA@@BA@@@A@A@A@ADGDEDA@@BC@ABCBEAC@A@AA@@AA@@B@@A@@@A@A@A@@BA@A@@@@@@A@@@AAA@@@@@AAA@A@A@A@CA@@EAAA@@A@A@@@A@AA@@AA@@AA@@@@@A@@@@@A@@@@AAAAAAAAA@@C@A@A@A@@"],"encodeOffsets":[[120675,41848]]}},{"type":"Feature","id":"130804","properties":{"name":"鹰手营子矿区","cp":[117.661154,40.546956],"childNum":2},"geometry":{"type":"MultiPolygon","coordinates":[["@@HIFCBCFGBG@IBG@GAM@ECIGGEEIEKCOEMCOCQAOCICIEGAG@I@IBEBEFEHCDAD@HCJADINKNEHAL@JDPHJPHLBH@J@LERENBHDFHFHJJLHLFH@JEFEHCJCNI"],["@@@@@@B@@B@@BA@@B@BA@@@A@@@AAAA@@A@@@@B@@A@@BA@@@A@@@A@@B@B@@@BAB@@@@@B@B@@@B@B@B@@ABA@@BCBA@A@@@A@@A@@A@A@A@A@@B@B@@@@@@@@@B@@@B@@@@AB@@A@A@A@A@A@AB@@A@@BCBA@A@@BA@@@@@@B@@@@BB@B@@@B@@BB@B@B@BAB@B@@A@AB@@A@A@@@@@@@AA@AA@@@@@@@C@@@A@@@@@A@@@@@@@A@@@@BA@@@@@@@@AA@@AA@@@A@@@@AA@@@A@@@@@@@@@@C@AB@@A@A@@@A@CAA@A@C@A@@@AA@@AAA@AA@@@@A@A@A@@A@@@@A@@@@@A@@@AB@@@@A@A@A@A@A@A@@@@@A@@@@@@@AAA@@B@@@@@BA@@BA@ABA@A@AB@@A@A@@@A@A@@@A@@@AA@@@@A@@@ABA@@@@@@A@AAA@AAA@@@AA@@AAAA@AAA@A@AA@A@@@@A@@@@@A@@AA@@@@AA@C@@A@@@@@A@A@A@@@A@@@A@@@@AAA@@@A@@@A@CAAAC@A@@@AA@@AA@AA@@@A@A@@@A@@@A@A@AAA@A@@@AB@@ABA@@@@@A@A@@@AAA@@@A@@@A@@@A@A@@@ABA@@@@@A@@AA@@@CCA@@AAA@@@@@@@@A@@@A@A@C@CA@@A@@@@A@@@@@A@@AA@@@@@A@C@@@A@@A@A@@A@@@@@@@@AAAA@@@@A@@@A@@@A@@BA@A@@@@@A@@@AB@@A@@BA@@@A@@@@@@@@@A@A@A@A@A@@B@@AB@@@@AB@@@@A@ABA@@@@@AB@B@B@B@B@BA@@@AB@@@@@B@@@@@B@@A@@@@@@@A@@@@@@BA@@@ABC@@@A@@@@@@@@B@@@BABA@ABA@@BA@@@A@A@A@@@ABA@@BA@@@A@A@A@@@AB@@@@AB@@@B@@@B@@@@@@@B@@B@@B@@@B@@@@@B@BA@@@A@@@A@@B@@A@A@@@B@@B@@@@AB@@BBBB@B@BA@@@AB@@@@A@@@@@@@A@@@A@ABCBCBAB@@@@@@@@@@A@@@AB@@AB@@AB@@A@@@@@A@A@@@A@A@@@A@A@@@A@@@@@@@@BB@@@@@@B@@B@@B@@@BB@@@@@BB@@@@@@@@@@B@@@B@@@B@@@B@@@@@B@@@@B@@BBBB@@BBDBB@@@B@B@@@@@BB@@@B@@B@@B@@@AB@@@B@B@@@@@B@@@B@BBB@BBBB@@B@@@B@BB@@B@BAB@@@BABAB@BAB@@@BA@@@AB@@@@@@@BA@@@@@@B@@@B@B@@@B@@@B@@A@@@@B@@A@@@AB@@@@@B@@@B@BB@@@@@@@@BB@@BAB@@@B@@@B@B@@B@@@@@@@@A@A@@@@@@@@B@@B@@@@@B@@@@@@@B@@B@@@@@@@@B@@@B@@@@BDBBB@@B@DDABA@@BA@A@ABC@CBA@@@@B@@AB@@@BA@@@@B@B@@@B@@@B@@@@@BA@@@AB@B@B@@@B@@@DAB@@@B@BA@@@AB@@@@@B@@@@@@@B@@@B@@@@@B@@@B@B@B@@@@@@BB@@@@@@B@B@@@B@@BB@BBB@@B@@B@@@B@@@@@B@@@@@B@@@B@@@B@@@BB@@B@@BB@@@@@@@B@@AB@@AB@@@B@@@@@B@@@B@@@@BB@@@BBB@B@B@B@@@B@@@BA@@@BB@@@B@B@B@D@B@BAB@@ABAB@BAB@@A@@@@@@BA@@B@@@@@@@@@@B@@@@@B@@B@@B@@@@@AB@@@@@@@@@BAA@@@@@@@BA@@@@@@@@B@@@@@BB@@@@@@@ABB@@@@@@@@@@@@B@BAD@@@@A@@@A@A@@@@AA@@@@@@A@A@A@@@@@A@@B@@A@@@@@@@@A@CA@@E@A@@@@@@@@@A@@@@@@B@@@BBB@B@@@B@@@@ABA@@@AB@BAB@@AB@@@@@B@@@@@B@@BB@@@B@B@B@B@@@B@B@@@@@B@@@@@B@@A@@B@@@@@@@B@@@B@@@@AB@@@@@@@@@B@@BB@@BB@@@BBB@B@BB@@B@@B@@@@BB@@BB@@@@BBB@@@@B@@@@@@@@@B@@@@@B@@B@@BB@@@@@@@@@@@@@BB@@@B@@@@@@@@@@B@@@@B@@B@@AB@@@B@@@@B@@@@B@@@@@@@B@@@@@@@@@B@@@@@@@B@@AB@@A@@@@@@B@BA@@@@@A@@B@@@@@B@B@B@@@@@B@@@@@@@@@B@@@@B"]],"encodeOffsets":[[[120703,41585]],[[120559,41537]]]}},{"type":"Feature","id":"130802","properties":{"name":"双桥区","cp":[117.939152,40.976204],"childNum":1},"geometry":{"type":"Polygon","coordinates":["@@BAB@B@BAB@B@B@BAB@B@@@B@@@B@B@@A@@B@@@BA@@B@@@@@@@B@@@@@BA@@@@BA@@B@@@B@@@B@@@@A@@B@@@@@B@@@@A@@B@@A@@@@B@BBB@B@B@B@B@B@@AB@@@@A@@@@@A@@BA@@@A@A@@B@JAHCLIJKFCJMFKLM@M@GCIEGFIJC@QGOEEEEEEAECCCGAEAGAEEEACCCEECASESGKCG@A@AA@@C@AA@@@@A@@@@@@@A@A@A@@@@@@A@@@@A@@@@AA@@@@@A@@AAAAA@@@AA@@@@@AAACEC@ABCDA@@AA@AAA@A@A@@@AA@@AA@@@@@A@@A@A@@@@@AA@@@A@@@@@@B@@@@A@@@@@A@CCA@AA@@AA@@@@@A@@@@@@@@@A@@CBABAB@@@@AB@BAB@BAB@@@BA@@@@@@@A@A@A@@AA@@@AAA@@@A@C@AAA@A@A@AB@@A@A@@BA@@@A@@AA@AA@@AA@@AA@A@A@@@@AA@@AAA@A@@@A@@AA@@A@@A@@@A@@AA@@@A@@@AA@@A@@AA@A@@AA@A@@@AA@@A@@@A@@@AA@@A@@A@@A@@B@@A@@@A@@@A@AA@@@@@@@BA@@BA@@@@BA@@@@@@@A@@@A@@@@@A@@@A@@@@@A@@B@B@@@@@BA@A@@BA@@B@@A@@B@@A@@@@B@@@@A@@BA@@@@@@@@AA@@@@@@A@@A@A@ABA@@@A@A@@@A@@@@@A@@@@@@@@@A@@@@@@@@@A@@@@@@B@@@@@@@@@@A@@@@@@B@@@@A@@@@BA@@@@@@@A@@@@A@@A@@@@AA@@@@@@@A@@@@AA@@@@@@@@@AA@@A@A@A@@@AB@@@@@@A@@@@@AAAAA@@@@A@@A@A@@@@@@@A@BA@@@@@A@@@@@A@@@@A@@@@@@@@@A@@@@@@@@@A@@@@@@BA@@@@@A@@@@@@@@@AB@@@@@@@@@@@@@@A@@@@B@@@@@@@@@@AA@@@@AB@@A@ABA@@@AB@BA@A@@@AB@@ADA@AB@@@@A@A@A@AB@@A@@@@B@B@@@B@@ABABADAD@@AB@B@BA@@B@B@@@B@@BB@B@@@BA@AB@@@B@@@B@B@B@DB@BBBBBBBB@@@@@B@@@@@B@@@@BB@@BB@@BBB@@@B@B@@@BBFB@@DBB@B@B@B@BB@@@@B@BB@@B@@@@@@@@BAB@@@B@B@B@@@BA@@@BB@@BBB@D@FBDABAD@@AB@FCHCBCB@B@B@@@B@@AB@@BB@@@BA@@B@@@B@@@@@@@@@@BAB@@@BBB@B@@@B@BA@@BA@@B@@@@BBB@@@B@@B@@B@AB@B@@@B@@@B@BA@@B@B@B@@AB@@@@@B@B@@AB@@A@@B@@@@BB@B@@@B@@@B@@@B@@@BAB@@B@@B@@@@@B@@A@@@@BA@@@@B@@@BA@@B@BA@@B@@AB@@@@@@@B@BA@@BA@@@AB@@@BA@@B@BAB@@AB@BA@@B@@@B@@@B@@B@AB@@@B@@@@@B@@@@@B@@@@@@@@AB@@ABA@A@@B@@ABA@@BAB@@@BAB@@ABABABABA@@BA@@B@@@@@BB@@B@@@B@B@B@@BB@B@B@B@B@@@BA@AB@B@B@@@B@B@@BB@@AB@B@@A@@B@@@B@B@@ABB@@BB@@@@B@@@B@@@B@@@B@@AB@BA@@B@@@BA@@BAB@B@@@B@@@B@BB@@B@B@@BB@B@@@B@@BB@@@@A@@@AB@@ABA@AB@BA@AB@@@B@@A@@@A@@@A@A@A@@@@B@@@@@@@@@B@@@B@B@@@@@@@BA@AB@@@BA@@@@B@@@B@@@B@@@@@@@@@B@@@@@@@B@@@B@@@BA@@B@@@BAB@B@@@BAB@@AD@@AB@@@B@@@@@@BBB@@BB@@B@@@@@@@B@@B@@@@@@BB@@@@B@@@@@@@@@@BB@@@@A@@B@@@@A@@@@B@@@@@B@@@@@@AB@@@@A@@@@@@B@@@@A@@@@B@@@@@@@@B@@@@@@BB@@@@B@@@@@@@B@@@@@B@@@@@B@@@@@@@B@@@@B@@BA@@@@@@@@@AB@@@@@@@@@@@@@B@@@@@@@@@@@B@@@@B@@B@@B@@B@@@@A@@B@@@B@B@D@B@@@B@@@@@B@@B@@BB@@B@@@@@B@B@@@B@@@@@B@@BB@B@BB@@BB@@B@@@BB@@@@B@@@B@@@B@@@B@B@@AB@@@@A@@B@@@B@@BB@@@@BB@@@BB@@B@@@B@B@@@B@B@@@B@@B@@B@@BB@B@@@@@@B@B@B@B@BB@@B@HEJGDEFEFODKDI@GAEDGFGNALCJCPBREHCJCZBT@R@P@JAH@HAHEBM@EAGAA@@@@B@@AA@@A@@BA@@@@"],"encodeOffsets":[[120824,41997]]}},{"type":"Feature","id":"130821","properties":{"name":"承德县","cp":[118.172496,40.768637],"childNum":1},"geometry":{"type":"Polygon","coordinates":["@@JIJKJMJKNKJEFEFCDEBC@EKCICGCCIAGCEECEC@CDEJENGPIJGHGBEDGAIAM@M@MAI@G@GDIHGHEDGDGFIFGJGJCJEDK@MGGEIICEAOEKCYIYISGKMEQGQCICGAIEGCGAGCGCKEGCG@CAIAKEKGOIMEEAEBGDELA@@@@B@@@@@VENALCNAHAHCFC@CEEKAK@IBKCICMGCECG@M@G@KAICEMIGEEKCIAK@GBGBEHGBGAGEIAEAG@MDIFGNCT@NAP@JBNBL@LBNAPDN@NBHBBFBHDJBJALBLBHDBFDHAJAFCF@F@HBFDBFDHJFDAJCFGLKLIHAN@NCP@NBHAFCFIBIDMBIDKAGAMGOISMQGGGKEG@IBGFODI@IAMCIISQMMKOKOMKMEIEEGIECO@K@O@S@SDQ@QAMEKCMGIAKCOEKCKICG@E@KEMKIIGKG]KSCKGOCQCOCKAMAMCICO@KAMCGCCCEE@GDCKAY@MDKDIHCFIFC@@@A@@@A@C@@@A@A@@@A@C@C@A@A@CBE@@@A@C@C@@@A@@@A@A@@@A@@@@@A@@@A@A@@@A@A@@@@@@@@B@@AB@@@@ABAB@@ABAB@@AB@@@@@@@@@@@@@BAB@@HBBDFFJFFDDFNHHBFBF@D@@DBB@FBB@@@B@@CBKFA@@@@@AAC@C@@@A@C@AAA@A@A@@@AA@@@@A@@AA@@@@@@A@@@@AA@@A@@AB@@A@@A@@@@AA@@@@AA@A@@@A@@AA@@AAA@@@@A@@AA@AA@@A@A@@B@@A@@@@@A@A@C@@BA@A@A@@@AB@@A@AB@@@@AB@@@@AA@@A@@BA@@BA@@@A@A@@@@@@BA@@@AB@B@@@BA@@@@B@BA@@B@@@BA@ABA@@BA@A@A@@AA@@@@BA@@B@@@BAB@@@@E@QDIFKHQDMDY@W@[BSAOAMCKCCGAIAK@EGGE@OEKGECGEMEMEGAMCKAK@UAOEIIECICMAKASCM@K@MCKAIEGAMJIDGDEFAFFF@DB@B@BB@@@B@@@BA@@@BB@@@BB@@B@@@@@B@@@BA@BB@B@@BB@@@B@B@@@@B@@BB@BB@B@@@B@@AB@@@B@@@B@BAB@@AB@B@@@BBB@@BBB@B@BB@@AB@@BB@@B@@B@@@BBB@B@@@@B@BB@@@@@@@BB@@@@B@@BBDD@@@@@@@@BB@@@BB@@@@BBB@@@@@@@BA@@@A@A@AB@@A@@@@BA@@@@@AA@@@@ABABAD@@@B@B@B@B@@@@BB@@AB@@@B@@@B@B@@@@A@@B@@A@@B@@@B@@@BA@@@@B@@BB@@@@@@A@@@@BA@@@@@@@@@@B@@@B@@AB@@@@@B@@@@@B@@@@@B@B@@AB@@@B@@@B@@@@@@AB@@@@@@AB@@C@AB@@ABAB@@AB@@@B@@AB@@A@@B@@A@@@A@@@@@@@A@@BA@A@A@@@CAA@AAA@@@C@W@UBOEMCKCOGMGIEIIEMGMEEKEEAOCOCMCOCMIKIKKCKEMGGEEIECAK@G@KDEDCFEHIBG@QIKGSIECECECGCOEOAMCUCIC@@A@@A@@@A@@@@@@@ABA@@@A@@AA@@@A@AA@@@@@@ABA@A@@@@A@@@AA@@A@A@A@A@@BA@A@@@A@@@@@@@AB@BA@@@@BA@BB@BAB@@AB@@A@A@A@@@A@AAA@@AA@@A@@A@A@A@A@AB@@@@A@@@@@@@A@@A@@AA@@A@@@A@@AAA@@@AA@@A@@@CA@@A@A@@@@AA@@A@@@@AA@@@AA@@A@C@@@A@AAAAAA@@AA@@AACAA@@@@AA@@@@@AA@@AAAAAAAA@@@A@@@@@A@@A@@@@@A@@@@@@@AA@@@BA@@@ABAAOLOLRTBB@@B@@@BBB@@@B@@BBB@@BB@@@@@B@@@B@B@@@BB@@@@@BB@@BB@BBBBB@B@@@@@BB@@@@BB@@@@B@@@@BB@B@@@B@@B@@BB@@@BB@@@@@BB@@@@BB@@B@@@B@@B@@@BB@@B@@@@B@@@@@B@@@@B@@B@BB@@@@BB@@@A@@@@BAB@@AB@@@BA@A@A@A@ABA@@@A@A@A@AAAB@@A@ABAB@BA@@B@@@@A@AB@@AA@BA@@@AB@BA@AB@@@@@@@BAB@BA@ABAB@BAD@@AB@@AB@B@@AB@@@@@@CF@@@B@@BBB@B@B@@@B@@@@@B@@@@@@@B@@@@@BB@@B@@@@@B@@@B@@B@@B@@@@B@@@@@B@@@@@@@B@@@@@B@@@@@B@@@@@@@B@@A@@@@@AB@@@@A@@@@BA@@@@@@@A@@@@B@@A@@@@BA@@@@@AB@@ABB@@B@@@@B@@@BB@@BB@@@@BBBB@BB@@BB@FFBDBJHP@HBNBFAHEFKD@FAFDH@DAHADAFCDAHCJCFCHCJAL@HDHDHBH@JAJBHDHDFNDHFNDTA\\@V@`AR@F@F@H@DBJFHHNDFDDDB@B@@@B@B@BAB@@@B@@@B@@@B@B@@@@@B@@@B@@@B@B@@@B@B@@@BA@B@@B@@@B@@@B@@@B@@AB@B@@AB@@@B@B@@BB@@@@@@AB@B@@@B@@@BAB@BAB@@@@@BB@@@BB@BB@@B@@@@B@@@@B@@BB@BB@@BBB@BBBBB@B@@@@@@A@@@AB@@A@@@@BAB@BAB@@@B@@@BBB@@@B@@@B@BBB@B@B@@@@A@@@AB@@ABAB@@@@@B@@@B@@@B@@A@@@@BA@A@@BABAB@BA@@B@BABA@@B@@@B@@@@AB@@@BABA@@DA@@B@B@@@BA@@BA@AB@BAD@B@@@B@@@BBB@@@B@B@@@@@B@@@@@BA@A@@@@BA@A@@@@BBD@B@B@@BD@B@B@@@@@B@@@B@@B@@@BBB@@BDB@@BB@B@@@B@B@@@B@BB@@BBB@@@B@@@B@@AB@@@B@@AB@@@@@B@@@@@B@@@B@B@F@@@B@@@B@@@@@@@B@@@@@@@@@B@@@@@B@@@B@@@B@@@B@@@@@B@@@B@@@B@@@@AB@FAB@B@@@@@@@B@@@B@B@B@@@BA@@B@@@@@B@B@@@BBB@@@B@B@B@B@B@BBB@B@B@@@@@B@@@@@B@@@B@B@BB@@DBBB@@@@@@B@B@B@B@@@B@@@@@B@B@@BB@@@FAZCRFJDNBNDXHTFTVBN@@@@B@@@@@@@@@B@@@@@@@@@B@@@@@@B@@@@@B@@@@ABB@@@@@@@B@B@@@@B@@B@BBBB@@@@B@@@@@@@BA@@B@B@B@@@BB@@@@@@@@B@@B@@B@@@@@@@B@@B@@B@@@@B@@B@@@@@@@B@@A@@B@@@@@@A@@@@B@@@@@@@@@@@@A@@@@B@@@@@@@@@B@@@@@@@@@B@@@@@B@@@B@B@@@B@BAB@B@@@@B@@@@B@@B@@@@@@B@@AB@@@@@@A@@B@@@@AB@@@@AB@@AB@B@@A@@@@@A@AB@@@@@B@@@B@@@@@B@@@B@@@@@@@B@@A@@B@@AB@@A@@@@@@BBB@@@B@@@B@@@@AB@@@@BB@@@BB@@B@@@B@@@BB@@B@B@@BB@B@@BB@@@BB@@B@@@B@@BB@@@B@@@@BB@@BB@@@B@B@BB@@BB@@@@@B@BBB@@BB@@BBB@@BB@@@B@@AB@B@@@BAB@B@B@BBD@B@@@B@BB@@B@@BB@B@B@@@@@@@B@@A@@BA@ABA@ABA@@@@BABADA@@@B@@@@@@@@@B@@@@BB@@BBB@DDB@@@@@B@@@@@@A@@@@B@@@B@@B@@@@@B@BB@@@@@B@@BB@@B@@@B@BBB@BBB@@CBAD@BFDBDBB@@@@B@@B@@BBBB@BB@@@@@B@@B@@B@@@@@@B@@@@B@B@B@@@@@@@B@@@@@BBD@@@BBB@H@LDTHTFDBFFDDBDFFBFBHBFDHDDBFFFFFFFHP@RIDEJFHDJ@H@NKNELINEDILKJGDIBA@@@@B@B@@AB@@@B@@@@@B@@A@@BA@A@A@A@A@A@AAA@@@@@@BA@@@@B@@A@@@@@A@@@@B@@A@@@A@@@A@@@AB@@@@AB@@@@A@@@@@@@A@@@AB@@A@@@@BA@A@@@A@@@A@A@ABA@A@A@ABA@A@AB@@@@AB@@@BB@@BA@@@@@BBBH@FANGFGBG@IBO@Q@S@YAIDGDQFOAIDKDMBEHCHBF@HCJCLEPEFCFIHGFA@@@AAA@A@A@A@@@@@@BA@@@@BAB@@@B@@@@@B@@@@@@@B@@@@@@@B@@CDEFADCP@L@F@D@DAD@FABGJAJADADCFCFGFADEHAHDJFHDFJJJAJ@R@LANAH@HBJ@F@JAFCFCNCNAR@LBN@P@LALAPAJANBF@@@@@JDNFPHJFFJ@J@FKLKLCHAFBFBHDDHHHJDJBJ@FAHAHAJBL@FCFEHEFGFCHCDAHBNBHBHHJBF@FAFEL@LBHFFDJDFBF@HADAHELEJAJANBHHFJBFBHBHBDDBF@FDFBDFFHFHFFBFFHFPFHAFADIBGBKAGAK@GBEJGHGPGJELERETATBNBNFLJJHFHBFDF@HBH@JBHFJJHJFFFJJNJPNLHLJTLZNPFVHTFNBNDNDJBJADFJCRAPINEJCJCHANCLELIFGJGFCFGFG@IAKEOAK@CDGJCHCHCDCBEACEEIGII@G@IBG@I@I@G@IDIJIJKJILGHEJEHCJANBHB"],"encodeOffsets":[[121242,42303]]}},{"type":"Feature","id":"130823","properties":{"name":"平泉县","cp":[118.690238,41.00561],"childNum":1},"geometry":{"type":"Polygon","coordinates":["@@AIBKBIHGDE@CDC@@@C@@BA@CAABAAABAAA@CAA@ACEAAAAA@@A@A@@AAAA@@@@ABCACCA@@@@ADAEEAA@A@@@@AAAAA@CBA@A@A@G@C@@ABAABAC@CAA@@@@@@AEB@@@@@A@@A@@AABAA@G@C@@@@A@@BG@C@A@C@@@C@ADCCAAECCEAMAUBSAGBG@CCCAAC@EDCFALCLEHGHK@GCKEICEECGCIEKAKEMKEGIMIIEEGCKIMAIBK@M@MAMAGEECAEAS@QBK@OAGAECEECCCEAICGCG@EBCDIAGGCIEGGCEAC@@B@BA@@@A@@BB@BBBB@B@@@BA@AAA@AAA@C@EAC@E@C@AB@@A@@AA@A@ABA@ADEAC@ABA@CBABA@EBABC@A@AB@BABA@@@A@A@A@@@C@EAA@CAABC@A@A@A@@BABA@CBA@@@@AAA@@ACCC@@AA@@AA@A@AC@ECCA@AAAA@A@@A@AA@@AAC@AAAAAA@AACCA@@A@@C@A@@A@@@@BC@A@ABA@C@A@@@ACGAA@A@@DCBABA@A@A@@BC@A@ABADA@@B@BA@@@ADCFCBA@@@ARCVCTARATALAPEFCFGBC@CEGCCIGECCCAGAECI@EACA@@@G@@@A@@@A@C@IAME@ABA@@A@@B@@A@CAB@@C@@@@A@ABA@@@B@@@BA@ACAC@@@AD@B@@EAA@C@CB@AAA@@C@A@@B@@A@A@@AA@EAG@C@A@ABC@A@C@CBA@A@@@BF@@ABGBCBC@@@AC@@A@EDC@CBCBA@AD@@AB@@@@@A@@BAC@@A@A@@AAOEEAA@A@@A@C@@AA@@@AAAAC@A@E@@DC@@@A@@@@A@A@A@@@@ABAB@@CAA@@@CAAAAACAA@EAA@@@A@A@ABCB@AA@@AAGBC@C@@AA@@@@AB@@A@ABE@ABCBA@@@E@ABA@@@@@CA@@A@ABA@AB@B@@@@@AA@@AAAAB@@C@AAA@CAAB@@A@A@ABA@A@@ACA@@A@EAA@@CA@AA@BA@A@@@ABA@@AA@A@@@CAA@ACC@@@A@A@@@@AA@@AE@A@@A@CAAACCAA@A@A@@@AA@AA@A@@B@BA@A@@@A@AA@A@AAA@C@AAAA@@EAEC@AA@A@C@@@AA@A@@BA@A@@ACAC@@AAA@@@@A@C@C@A@@ACAAA@CAA@@@@A@A@A@A@@@AAC@A@ABA@C@A@ABA@A@AB@@ABA@C@A@AB@@@B@BB@@B@B@B@B@BBD@BBD@@A@ABA@A@@@AB@DG@@B@B@@@@@BA@AB@B@B@@@DCB@B@B@BC@@BE@A@@@A@@BA@AB@DAD@@@@B@B@@@BDA@@B@BADEDAB@B@BBFBB@B@@BBBDABAF@@A@@BAFA@@@A@@C@A@@@@C@A@A@@@A@@@A@@AAAAAA@@A@AA@@@A@@@A@@@C@@@AAAA@AAA@A@A@@@CC@A@CGAIGGAGAKEMCQIOGGEGCMEMAKCIEGEIGEIEKIGKGMEKAKCQ@MBGHCHKLCFIFCFAFBF@D@FGFMASAGBOHIDOBGBECCGCI@AGCKDGHCNEFEFGDE@KCIIEIEKCEGAICKCEBKBMAOIIEIAWGYEGACCCCBE@EBGCICECAIAIDEDIFKHKFG@KAK@OFEFGHINHJFFFJLNPNPLNLRNJTDJBN@JCJEPAH@JFHHLHHNRJTHPBNBHCLAJCNAJEJEDGBMAO@MDM@GBKJKLEHIDCBIECGAEECGAE@E@EDIBGBECCAAGAKBKAICIAGAEGAMAM@OCMBKAK@MAIAO@MBS@MDEHCJ@NBHBFFJBHAHGHAFAH@HBLDJFLHFNJDFBJ@L@H@NDHDFNHJDLDJAL@LBFF@DEDGDGBMBKDMBUF@@@@A@@@@@KBCFAHBFFFJNHPFLBLBJ@DDHFHDLDHBHDHFHBJDHDJHRFRLNTHZJZJLDPFFBJDFJHH@NCLIFIDIHEHEJCHCHGFGHCJ@H@HBJ@N@NBNBJCHAFGHIHOJMHIFCF@DFDFDDFBHDJHDJDLD@FADCFEDEFIFMLILINILIJJFFFBDDD@F@HDHFDHBDBJDHBPDNBLBP@JDTBL@J@L@PBF@F@JDFBHFHDJ@HBHAHCHAL@L@F@PDNBH@D@J@JANENAP@PCR@PALBJ@JBRDPBNAFBJAHCLEPMRELENCNCNCLCLANBNBJBFDHPBNBJBJFDJ@LDJ@NDXHNFNDNDFBHDFBDBH@FABC@CAEGOCEDGBIDIFGJMLKFIFGHGHEJGNGNCLBL@LBHBH@HBL@H@J@FDHDHNHFHAJEFEFCJALCJ@N@T@JBJ@JAJAPELCJCVANATAJBJ@P@NANCJBPBRDL@LBNAN@JAJBJ@PALCLCNCJEHAJCFCF@F@HDDFBDBPAJ@FDFJDNFL@H@LD"],"encodeOffsets":[[122102,42307]]}},{"type":"Feature","id":"130822","properties":{"name":"兴隆县","cp":[117.507098,40.418525],"childNum":2},"geometry":{"type":"MultiPolygon","coordinates":[["@@DCHCBADG@CEEICMAKB@@AAA@@@AA@@AA@@A@@@@@AAA@AAAA@@A@@@A@@@@@A@AA@@AA@A@@AA@@@A@@@A@@A@A@AACAAAAAAAAAA@@@@@@@A@@@@@@A@@@@@@@AA@@A@@@A@@@A@@A@@A@@@A@@@A@@@@D@B@@@@@@A@A@@B@BA@@B@@@B@@DDDBBBD@DABBBBBDBB@B@FCFCDADCFAFEDC@A@A@@@C@A@AAA@A@@A@@@A@A@@AA@A@AAA@AA@AAA@@@@@A@@@A@@BA@@BAB@BABAB@B@BAB@@ABAB@DABADAD@BAB@DADAD@B@@AB@BAB@@AB@@A@AA@AAAAAA@@AAAAA@AAAAAA@@AAAAAA@A@@A@@@AA@BC@@@AAC@A@@@A@@@A@A@A@@@A@@@AAA@A@@@A@A@AAA@AAAAAAA@AA@@A@A@@@A@@@AA@@AA@@A@AA@@A@@@A@@@@@A@@@@@AAA@@@@@@@AB@@@@@@AA@@@@@@C@EBA@A@@@A@@AA@@@@AA@@@@@@@@AA@BA@A@@@@@@@@@A@@A@@A@@@A@A@@@A@@A@@@A@@@A@@@@@A@@@@@@AA@A@@@AA@@@@A@@A@@@@@@@CB@@ABA@@BA@@A@@AAA@@@A@A@@@A@A@@@@@AB@@@AA@AAA@A@@@A@@@A@@@@@A@@BA@@@@@A@@@A@@AA@@@A@@@@@A@@@@@A@@@@@@@AA@AA@AAA@@AA@@@@A@AA@@@@A@@A@@@@@@B@@A@@@@@@@@@AA@@@@AB@@ABADADADABABAB@@@@CBGBGFGJCMKEEGECAGAM@EAAACGIBGBEAE@CA@@AC@C@E@ACIAABABCJCHEDA@A@AACAACAECEAIEGEACGGICCCAACECGAA@GAACGCCAACAGAC@A@EBC@C@KAG@A@A@C@@@CBABA@AACAEA@@EBCAC@CAACAU@KACAEACIGCCAAAACAE@EAIEGCGEAAAAAAECGCCAC@C@GAEAEAKECAEACAC@A@GBGBEBE@A@G@GAC@GAC@EAEEGCEECEA@AAC@@@ABA@AFCHABA@AACAECCAC@C@OBI@GBI@CACACA@CAG@E@AAA@AA@AAA@A@CACBE@CBCBA@AACAAAE@@@A@E@I@I@CAC@ECA@CC@AA@AAC@ƕȒB@@@B@B@@@B@@BBB@@BB@@B@D@BBDBB@@@B@@@B@BB@@@@@B@@@B@@@B@B@B@@@@@BD@B@@B@@B@@BB@@@@@B@@@@@@BBBB@B@BBB@BB@BB@@B@@BB@BBB@B@B@@@@B@BA@@B@@@@@BB@@B@@@B@B@@@B@B@@@BAB@B@BAB@@AB@@A@@@@@AB@BB@@@@@@B@@@@@B@B@B@B@B@B@@@@@BA@@B@@@@@B@@@@@@BB@B@B@@@@@BBB@BB@@BB@@B@D@B@B@DBB@@@B@B@@@BAD@@@@@@@@@@@@B@@BB@@@@@B@@BB@@BB@@@@@@@@AB@@@@@B@@@@@@@B@@@@@B@@@D@@@@@@BBB@@B@@@@@@@B@BA@@B@BA@A@ABA@A@A@@AA@@@A@A@@A@@A@@@@@@@AB@@@BABAD@@@BA@@B@B@B@B@B@BA@@B@@A@@@A@@@@@@@@@A@A@@@@B@B@B@BB@@@@B@@@BABAD@@AB@BA@A@A@@@A@A@@@@@A@AB@@A@A@@@@B@@@B@@AB@@@BA@@@@@@BB@BB@B@@@B@@ABA@@@AB@@@AA@@@@@@A@@A@@@@@@@@@A@@@@@A@A@A@@@@@A@@@@B@@@@ABA@@@@@@@@BA@@BA@@@@@@@A@@@@@@@@@A@@@@@@@A@@@@@@A@@A@@@A@@BA@@@@A@@A@@@@@@@@@@@@A@@AA@@@@@@@@@@@@A@@AA@@@@A@@@@@A@@@@@@@@@A@@A@AA@@@@AA@@AA@@@@@AA@@@AAA@A@AA@@A@@AA@@AA@@@@@@@@@A@@B@@A@@@A@@@@@@@A@@@@BA@@@@@A@@@@@A@A@@@A@A@A@A@@@A@@AA@@@@@A@@@@@A@@BA@ABA@@B@@AB@B@@A@@@A@A@AA@@A@@@@@@@@B@@@@@@@@@B@FB@@D@B@@@@@@B@@@@AB@@@@@B@B@B@@@@@@@BB@@@@@B@B@@@B@@C@ABA@@@@@@@@@@@@@AA@B@@@@@@AA@@@@A@@@@@@@@@AB@@@@@@B@AB@@@@@@@@A@@B@@@@@AA@@@@A@@@@@A@@@@@@@@A@@@AB@@@@@@@BA@ABA@AB@BA@ABA@C@A@A@A@@@A@@A@@AB@@A@@@A@A@A@A@AA@@A@@A@@A@@@A@@@@@A@@@A@@BA@@BA@@@@@@@A@@AA@@@AA@@gFDFDTJLHRJH@JAFGDEFCLCH@L@DBJFFFHHFNDLLLLJNJPDNDPDPDFBLFFFHNFNJJJFNHPHLDNDPFVAX@D@@@B@BBB@DB@@B@B@B@@AB@@@@@@@B@@@B@@@@AB@@@BA@@@A@@BA@@BABA@@BAD@@@BA@@@@@@BA@@@@@@@A@@@A@@BA@@@A@A@@@@@A@@@@@A@@@@BA@@@A@@@A@@@@@@@@B@@A@@B@@@@@@@AA@@@A@@B@@A@@@A@@@AB@@@@AB@@@@@@A@A@@@A@@BA@@AA@@@@@A@A@A@A@@BCBABA@@@@BB@@@@B@@A@@B@@@BAB@B@@@B@@A@@@@@@AA@A@@A@@A@@AA@@@@@@@@CCAA@@@A@@A@@A@@@@@@AAA@@@@@@AAA@A@@@AA@@@AA@@BA@@AAA@A@AA@@AA@A@@@ABA@@BA@A@A@@@A@@BA@@@A@@@AAAA@@AA@@@@@@A@A@@AA@@@AAAB@@A@@@A@@@@@AA@@A@@AA@@B@@A@@@A@@AAA@A@@CEEBEIFG@KEKGIIEGEGGCMAQFKFI@G@KAOGGICO@IBKFGLMJMBCDI@GBCDCFGFEFAJAJ@H@HBJFJDPDRBPDNDPFLDJFFFHHDJ@FBN@HAH@JAHEHADEDGJHBJFLBNDL@N@TDLBNBJDFDJJPFVBL@LBNDHBNFNFHFFDLHPFF@HH@FBLBJDHLDNDPBTB\\AX@Z@NCRCLGJERCF@@@@@BA@A@@@AB@@A@@B@@BB@B@B@@AB@BAB@@A@@@AB@@A@A@@B@@A@@@ABA@@B@@A@@@@B@B@@@B@@AB@@AB@@@BB@@@@BA@@@@BAB@@@BA@@B@B@B@@AD@B@B@@@@@B@@@@AB@B@@@BBB@@BB@@@@@BB@BB@@BB@@@B@B@@B@@B@@B@@B@@@@BA@@BB@@@BB@@@@@B@@@@B@@BB@@@@@BB@@B@B@B@BBD@B@@@D@D@BB@@@@B@LEDA@@@A@@AA@EAA@CC@E@EAGAMGCEECIEEEACGA@@BA@A@@@@@@@@@@@@BA@@BABA@@BABA@@@@BA@@@A@@@@@@B@B@@@B@B@@@B@@@@@B@@@B@B@@@B@@@D@D@B@@@F@DAB@B@D@D@B@@@B@B@@@D@B@@@B@@@D@JEDEJGLCNCZ@LB"],["@@@AE@C@CAE@CBC@IDA@A@A@AACCAA@@A@CAE@I@A@A@A@CBEDA@A@CAAACEECCASGOGAAAACA@@ABC@CBA@A@CAIEGGIKCCA@AACBEBEDKBE@GBEBIDKFCBA@AACAECAAC@A@A@CBCBA@C@CAACGIEGGEEACCEAQEG@EAEACAEGCECCA@AAA@CBA@E@E@C@EBA@A@A@EBC@CAA@CECACA@@EAAA@ABEAA@@C@ECEAG@C@EBGBEBEBAAC@AAC@@@CA@@@@AB@@ABA@@@A@@B@@@@BBADB@@B@@@B@@@BA@@@@@ABABABA@AB@@A@@@C@A@@@AB@@B@@BB@@BBBA@@B@@BB@@BB@BB@B@@@B@@BBB@@@@@B@@B@@@@B@BB@@@@BAB@BAB@BA@@BBBA@A@@@@B@@DA@@@@@BA@ABCBAB@@A@A@@@A@A@E@ABA@C@@AAAA@A@A@@BAB@@@@A@@@@B@B@BC@@@A@AA@@A@A@@@EAA@A@A@AAA@A@A@A@A@A@@@CAA@A@A@@@AB@@A@@AA@AB@@AAC@@@@@A@AAA@A@A@@@A@@@A@G@A@@@AAA@@@ABAB@@CB@BA@@@A@@@A@@@AB@@C@A@C@@B@@A@@@A@A@@@A@@B@@A@ABA@A@@B@B@BA@@B@B@@CD@@@@A@A@A@@@@@A@@@@@A@@@A@@A@@A@@@@BAB@BA@@AABA@AB@@@@A@A@@BA@@@@BA@A@ABA@@BA@A@C@A@@@@BA@A@CBAB@@@@@@@@@@@@A@@@@@@@A@@@@@@B@@@@@@@@@@@@@@@@A@@@@@@@A@@@@@@@@@@@@@A@@@@@@@@@@@@@@@@@@B@@@@@@@@A@@@@@@@@@@@A@@@@A@@@@A@@@@@@@@@A@@@A@@@@@A@@@@@@@@@@@AB@@@@@@@@@@@@A@@@@@@@@@@@@@@@@@@@@@@@@@@@@@@@A@@@@@@@@@@AA@@@@@@@@@@@@@@@@@@@@A@@@@@@@@@@A@@@@@@@AAA@@AAA@@@@AAEAA@A@@@@@@@AB@@AB@@A@@@A@@@@@C@A@A@@@@BA@@@@@@@@@@@@@AA@@A@A@@@@@A@@@CC@A@A@@AA@@BA@AB@@ABAAABA@@@A@@AAA@@B@@A@AA@@@@@@@AAA@@AA@@AA@@A@@@BB@@@@@@A@@AC@@@@A@AA@@@ABA@@B@@@B@@@BA@A@A@ABA@@@EA@@@@@AAA@AAACAAACA@@A@A@A@@B@@C@ABABA@@@A@@@A@@@@@AB@@A@A@@BAB@@A@@@AA@@@BA@@@A@ABCACAGB@@C@@AA@@AA@@@@@@@A@AA@@C@CA@@AB@@@@@@@@@B@BAB@@A@@BA@@BA@@@A@A@@B@@@B@@@B@B@B@@AB@@@B@@AB@@@BA@@@ABAB@@@B@@@@@B@B@@BBAB@@BB@@@B@@@@@B@@B@@B@@@@@B@@@@@@@B@@@@@B@@A@@@@@@@AB@@@@AB@@@@@B@@@@@B@@@@AB@@@@@BA@@@@@@B@@@B@@@@@@B@@B@@A@@@@B@@@B@@A@@B@@B@@@@B@@AB@B@@@B@B@@@@@B@@@B@B@@@BA@@@@@@@@@@B@@@B@@@@AB@B@@@B@@@B@B@@@B@@A@@B@@@@AB@@@@@B@@AB@@@@@@@@A@@AA@@@A@@@@@AA@@@@@AA@@A@@A@AA@@A@@@A@A@A@A@@@E@@@@A@@@@@@@A@@@@@A@@@@@@AB@@@@AA@@AA@@@A@@@@@@A@@@ABAAA@@@A@BAA@A@@@@@A@A@@@A@@AA@@@@@AB@@@@@B@@@@A@@@@@AAA@A@A@AAA@@@A@@@@@@B@@@@@@@BA@@B@@@@@@@@@@@B@@@@@@@@@@@@@B@@@@A@@@AB@@@@@@@B@@@@@@@B@@@@@@@B@@@@@@BB@@@@@@@B@@@@@B@@@@@@BB@@@@@B@@@@@@@@@@@@@B@@@@@@@@@@A@@@@@@@@B@@@@@@@@@B@@@@@B@@@@@B@@@@@@@@@@@BA@@@@@A@@@@@@B@@@@@@A@@@@B@@A@@@@@AB@@@@@BA@@@@B@@A@@@@@@@A@@@@@@@A@@@@BA@@@@@A@@B@@A@@@@@@@@BA@@@@@@@A@@B@@A@@@AB@@A@@@@@@@A@@@@@AB@@@@A@@B@@@@B@@@@B@@@@@@@@@B@@@@A@@B@@B@@@@@@B@@A@@@@@BB@@@@@@@B@@A@@@@@@@AB@@@BA@@B@@@@@@@B@B@@@@@@@B@@@@B@@B@@@@@@@B@@@@@BA@@@@B@@@@A@@B@@@@B@@@@B@@@@@@@B@@@@BB@@@@@@@@@B@@@@B@@@@@@@@@@@@B@@@@@@B@@@@@@@@B@@@@@@@@@B@@@@@@@BA@@@@@A@@@@@A@@B@@A@@@@@@@A@@@@@A@@@@@@@@@@@@BA@@@@@@@@@A@A@@@@@A@@@A@A@@@A@A@@@A@@@@B@@@@@BB@@B@@@BA@@@AB@@A@@BA@@@@@@BA@@BBB@@AB@@@B@@@BAB@@@B@@@BA@@B@@@B@D@@@@@@@@AB@@@@@B@@BB@@@B@@ABA@@@A@@@A@@A@@@@AB@@@B@@A@@B@B@@@@@BAB@@@BABA@A@@@AB@@@@@B@@@BAB@@@@A@AB@@A@A@A@A@@@@@A@AA@@@@A@@@AB@@@@A@@@@@@AA@A@@A@@@@A@@@A@A@@@@@A@@BA@@B@@@@A@@B@@@B@@@@@@@@@B@@@@@B@@@@@B@@@@@@@@@B@@@@@@BB@@@@@@BB@@@@@@B@@@@@@B@@@@@@@@A@@B@@@@@BB@@@@B@@@B@@@@@@@@@B@BB@@BBBB@BBB@@@@@BBB@B@B@@B@@@BB@@B@B@@@@@B@@@@B@@@B@B@B@@@@@@B@B@@@B@@@@@B@@@@A@@B@@@@@@A@@B@@A@@BA@@@@@AB@@@@@B@@@@@BBB@@@B@@@@B@@B@@@B@@A@@B@@@B@@@@AB@@@@@@@B@@@@@B@@@@@@@B@@@@@@@@AB@@@@@B@@@BA@@@@BB@@@DB@@BBB@@@BB@@@@@@@@@BB@@@@@@B@@@@B@@B@@@@B@@AB@@@@@@BB@@@@BBB@@@BB@@BB@@@@@BBB@B@@@BB@B@@@BD@@BBBB@@@@B@@BB@@B@@@B@@B@@BB@@@@@B@@BB@@BB@BB@@@B@@@@@@@BB@@@@A@@@@@AB@@A@@@A@@@C@@BA@@@@@@@ABA@A@@BA@@@A@@@@@@B@@@@@B@@@@@B@@@@@B@@@@@B@@A@@@A@@@@@@B@@A@@@A@A@@@@@AB@@@@AB@@A@@@@@ADA@@@@@A@@@A@@@A@@@@@@@A@@BA@A@A@@@@@@B@@A@@B@@@@@@AF@@AB@B@@@@B@@B@@@@@@BB@@B@@@@@B@@B@@@@@B@D@@@@@@@@A@@@A@@@A@@@ABA@@@A@@@@@@B@@@@AB@@@@A@@@A@@B@@@BA@@B@@@@@@A@@@@B@@@@@B@@@B@@@@@B@@@@@@@BB@@@BB@@@@@B@@@@@@AB@@@@@@AB@@@@@@@BA@@@@B@@A@@B@@A@@BAB@@@B@@A@@B@@A@@@@B@@@@AB@@@BA@@BA@@BA@@@A@A@@AA@A@@@A@@BA@@BA@A@@B@@@@@B@@@@@B@@@@@B@@@@@B@@B@@@@BBB@@BB@@@@BBB@@@BB@@@B@@@@@@@@@@A@@@@@@@@@A@@@@@@B@@@B@@@BB@@@@B@@@@@B@@@@B@@BB@@@B@@BB@B@B@@@B@@@@@B@BA@@B@@@@AB@@@B@@@B@@@BAB@@@B@B@@@@@@@B@@B@@@@B@B@@B@@@@B@@@@@@B@@@@B@@@@@@@B@@@@@B@@@@B@@@BB@@@@@B@@BB@@@@AB@@@B@@@B@@@BA@@@@B@@@@@@AB@@@@AB@@@@A@@B@@@@@B@@@@@BB@@B@@@B@B@@@@@BBB@@@B@@BBA@@B@@@B@@@@AB@@@B@@@B@B@@@B@@@@@@B@@BB@@@B@B@@@@AB@@A@@@@BA@@@@BAB@@@B@@@@AB@@@@A@@B@@@B@@@@AB@@@@AB@@AB@@@@@@@B@@@BA@@B@@@@@B@@@@@B@@@@AB@@@@AD@BA@AB@@A@@BA@@BA@@@@B@@@@@@@@@@BBB@B@@B@@@@@@@@@@@B@@@@@B@@@@@B@@@@@BA@@@@B@@@B@@B@@@BBB@@@B@@BB@@B@@B@@@B@@@@@B@@@@B@@B@@@@@@@@@B@@@@BB@@@BB@@@@@@B@@BB@@B@@@@B@@@@BB@@@@@@B@@@@B@@@@@@@@@B@@@@B@@B@@@@BB@@@@@BB@@B@@@@@B@@@B@@@B@@@@@B@@@BAB@B@@@B@@@B@@BB@BBB@BB@@@@BB@@BB@@@@B@@@@@B@@@BB@@B@@@@@B@@@@@B@@@@@B@B@@@B@DBBB@@@@@@BA@@B@@@@@BB@@@@@B@@B@@@@@@@B@@B@@@@@@@@@@@@B@@@@@BB@@BB@@@@@B@@@@@BB@@@B@@@@@BBB@@B@@B@@B@@B@@@@B@@@@B@@@@@@@B@@@B@@@@@BB@@@@B@@@@@BA@BB@@@@@BA@@@@@@@@@A@@@@@@@@BB@@@@B@@@@@@@@@BA@@@@@@BB@@@@B@@BB@@@B@BA@@BA@@@@BA@@B@@@B@@@B@@@BBB@@@@@@@B@@@@@B@@B@@B@@@@@@B@@B@@@@@B@@B@@@@B@@@@@BB@@B@@@BB@@@@B@@@@@B@@@@@@@B@B@@@@@B@@@@@B@@A@@@@B@@B@@@@BB@@@@@@@@BA@@@A@@@@@AB@@@@@BA@@@@B@@@B@@@@@B@@@@@@@@A@@@@B@@@B@@@@@B@@@BA@@@@B@@@@@BA@@@@B@@@B@@@BB@@B@@A@@@@@@BA@@@@@A@@B@@@@@AA@@@@B@@@@@B@@@@@B@@A@@@@@@@A@@@@@@@A@@@@@@B@@@@@B@@@@@B@@@@@@@A@@@@A@@@@B@@@@A@@B@@@@@B@@@@@B@@@@@@@@@@A@@@A@@B@@A@@B@@A@@@@@@B@@A@@B@@@B@@@@BB@@@@@BA@@@@@@@A@@@@B@@A@@@@B@@@@@BB@@B@@@@@@@BA@@@@@@B@@@@@@@@@B@@@@@@@BB@@@B@@@@@B@@@@B@@B@@@@B@@B@@@@@B@@@@B@@@@@BB@@B@@@B@@@@@B@@BB@@@@@B@@@B@@@@@BB@@@@@@BB@@@B@@@@@@@B@@@@@@@BB@@@@@B@@B@@@@BA@@@@B@@@BA@@@@B@@@@AB@@@@@B@@@@@B@@@@@B@@@@@@@B@@@@@@A@@@@@AB@@@@@@@@@@@BB@@@@@@B@@@@@@@B@@A@@@@@@B@@@@@@@B@@@@AB@@@@@B@@@B@@@@BB@@@@@@@@B@@B@@BB@@@@@BB@@@@B@@B@@B@@@@@BB@@@@@@B@@B@@@@B@@@@B@@@B@B@@@BA@@@@@A@@@@@A@@B@@@@A@@BA@@@@@A@@@A@@@@@@@@@@@@@@B@@@@@B@@A@@B@@@@@B@BAB@B@@@@@BAB@BBB@B@@@BEBAD@B@BABCB@@@B@BA@AD@BDD@@@DDB@@BF@@@@BB@@@DB@BBB@B@BB@@B@@B@B@B@D@BABCFAB@B@@@B@B@D@BB@BBFDB@@@B@DA@@A@@A@ABA@@@@@@AC@@DCDA@@A@@@A@A@@AB@@@BA@@@@B@@@@AAA@@@@F@B@B@D@B@@B@@B@@@B@B@@B@@@BD@F@DA@B@@AB@B@@@@FB@@BB@DBD@B@BA@@@@D@BBB@@B@@@@B@@@BABAB@@@B@@@@@@DB@BBAB@B@@@@BEBA@@@A@CBA@@@@B@@B@B@D@@@BBB@B@D@@@B@B@B@D@B@@@@@@A@@@@CA@@@@@@@@BAB@@@BA@@@@D@B@@B@@@@B@@@@@BABAB@BE@@BAD@B@@@@A@AAA@ABABCBA@@@A@@@@F@@@D@D@@AB@@AB@BBBBBB@@B@H@B@D@@@B@@@D@@@BB@@@B@B@B@@@B@@@@AB@@BBBBBBBB@@B@@B@@ADBA@@@ABA@@BA@@BC@ABABAB@@ABA@A@@@@@@BAB@@ABA@@B@@ABB@@BAB@@@@@@AB@@ABABAB@@@BABBB@B@B@@@B@BAB@B@B@B@@A@@BA@@BA@A@@B@@@A@@A@@A@@A@AA@@@@@@A@@@@@A@@A@@@AA@@A@@@@A@@@AA@@A@@A@@A@@@@AA@@A@@AA@@@@A@@@AAA@@@@@A@@A@@A@@A@@A@@@@@AAAAA@AAA@@AA@@@@A@@A@@@A@A@@@A@@@@AA@@AA@AA@@@A@AA@@A@@@AAQSPKPKBBBA@@B@@A@@BB@@@@@@B@@@@@B@@@@B@@@@@B@@BBBBBBBB@@BB@@@@B@@B@@B@DBBB@@BB@@BBBBBBB@@@D@B@@@BB@@B@@B@@B@@@BB@@@@@B@BB@@D@@@BB@@B@@BB@BB@@@B@@@BB@@@BB@@@@@@@B@@@@@BAB@B@B@B@@@@BB@@BB@BBB@@@B@B@B@@@BA@@BA@AAAB@@A@@B@@ABA@@@@@@B@@@B@B@@AB@B@B@B@@@BB@@B@@@@@@BAB@B@@@@B@@B@B@@BB@@@B@@AB@B@@@@@@@B@@@BB@@@JDVDNDPBPFHDFDhA@@@A@@@A@@@@@A@@@@@A@@@A@@@@AA@AAA@@AA@@@A@A@@@@@@@AA@@@@@@@A@A@A@@@A@@@@@A@@@A@@@@@@@A@@@@BA@@B@@A@A@@BA@C@@@A@@@A@ABA@@B@@A@@@@@A@@@A@@@A@A@@B@@A@@BA@@@A@@B@DAD@BAB@B@@AB@BACCA@@@AACA@A@@A@@@A@@@@@@@@@@AA@@@@@@@A@@@@@A@@@@A@@@@@@B@B@@@@@@@@@@AA@A@@@A@@@A@AB@@AA@@@@@@@@AAA@@@A@@@@@A@@B@@@BA@@@@@@BA@@@A@@@A@A@@@A@@@@@@@AB@@@@@@A@@B@@AB@@A@ABA@ABAB@@A@ABA@@@AAA@@@A@@@AAAAA@AAA@@@A@@@@@A@A@@@A@@B@@@AA@@@@A@@AA@@@@A@A@@@A@CAAA@@AAAA@@@A@@A@@@@@A@@@A@@@A@@@A@@@@@@@@@@@AA@@@@A@@A@@@AA@@@@A@@@@A@@A@@@@@@B@@@B@B@@@B@B@@@B@B@@@@@B@@@BA@@BA@@BA@@B@@@@@@@@@@@BADADABAB@@@B@@@@@@@B@@@@@BA@@B@@A@AAAAA@@BA@@@@@AA@@@B@B@@@@AB@@@B@@@B@@A@A@@@@@A@@@AA@@@@A@@@@@@@A@@@A@@BA@@@@BA@@B@B@B@@@B@@AB@BA@@B@B@B@@@B@@AB@BAB@BA@A@@@A@@@@@@B@@@D@BA@@B@@A@@@@B@@@@@@@B@@@@A@@@@@A@@@@BA@@B@@A@A@A@A@ABA@@@@B@BAB@@@@@BA@@@@BA@@@AB@B@B@B@B@@@@@@@@@B@@@B@@AB@@@BA@@B@@@@@B@B@@AB@@@B@@@B@@@@@BBBB@@@@@@@@@BB@B@@@@B@@@D@B@@@@BB@@@B@@@@@B@@B@@@DBD@B@B@@@B@@@@@@@@@BB@BB@DD@@B@@BB@@@@@B@BA@@B@B@@@B@@@B@@@B@BB@@B@B@@@@@B@BA@@BA@@B@B@BBB@B@@@Ɩȑ"]],"encodeOffsets":[[[121085,41586]],[[120683,41230]]]}},{"type":"Feature","id":"130825","properties":{"name":"隆化县","cp":[117.736343,41.316667],"childNum":1},"geometry":{"type":"Polygon","coordinates":["@@HELELANCJERILIJGHGHIBG@IEOEOBMDOFOLKJGJELENCJANAH@LAF@FAHEFEBEF@LAL@FDDDFDLADEFBBE@EACGAIK@K@IFGDMFEFIDIBEAEIIGICEGGEIAECEGAGAI@K@ICCC@GDGCEIBIAMCMCMASEUGOEYMSKKIKGOMMIIIEEIEIGEIAG@IAG@GCEAEEGIGKIMEMASASBQFKFIFOHGHIHAF@HBLBHALAHCJEBGBOEGEEEEAGEGEEEACCE@EAECCGAGAEAIAGEAGBMBIFIFKBGBC@GAECECIEEAG@KFKBE@EAEGIAGAGAMBGDCDGHEFEFGDE@EAKBIBGBG@EAICIGIGGCCAGAEBEDGLKLK@E@IEIIEOGMEIC@@@@E@MAIBOBKBKBO@M@KAQ@MBMDEDEDIBE@I@GAG@MBKBQ@I@IBEFCHEJEFCDIFIBO@MAMAODG@EDEBMFKDGHMFKBMAMCOIGKEIEGIGKEOBOBMBWDOBI@KCMAMAMCI@M@OFEHEHKHKBOBO@GCICIEGICEAECEI@G@CBCL@JBH@LCHGFKFMFMFSHKHIHGL@J@LAJIHOHMDKBUFM@KEGEEIGKEOEKGIIGIGIIIMGKGMEMAGAM@M@IAEEGCGAIAEBGKBKFKFMLMJQNKFSPGLMREJCHEHEJEJALCPBNFLFLJJJJBJCLGFKDKJKFGJGLDLBLBHAFCFCBGDMFEFGDCFDJBL@JCFGHGHGJAFBNAHGNKHEDIFEDKFCFCDBHCFCDCBGDGBIDGDMBIDKHIFGLKJMJGJGNAHEHAFIBGBOHKHKLEHCHMHMLKDSBM@OASAM@QDODQFIDKAICIECCGKECMEOCQEOAM@IBODSHIDMDMHOFMDMDQIKEQCGBCHAFDNBJ@NCREJKFMFOFODSHQDQBQDQHILAHBFJFJ@L@T@RDRDZLPDRNLJ@NALCRAFBDDDHFPNPFHJ@HCH@HQJKFMJIHELILIJGJCFALAHBLDJBHCJAHCHCN@LAJ@LBLDJBJBFAHALAHCHEHGJMHKHKFILAHAHCFJAXGTCRC\\GTCVGRIVERAVAPDRBPDJ@JBH@DGBECEAG@MHILCTENAPGVITMLIFIHKJMJCTAHBJBJG@GAGCMBQFEHGNINILAFBJDDNALBN@PBNFLBH@P@N@PDHDDHDJBH@FCJ@F@HBDBBHJFFFHDLDHATAJAJAH@HDDDDFFDHFHBHBJ@NDDBFDDDDFHJJJPLJDJBLFPFLFHDHBJ@JAPCF@J@XBLDN@RDVBRBVBR@TBN@NAP@NALCLEHKFGJKLIHELGHAFAFEHGBGBGFGFCJAJ@LAJBJ@RBRDNBHBJBJABA@CEIEEAEDGLMNCRCRCNAREHCLGFEHKJCNAPBJBNFLBH@HADCDCFG@KBOBI@ODIJKHGJCPAP@NAN@P@JBXDXB`DJBHDFDBFBFBJJPHBHBL@HEHEJEH@RBNBNDN@JBLAL@LGLELILCLINELCPER@NBJBJDJFPDRBN@NALCNCT@H@HBNFFAJALCFCHININCNBL@J@N@LBN@FCDCBCAIGOIOGKESEMAKDODMDIFKFGLAHAN@JBNDDHDFBJ@N@NAHDHFNFJLLLFJBJBH@J@JCHAF@D@JHLLBDFHDJFHBF"],"encodeOffsets":[[120996,42677]]}},{"type":"Feature","id":"130824","properties":{"name":"滦平县","cp":[117.337124,40.936644],"childNum":1},"geometry":{"type":"Polygon","coordinates":["@@CGAKFIFMFO@OAOCIEGGGCMAMBMDG@GBG@GCI@I@MBIDOBO@IBICKAK@EDKFMFGFEBGBGBEFKLGJC@CDI@CAEEGCIEEEGMEICE@OCGCQEOIKAMEG@DD@@@@@BAD@@A@@B@@@@@B@@B@A@@@@@@@@@AB@@A@@@@@AA@A@@@@@@A@@@AB@@ABA@AB@BAB@@A@@@@@A@A@ABC@A@ABC@A@A@ABAAC@A@AAA@A@@@A@AA@@A@@@@@@@AA@@@@A@A@@AA@@@A@@A@@@@A@@@@@A@@AA@@@@@@@@A@@@@@AB@@@@@@A@@B@@@BA@A@@@@@@B@@@B@B@@AB@@A@@@A@@@A@@B@@A@@BA@ABAB@@@@@B@BBB@@@@@@@@B@@B@@CLGJKJEB@@A@@@@B@@@B@@@@A@@@@@@B@@AB@@ABA@@BA@@@AB@@@@@@AB@@@@@BB@@B@BBB@@@B@B@@@@@@B@@@@@B@@@@@@@@B@@@B@@A@AB@@@@@@@@@B@@@@B@@B@B@BB@@B@@@@@BB@@@@B@@@@@BA@@BAB@@AB@@@BA@@BAB@@@BA@@@@B@@@@@@B@@B@@@@@B@@@@B@@@@B@@@@@@@B@@@@@@BB@@@@@@@B@B@@@@@B@@@@@B@BAB@@@B@@@@@@B@@@B@@@@B@@@B@@B@@@@B@B@B@@@BBBBBBB@@@@BB@@@B@@B@@B@@@@@B@@@B@@BBB@@B@@@B@B@@@@B@@@@@B@@@@@@B@B@BAB@@BB@B@B@D@DAFADC@E@E@CEEGCKEAAC@CCAC@AACAACACAEACCAA@ABABA@CDEBCDAF@D@BBDANCJAHCNGNEHCFAHCHELGPMFCDC@A@@BAB@@A@@@AAA@@@A@@@A@AB@@A@ABA@@BCBCBABA@@@A@@@A@A@@B@@@BAB@B@B@@@@@BAB@BC@@BA@@B@B@@ABA@@B@BAB@@@BA@@@@BB@@@@@@@@@@@A@@B@@@@@@@@@@@@@@@BA@@@@@@@@B@@@@@B@@A@@@@AMSUSEWGMCMAICQEYDEB@@A@@AA@A@@@@@A@@@A@A@A@A@@@@@@@AACA@@AAA@A@@@A@@@@@A@@@@@A@A@A@AAA@A@A@A@A@@@A@AA@@A@A@@@@@A@@@AB@@A@A@A@@@A@@@@@@@A@A@EBA@@B@@A@@@A@@@A@@@@@A@@@A@@@A@@@A@@@@@A@@@@@@@@@A@@@@@@@A@@@A@@@E@A@A@@@A@@@@@A@@@@@A@@BA@@@A@@BA@@@A@@@A@AA@@AAA@@@A@A@@@A@A@@AA@AC@@AA@A@@@AA@@@A@@@@@A@A@C@@AA@A@C@AA@@@@@BAB@@@@@BAB@@@@A@@@@@A@A@@@A@AA@@A@@@A@C@ABA@@BAB@@AB@@A@A@@@CB@@ABAB@@A@@B@@A@@@A@@@ABABA@@@ABA@ABAB@@@BAB@@@@@BA@@@A@@@A@@@@@A@AB@BA@@B@@@B@@A@A@A@AAA@@@A@@@A@AA@@A@@@A@ABA@AB@@@@@BA@@B@@@B@@@@A@A@AAAAA@AA@@AAA@@AA@@@@@@A@@A@@@AAA@@A@@AA@@@@A@ABA@AB@@A@@@A@A@@B@@@@A@@AA@A@@@A@@BA@A@@BA@@@A@@@A@@@A@@@@AAB@@A@A@@@A@A@@@A@@@A@@@@@A@A@@@A@@@A@@@A@ABA@A@@@A@A@CCECMCGGIECAG@E@E@Q@_BU@[@SBMCGEMCCECGAGBI@IAGCGCG@GBKDIDGDEDIBGDCBEBCBG@CCGBE@ELCFEBGAEAM@GGOAIACEEA@@AA@@AAAAA@@@@AA@@AA@@A@@@@@@AA@@@A@@B@@A@@@@@@@@@@B@@@@A@@@@BA@A@@@@@@@A@@@@B@@@@@@@BA@@@AB@@A@@@AB@@@@A@@@@@AB@@A@@@A@@@A@ABA@@@A@@@A@@@AB@@A@@@@@A@AB@BA@@@@AA@@AA@A@AA@@C@@@A@@@AA@@@@A@@@@@A@@@@AA@@@A@AA@@A@@@@@A@A@A@@@A@@@CB@@ABABA@A@CB@@A@AAA@@@@B@@@@A@@@@@C@@@A@A@A@A@@AA@@@A@A@@@A@A@@BA@@BAB@@@B@B@BA@ABAB@@AAA@AAA@@AABA@@@CBA@@BABA@A@@@A@A@A@@@@@A@@B@@A@ABA@A@A@AAA@A@@@A@ABA@A@@@@@A@C@@AA@C@AAA@A@AAA@A@A@@@@@A@A@@@A@@@A@@AA@@@CBA@@@A@@@A@A@@AAAA@AAA@@@AA@@EA@@A@A@A@A@@@CBA@A@AA@@@@AA@@AA@@AAA@A@@@@@@@A@@AA@@@AAA@@@A@A@@@A@@@@@@@A@@@A@C@CAA@A@A@A@A@C@C@A@@@@@AC@@AA@@A@AA@@@A@@A@@@@@@A@@A@@@@A@@@@BA@@@A@@@@@@@@@@@A@@A@@@@@A@@@@@A@@@AA@@A@@A@@A@@@@@A@@@A@@A@@@@A@@@@@@@A@@@A@@@A@@@@@A@@AA@@@A@@@@AA@A@@@AAC@@@@@AB@@A@@@@@@@A@@@A@@@@@A@@@@@A@@@A@A@@@A@@BA@A@A@@@A@@@A@@@A@A@A@A@@@A@A@@@@@ABA@@@@@A@@AA@A@@@CBA@A@A@A@A@@@CB@@ABAB@@A@@@A@@@@@@@A@@@@BA@@@@@A@@B@B@@@@BB@@AB@@@@A@@BA@@@A@@@CB@@@@AB@@ABADABA@@B@@CBAB@@ABA@@BA@@BA@@@A@@@A@@@@@A@AA@@AA@@A@A@A@@@@@A@@@AAA@@@A@A@@@A@AA@BA@@AC@A@A@@A@BA@@@@@A@@B@@A@AB@@@@A@@@@@A@AB@@A@@B@@@B@@AB@@@B@@A@@@A@CBA@AB@@AB@@A@@@A@ABA@ABA@A@AB@@@@@B@@@@@@@BA@@@@@@@A@@@A@@@A@@@A@A@A@@@A@@@AB@@A@@@@D@@A@@@A@@@A@@@A@@@A@@BA@@@A@@AA@@@A@A@@@AAAB@@A@AB@@A@AB@@AAA@AB@AC@@@C@A@@@@BAB@@A@@@AA@@@A@@@AA@@AA@A@A@@@AAAB@BCBA@@@AB@@A@@@@BA@@@@BA@@@@@A@A@@@A@@@@@AB@@A@@@@@@@A@@A@@A@@A@@A@A@@@@@AA@@@@AA@@AB@@@@@@A@@@A@@@A@C@@@ABCBA@A@C@AAA@A@@@AA@@ABAAC@ABA@@@AB@@C@A@@@ABABA@A@A@@@A@A@A@@@@@A@A@A@A@A@@@A@@AA@@@A@@BABA@@B@@B@@@AB@@A@@@@BA@@@AB@@@B@@@B@@A@@@@B@@@@@@AAA@A@@AAB@@A@A@@@AA@@A@@@A@@AC@@@ABA@AAA@@@A@@@@@AA@@A@@@A@CAC@AAA@@AA@A@A@A@@BA@@@@@A@A@AAAA@@AA@@@@ABA@A@AB@@A@@AA@A@@@A@A@@@A@A@@@A@@BA@@@@@A@@@A@A@C@A@@@AAA@AA@@@@A@A@C@ABA@@@C@A@A@A@@@@@@@@AA@A@AAA@@@A@AA@@A@A@@@@@@@AAB@@@@@@A@@AA@@@AA@CA@@@@A@@A@@A@@@AB@@AB@@A@@B@@A@A@@@A@A@A@@@A@C@@@@@AB@@@@@@A@@@@@AA@@A@@@A@A@@AA@@@A@A@A@@@@@C@A@@B@@A@@@A@@@@BA@@BA@@@ABA@@@A@ABA@A@@@@BA@A@@@A@@@A@@BA@@@A@@@A@@BA@@@AB@@@@AB@@A@AAA@@@A@@@@@ABA@A@@AA@@@@@AB@@@@@@A@@@@@@B@@@@@BA@@@@@A@A@@@A@@BA@A@A@A@@@A@@@@@@BA@@@@BA@@@A@@@AB@@@@@@@BB@@B@@@B@@@@@B@@@@BB@@@BA@@@AB@@@@AB@@AB@@@@A@@BA@@@A@@@@@@B@@@B@@A@@@A@@@ABA@@@AB@@@@@@@B@@@@@@ABA@@@@AA@A@@@@@@B@@A@@@ABA@@@A@@BA@A@@BA@@BA@@@AB@@@@@@AB@B@@@@@@@B@@@@@B@@@B@@@B@B@@@B@@AB@B@@A@@BC@A@@@A@@@A@@B@@@@@@AB@@A@@@@@AB@@A@@BA@A@A@A@@@A@@BB@@@AB@@@BA@@@@B@@AB@@@BA@@B@@@B@@@B@@B@@@B@@@B@@BB@@B@@BB@@@B@B@@A@@BAB@@AB@B@@@BAB@BA@@B@B@BA@@@@B@@@@BB@@A@@@@@@BB@@@BBB@@@@@@B@@@@A@@BA@A@@@A@A@@@@@A@ABA@@@A@A@A@@BA@A@@@A@A@AB@@A@@@A@A@A@@@A@A@A@@@C@A@@@A@@@A@@BA@@BA@@BAB@@@@A@A@@A@@AB@@@@@B@@@B@@AB@@@@B@@@B@@@B@@@@A@A@@B@@@@@@B@@@@BBA@@BB@@B@@@B@@@B@@A@@B@@@@@B@@@@@B@@@@@@@BB@@@@B@@@B@@@BB@@B@@@@@B@@@@AB@@@@A@@@@@A@@@A@@@@BA@@@A@A@@@A@@@A@@BA@@B@@@@@B@@@@@BA@@@A@A@@@A@@@AB@@A@@BA@@@@@@B@@@@B@@B@@@B@@@BB@@B@@@@@B@@@B@@@@@BA@@@@B@@BB@@@@@BA@@@@B@@AB@@A@@@@BA@@@A@AB@@@@@@@B@@@B@@@@AB@@@@A@@@A@@@A@@@A@@@A@@@A@@@A@@@AB@@@@AB@@@@A@AB@@A@@@A@AB@@A@@@@@@@BB@@@@@B@@@@@B@@@@A@@B@@@@@B@@A@@B@@@@@@@@AB@@@@@@AB@@@@@BA@@@@@@BA@@@A@@@A@A@A@A@ABA@AB@@@B@@@B@@@@@@@@C@A@C@E@@@A@@@ABAB@BA@@@AA@@@@ABA@C@@@A@A@CAA@@@A@@@ABA@@@@B@@@B@@@BA@@BA@@@AB@B@@@@A@@@C@@@E@A@@@@@A@@@@@AAA@@AA@@AAAACCA@@AA@@AB@@A@@BA@@@@B@@@B@BA@@B@B@@BB@B@B@B@@@@A@ABA@@BA@@B@@@@@B@@@@@@@@A@@@A@@B@B@@@BBB@B@@@B@BA@@BA@@BA@@@A@@@A@@B@@@@A@@@AB@@AB@@@B@BA@@@A@AB@@A@@@@BABABABA@@BA@@B@BA@@BC@@BA@A@A@A@A@@@A@@BAB@BA@@@@BAB@@@@AA@@A@A@@@AA@@C@AAA@ABA@AB@@@@@B@B@B@B@@BD@B@B@@@@A@AB@@@@A@@@A@@@C@@@@@A@A@@@A@@B@@A@@@AB@@A@@BA@@@A@@@@@A@@@A@@@AB@@@@@@@@@@@@@@A@@@A@@@@B@@@@A@@B@@A@@@AA@@@BA@@@AB@@@@A@@@A@@@@@A@@@@@AA@@AB@@A@@@@@AB@@@@@BA@@@AB@@A@@@@@@B@@@B@B@@@@A@@BA@@@@@@@@B@@@BA@@@A@@@@@AB@@@@@@A@@B@@@@A@@@A@@BA@@@@BA@@@AA@@A@@@A@@B@@@@@B@@@@@B@@@@@B@@B@@@@B@@A@@@BB@@@@@@BB@@@@@@@@@@@B@@@@@BB@@@@B@@@@@B@@B@@B@@@@@B@@@@BB@@@@B@@B@@BB@@@@@@@B@@B@@@@@@@B@@B@@@@@@@@A@@@AB@@A@@@@@A@@@@@AB@@@@A@@@A@@@A@@@@@AB@@@@A@@B@@A@@B@@@@@BB@@@@B@@@B@@@@AA@@A@@@@@A@@@A@@@A@@@A@@@@@AB@@@@AB@@A@@@@@A@@B@@@B@@@@@BA@@B@@B@@@@B@@A@@B@@A@@@A@@@@B@@A@@@@BA@@@A@@@@@AB@@@@@@@B@@A@@@AB@@@@@B@@A@@B@@@@@BA@@@A@@BA@@@A@@@@@@B@@BB@@@@@@@BA@@@@B@@@@@B@@@B@@@@@B@@@@AB@@@@A@@@@B@B@@@@@B@@@@@B@@@@@@@B@@A@@BA@@@@@A@@@AB@@A@@@@B@@@BA@@@@BA@@B@@@@@@AB@@@@A@@B@@@@A@@B@@@B@@BB@@@@@B@@@@@B@@@BB@@@BB@@@@BB@@@@@@@B@@@B@@@@B@@@@@B@@BB@@@B@@B@@@@@@AB@@A@@B@@@@@BA@@@BB@@@@@B@@@@@@@B@@@B@@@@@@@@@B@@@B@@@@@B@BA@@@@@@B@@@@@@B@@@@@@B@@@@@@@@@B@@@B@@@B@@@@@@@B@@@@@@@@@B@@@@@@@@@BB@@@@@@@@@B@@@@B@@B@@@@@@@BBB@@B@BB@BBBBBB@@@@@BA@@B@BA@@@@BB@@BB@@@BBB@@@B@@@@BB@@B@BBB@@BB@BB@@B@@@@B@B@B@BA@ABA@@B@@@B@BAB@B@BAB@@A@@@@@AB@BA@A@@BA@@B@@@BALIJGJCJBJBJ@LEDCHIBCFEDEHGNGJEPELGFEFCDIHENCL@L@RDNBNBJFLDRBNAHCLELEJCPCRGTELEHCZINAJ@JDLBNDFBHDF@NCJAJ@JBJBHBJAJAHCNCLEPIPEVC\\@RBP@RFPHRHJFHJJHFLJLLHJBNHDDBDAH@HGLAHDJHHJBHDNFPHPHHHFJFFFFFFFBDFDHBHBHBFDDHFNDNFRDT@NANGLENELCN@LAJAP@P@LDJFHHJHHJLNLHPHPBL@RHFDBDBF@FALDLBR@NBFFNBHDF@DADCHADEDCDAHBFBJDHFHBF@J@NBNBHFNHNHLJNJJJHJHHJFLFPHLFJHFLFN@VELANCPGJGBI@K@IHKJGLGTGNENELEHEDG@KAG@IDKDAH@J@DFBFDFHJJFJDHDP@PALALGFGFGPEN@J@NDNBNBLDJ@PAXCNAPAPALFJHFHFJHLPJNDNBLANEHGLC"],"encodeOffsets":[[120602,42194]]}},{"type":"Feature","id":"130827","properties":{"name":"宽城县","cp":[118.488642,40.607981],"childNum":1},"geometry":{"type":"Polygon","coordinates":["@@IDEHAHAH@D@@A@ABABCBCBCBAB@BA@@B@@B@@B@@@@@@@@@BA@@@@@@@@BB@@@@@BBB@@@@@BB@@BB@BBBB@@B@@@@@@@B@@@@@B@@@@@B@@BB@@@B@@@B@@@@AB@@@B@@@@@B@@@B@@@BBB@BBB@@A@@B@@@@@B@B@@@B@B@@BB@BB@@@AB@@AB@BA@@D@@@@@@@BB@@@@@BB@@B@B@@B@@@@B@@@@@B@@@B@@@B@@@@B@@@B@B@@@BB@@@@B@@@@@@@@@BABB@@B@@@@@@B@@B@@B@@BB@@@B@B@FAD@@@@@@@BB@@@@@@BA@@@@@@B@BB@@@@B@@@@@B@@@B@@@BBB@@@BB@@BB@@B@@@B@B@@@BBB@BBBBBBB@BBB@B@@@B@B@BB@@B@@@B@B@B@@@B@@@B@D@BB@@D@@ABB@@B@@@@BBBBBBB@@BBBBBBB@BBBB@@BBBBBBB@@B@BA@@BA@ABA@@BA@C@CBCBA@ABC@CBABCBA@AB@BA@ABA@A@ABABA@AB@@AB@@@B@@@B@@@@BB@BBBB@BBB@B@@BB@B@@@B@@@@BBB@B@B@D@@@B@BCDEFEBCDCBEDEDA@A@CAAAAABA@CACAACC@CA@@@A@@@ABA@@@@B@B@@@@A@C@@@@@@B@@@B@@@BB@@@@B@@@B@@@BB@@B@@@@@@@B@@@@B@@@@@@@B@BBBBBBBBDBBBB@B@@@@B@@@B@@BB@@@BBB@@BBB@@@@@B@@@B@@@BBBBB@BB@@@@B@@@BB@@BB@@B@BB@@LANBJDFF@DCHABGDCDCD@HFFDDHDNDLBP@JDNDNBLBPDRDPDLHTD^LLHJHLJFN@L@FDHLJLDPFLDJBNHLDNFRBR@TCT@P@L@P@FDJMHGFEPEL@LBH@LELGJEFCJCJBDBDFDJAH@FAFDDDDHBZFXHJBJFPJNBLAFALDJDHBDFFLFJJJLDF@HCFEFEDMHGLCHD@BDJDHFDHAPAJCPGHATBNBHE@E@CAEBEDEJEDELKDGHGNAR@LDLBNFLHJHFLFJJHHFJFLDNBNFHDHFPHRJNDLFHBHBJHHB@@BA@@@@DBB@B@BBD@F@@BB@B@B@B@B@B@FAB@DAB@DABABADAD@B@@@@@BBD@HAF@B@B@@ADBDA@@B@@@DABA@@D@B@@@BABAB@@AB@BA@AB@AA@ABA@@@ABA@A@@BABE@@@A@@@C@A@@@AD@@@@@AA@A@CBA@C@AB@@@BAHC@@@ABA@@B@BAB@@ABAB@B@BA@@BABAB@BA@@B@DA@@BABABA@AB@@@BA@@@@B@@@@A@@@A@A@@@ABA@@B@B@BB@@BBB@DAB@DABC@@B@B@B@BAFE@@DAB@@A@AB@BAB@BAB@BBB@BBBBDDB@B@B@B@B@B@B@BBB@@AB@@AB@BAD@@AB@DADABA@@BA@A@@HCJAB@@@BEBC@ABA@AAA@A@ABABCB@B@AAB@AA@A@@D@D@D@DAB@@ADDDDFHHBFBJAFAHCFEHCDAF@HBJBLDNHNHJDJDJFLJJFDBFBNDJALCHEDEFGBIEIGMKQQIGGMIAA@@AA@@@AAACAA@A@CC@@@A@AFC@AB@@A@AFABADA@C@@@@AA@A@@BA@@B@B@DA@@@A@A@A@@@AC@A@K@A@@AA@AA@@A@@A@@ECAA@@CAAAGAC@AAA@A@EAA@@@A@ABABA@@@@@A@EAA@A@@AA@G@A@C@A@A@A@@@CC@AAA@AC@AAA@@A@@@CBA@@CA@@A@C@A@A@@@AAA@AA@@AA@AA@AAA@ABA@E@ABA@A@AB@@BB@D@B@@@B@B@@A@@@A@ABC@A@@B@@@@BF@@@BA@@BA@AB@@@BAAA@A@A@AB@@A@A@A@A@AA@@CACA@@AAAAC@@AEACAAAAAEC@@AA@@C@@@AACC@@AAA@@@A@A@CB@@A@A@@AA@A@ABACEAA@@AAC@ACAA@@@CCA@AAAEA@@BA@C@EBA@@@A@A@@@@@A@A@A@@@A@A@@@A@A@AAA@CAAACA@@@@AAC@A@@AAA@@@A@AAA@@@CAA@A@@@A@@@AA@A@@@AA@@A@A@A@A@A@AA@@C@AB@@ECC@C@A@EAC@A@C@A@CA@@A@@ABA@@BA@@@BB@B@H@D@@@B@@E@@A@C@@@@A@C@ADAB@@AA@@AB@@A@AB@@A@@@A@@@A@@@@BA@ABCBA@AA@@@@@@A@@A@@A@@AAA@AAA@@@A@@@@@@@A@A@A@A@@@A@@@A@@@A@@@@@A@@@@@AB@@@@A@@@A@AB@@@@A@@@A@@@@@A@@@@@AB@@A@@@@@@@AB@A@@@@A@@@@AA@A@@@C@A@@@AAA@A@C@C@AA@@A@@A@@@@@@A@@@@@A@C@A@C@A@@@A@@B@@A@CB@@A@A@@@ABC@A@AB@@A@@@@BA@@@@B@@@@A@CBC@A@@B@@A@@@@BA@@B@@@@A@A@A@A@A@@@A@A@@@@@A@@@ABA@A@@B@@A@@@@@@@AAA@@AAAAA@@A@A@AAC@@@AAA@A@A@AAA@AAAA@@@AA@A@@AC@@AAAAA@AA@@A@@@BA@@@C@ABA@A@AB@@@@A@@@@A@@A@@@AAA@CAA@A@A@A@A@A@A@C@ABA@C@@@A@@@A@@BAB@BA@@@AB@@@@A@@@ABA@@B@@A@@@A@AAA@A@A@A@CA@@A@@@AA@AAA@@AA@@AAA@AA@AA@AA@@AAAAA@@@A@@A@@AA@@AAA@EAA@A@CC@A@EA@@@AACA@@@@AAAGAE@@@A@AACAC@A@ADC@@@@CAAAAACCA@A@CAA@A@@AAACA@@AA@ACAAAA@@@GAA@@@AB@@I@G@E@A@@@AA@A@A@@@AA@C@@@AAA@A@E@AAA@@@ABAB@@A@C@@@A@A@AAI@CAC@AACBA@GDCBCBAB@@@@AD@D@BABABABABGD@@CD@@A@A@A@ACEACCEECE@AA@C@AA@@@AAAC@AAA@AA@A@AAC@@@@C@@@@@@@@@@AB@@CA@@@AAGAA@@A@@@CBA@A@AAA@A@AA@CA@@@AAA@CACAAAAAAA@AB@@@@AB@@A@ABA@GESCKAOEIGGGCG@IHSHMT]FIDEFIBK@KAKGQGISQUSEAICEGGUCGCCOBG@EACCKWKMABCBC@A@MAGBABA@@D@BABA@CBI@CBE@CBABAD@DBD@D@FAJ@H@DBPBHDLFFBB@B@FAJ@H@H@FB@DDB@@@B@BAB@B@B@FAB@B@@BBB@@@B@B@B@BBB@@B@BB@@BB@@BBA@@B@@@D@B@B@BAB@BA@@BAB@@ADEF@@HHJLBH@@BBB@D@BBDB@BB@@B@B@BBB@@@B@B@@@@@BABAB@@@B@@BBFB@@@@K@ABA@AAA@A@@@CDA@A@E@@@A@@BAB@BCDABA@@@A@AAAAAAAAA@@AAACA@@@A@@GCMGICWCG@IAA@A@KBIBIBIBE@CBABABCBCBE@E@GBCBEAUAMAE@G@QFGBEBABA@C@C@EAC@C@@@GJCDADAD@H@DADABA@CBE@ECKCEAGCK@C@CAA@A@@@ABAH@BA@A@C@ICGAGAG@G@GAAAAAAC@I@@AAA@C@GBC@C@A@CACAA@E@EBSDMBEBE@EBCDAFAHADABABGBIHAD@BDLAFABABMHMFGBC@A@@A@C@GACCCGCE@G@E@ECCEMCKC"],"encodeOffsets":[[121043,41414]]}},{"type":"Feature","id":"130826","properties":{"name":"丰宁县","cp":[116.65121,41.209903],"childNum":1},"geometry":{"type":"Polygon","coordinates":["@@DEBGBGJKLELGNGHIFGDGBGBKBGAEAICIAK@KBI@KDMDGBGDIAGCIAKBGBKDEHIJIJKFKJGNILERI@GDG@GGIOEOMGECCACBEDQBK@MKIQMOCYKQCQCS@K@I@IEAEBGJKRGRCRARCTGPCPENELEFIDQ@MAICMBEDGHARDLFRJNCNCPENGNCJCTGPCJAN@PBRFPDNFFDHLDDJFJDLBJCREPCRCN@TBPBN@TALCNKNGDGFGLKLGPGHAJABEFGBGHMHINILIHKJELGJCNAHCJCHAHCDADCDEAGDCDELEFCJEFCLGHMBGAMBEHIHGHGDE@IAKCIDEHCFENEHCDADEBEAGAKCKHKHILELILCHEDKAIIIIIEKEKAMDOBKFIFIFGDGFINQHKTOLERMNINKLELELADCFCBCDGBC@CCEAGEMAE@MAQCKBK@EAEACECQGK@OAOGKGKMGIIGGGIEKCO@O@IBKBM@KDMFKFMHMBS@QCMEMCGECCAEAGAGCGCEEAEEEEEEEIGGOGOGMEGCIAGGCIBGHK@GBGACCCMGIAKGIKEKIGGIIEQGOGQEO@QA[@UDOFOJKFMDGDIBIBGAIAIAI@IBMDE@GCEAMCKAICI@MBYJGDKFSFQHODIDKFKFGDMBQAKCIEMAMAQCK@K@MDGFCJEDEFKHOFIFMHGHCFEFADGJCDKFI@IAIAIDIHKJAB@@A@@@AB@@@BABA@@B@@@@@BA@ABA@A@ABA@@@A@@@AB@BABA@A@A@@@AB@BABAB@@@DA@@BBB@B@B@@@@@BAB@B@@@@AB@@A@@B@@A@@B@@AB@@@B@@@BB@@B@@@@@BA@@@@BAD@@A@@@@@C@AAA@AAA@@AA@A@A@AB@@A@@@A@@@@@@@AB@BA@@BA@AB@@@@A@@@@@AA@@A@@B@@A@A@A@@@A@A@@@A@@B@@@@A@@B@@A@@@@@ABA@@@A@@BA@@BA@A@@@@@@B@@@@@B@@ABAB@BA@@@AB@@A@@BA@@@A@@@A@@@A@@@@B@@@@A@@@@@A@@@A@A@@BA@@@AAA@@A@@AB@@A@@@AB@@AB@@@@AA@@@@A@A@A@@@A@@@A@@B@@@@A@@@@A@@AA@@@@A@@@AA@@@A@@A@@AAA@@A@@AA@@@A@@@A@@@A@A@A@AAA@@@A@@@@@@@BA@@B@@A@A@A@@@A@@@@A@@A@A@@@AA@@A@@A@@@@@@A@@AC@A@@@A@C@@@A@@@AB@@@BAD@@@@@BABA@A@@@@@@@@@A@@B@@@@@@@B@@@@A@@@@@@@A@@@A@@@@@@@A@@@A@A@A@@@@AA@@@@@@@AB@BA@@@@@@@@@AAA@@@A@@@@@A@A@@@@@AA@@@AA@@@@A@@A@@@A@@@A@@@@@AA@@@AA@@@@@@@A@A@@@A@AA@@@@AAA@A@@@A@@@@@@@A@@BA@@B@@A@@@@B@AA@@@@@@@A@@@A@@@A@@@A@@@AA@@A@@@A@@@@@A@@@A@@@A@@@A@@@AA@@@@A@A@@@A@@A@@@A@@A@@A@AA@@A@@@AA@@@@A@@@@@AA@@A@@@AA@@A@@A@@A@@@@AA@@@A@@AA@@@A@@@A@@@A@@@A@A@@BA@@@A@@@AB@@A@@@@@A@@@@@A@@@A@@@AB@@A@@BA@@B@@A@@@@@A@@@AB@@A@@BA@@@@BA@@@@@@B@@A@@B@@A@@BA@@@@@A@@@A@@B@@A@@B@@@@@@AB@@AB@@@@A@@BA@@@@BA@@@@@A@@BA@@@A@AB@@A@@@A@@@A@@@@@A@@AA@@@@A@A@@@AA@@A@@@@A@AA@@A@A@@@A@@@@@A@@@A@A@@@AB@@A@@A@@A@A@@@AB@@A@@B@@A@@@A@@@AB@@@@A@@A@@@@A@@@AA@@A@@@A@A@@@A@@@@A@@A@@A@@@@A@@A@@@@A@@@AA@@@@AAA@@@A@@A@@@@AA@@A@@@A@@AA@@@A@@@A@@@A@A@@@A@@B@@AA@@@A@A@@@@@A@@@@@AA@@@@@@@@AA@@@@A@@A@@@A@@@A@@@@@A@@@A@@@@@A@@@AB@@A@@@A@@@@@A@@@@@A@@@@@A@@@A@A@A@ABA@A@A@@B@@A@@@A@@@A@A@@@A@@@@@@@@@@@A@@@@@@@ABA@@@AB@@A@@@@@@@@B@@A@@@AB@@A@@B@@A@@A@@@@A@@AA@@@A@@@A@@@@@A@@A@@AA@@@@A@@@@@A@@@AAA@@@AB@@A@@B@@A@@B@@A@A@A@AB@@@@@@@@@@@BA@@@@@@@A@@@@@AB@@A@@@@BAA@@A@AA@@AAA@A@@AA@@@A@@@@@A@@@@@@@@A@@@A@@@A@@@A@@@@@@@@AA@@A@@A@@@@@A@A@@@A@@@@@@@AA@@AA@@@@A@@@A@@@@BA@@BA@@@A@@@AA@@A@@A@@A@@@@AA@@@A@A@@@A@@AA@AAAAA@@@@@A@@@@@@@@BAB@@AB@@@B@BAB@@AB@@@@@@A@@@@@@@AB@@@@A@@@@@A@@@A@@B@@A@@B@@A@@BA@@@A@AB@@A@@@@B@@@@AB@@@@AB@@A@A@A@@AA@@@@@A@@@@B@@@B@B@B@B@BA@@@A@A@@@C@@BA@@@A@@@ABAB@BA@@BA@@BA@@@AB@@A@A@@@C@@@A@A@@@@@AB@@A@@@A@@@A@@BA@@@A@@@@B@@A@@@@@AA@@@@A@@@@B@@A@@@AB@@AAA@@@AA@@AA@@@@AA@@A@@@A@@@@@@@@@@@@A@@@@@C@C@C@A@A@A@@@@@AB@@@@@@@BA@@B@@@@AB@@@@A@A@@BA@A@A@C@@@A@A@@@A@@@A@@@@@@@@@A@@@AA@@@@A@A@A@@@A@A@A@A@@@@@A@A@@@A@@@A@@@AA@@@@@@AB@@@@A@@BCB@@A@@BA@@B@@A@@@@A@@A@@@A@@@A@@@A@@@A@@@@A@@A@@@@@@@A@@BA@@@A@A@@@A@@@AAA@@@AA@@CA@@A@@@@@@@@@@@@@A@@@AB@@A@@BA@@B@@@@AB@@@@A@A@@B@@A@@@AB@@@@A@A@A@@@@@A@@@@@A@A@@@@@A@@B@BA@@B@@@B@@@@@BA@@B@@@@A@A@@BA@@BA@@BA@@@AB@D@@A@@BA@@B@@A@@@@BA@@BA@@B@@AB@@@B@@@@@B@B@B@@@@@B@@@@ABA@@@@@A@@B@@AB@B@@@@@BA@@@@B@@@B@@B@@BA@@@A@@@@BA@@@@BAB@@@B@@A@@BA@A@AB@@AB@@@@AB@@A@A@CA@@A@A@@@@BKJEFMLEDIJAJCL@HEFCFGBI@g@MBGDEDEFCDBJANAFEHCDGHCB@@@@@BA@@@@B@@@@@B@@@@@B@@@@@B@B@@@B@@@@@@@BAB@@AB@@@B@@A@A@@@A@A@@@@BA@@@@@@B@@@B@@ABAD@@@@@B@@@@@@@@@BBDBB@@@@@@B@B@BBB@@@B@@@B@@@@BB@@B@@@@BB@B@@@BB@@BB@@@BB@@BBBBBDBB@@B@@BBB@@B@@@BBB@@@BBB@@@B@@BB@BB@@B@@@B@B@BB@@B@@@@@@@@BA@@BABAB@@@@@@@B@@@BAB@@AB@BA@A@ABA@A@AB@@AB@@@@@B@D@@AB@@CDABA@AB@@A@@B@@@B@@@B@@BB@B@B@@@B@@@B@B@@@B@@A@A@@BA@@BAB@@ABC@ABA@@DA@@B@B@BB@@BA@@@@BC@AB@@ABA@A@ABGDGFGBIDONCHAFCFJLDFHJDNANBF@FEHIBE@G@GFGFCH@L@DFJFDLPFF@NABEFCFGHGHQPELMVCHEL@JCHAJEJ@JALBHBBB@B@B@BBB@@B@@@B@B@@@B@B@D@@BB@@@BB@@@B@B@@@DB@@BBB@@BB@B@@BB@@@@B@@@@@B@@AB@@@B@B@@@@AB@@@B@@@B@@@@@BB@@B@BB@@B@B@@@B@@BB@@B@BBB@@B@@@@@@@@@@@@A@@@A@ABA@C@ABA@A@@@A@@@AB@@@BAB@@@B@BB@@BA@@@@@@@ABA@A@@B@@@@AB@B@@@@@B@@AB@@CBABABAB@@A@@@A@A@E@A@AB@@A@@B@@@D@D@@@B@@A@@BA@AB@BAB@@CBABAB@B@@AB@@A@@@A@ABA@A@@BA@AB@@@BA@@@A@@@AB@@A@A@ABABIFOFKHOB_AM@MBMBI@KBKLIFMDMBK@QDMDEFCFCHEJ@JCJGLEFODG@GFEF@FCH@D@HCH@JEFEFIHSFEH@FBDDFBFBF@PAL@HETEJ@RAHKNGLKPMJKHMJIDKBGD@J@B@BBBBBDBDD@B@B@BAB@B@@ABA@AB@@@BBD@B@@BB@@BD@B@@@BEPEPENM^CLCHHDNHPHPHJFHFFFJHHDJFJDNHTNLJLNhbFDHBLDRDNH\\PJLHJFLBNFHHNBFDDBBBFf@@@LNBBB@@BBB@@DBF@@@TVBBEF@B@@B@BBB@@@@BFBB@B@@@B@@D@B@B@@AD@@@B@@AB@BABADCB@@GFAD@@ABAB@BA@A@IFCBABAD@@@B@B@@@B@@BFB@@FBDDB@@@@@B@@AB@@C@@@AB@@@BBDDDBBD@BBHF@BBBJDJBLBL@LCL@J@HBFDBFBDF@FAFEDCDAHAJ@HBBAB@B@DBB@BBDB@@@@AB@@BBB@DBBDBB@B@B@B@BB@AB@B@@@@@BDBB@BB@@@@BDD@@DB@@B@@@@@B@@@BEB@@@@@B@BABAB@BB@BBDFB@BBBB@B@@@@@BA@@B@B@BADAD@@@@D@BBB@@@DDB@@@@B@BB@BB@@BB@BAD@B@@BBBB@B@@BBD@DBD@@@BBBFAB@BA@@BA@ABC@AD@BD@DB@@@B@@@BBDB@DB@@BD@BTBfPJFFFJBVDJFLFFFDHBLFPFNFJFDHDVHJBDAFAVBNDJBJBH@JBFCLEJKNENCJ@FAJGBEAIAKAGIKGIECGEGCEAEA@GDCJGHAJANBJ@JAJCH@J@LDFBJDFBJBLFLHDFJHFJDJFHFFHBFBHBFBHALCJEFGFKHKHIBEDGFGFGFEHCNGLCN@LBRBJBFBNFD@LBHANCLAJ@JAL@D@BAF@B@F@B@BBB@DFFFBDDF@@BB@@DBB@FDD@DBB@@@B@@@DBF@D@B@@@B@@A@@B@B@@@B@B@@@FA@@B@B@@@B@@@B@B@@@@@B@B@BBDA@BBABBBABAB@B@@@BA@@B@HANDRAJIJGDACAGBEAGADCFCLEVCJAJ@PEHGFILONEPERAHCJGFMFIBG@ICE@ECGAK@GBGFEHIDEDCBI"],"encodeOffsets":[[119617,42833]]}},{"type":"Feature","id":"130828","properties":{"name":"围场县","cp":[117.764086,41.949404],"childNum":1},"geometry":{"type":"Polygon","coordinates":["@@@@@@@BAD@D@BNBD@J@BBDABBP@D@HBBABA@@DHBDBDBFBBFN@@BDDDHH@HDBHDFBPFFBHDLCDCJEFCLCRCJ@LBNFHFFHDJDNJFDDJ@H@FALGHALBJBHBFFFHLR@PCHBPBPDNDHFNBJFJBJARBLEHG^ELGHIBGBGD@BADAJEFABOhABAAQ@G@E@K@A@AAOT_hYbB@JDPARGJ@N@L@P@ZAP@P@RCFAJAHBL@LEL@HBFBDDDDDJBL@HBL@D@J@LCLEJADAJAFBLAJ@HIVADCJAJITARAVAT@@ENABG`AF@@@FBPBF@BHJRX@@EBABCD@@B@@@@BB@@@@@B@@A@@@BB@BA@B@@@@@@@B@@@@B@@@B@@@@@B@B@DBB@@@B@@@@@B@@@@@@@@@@@@@@@@@BA@B@@@@B@@@@@@@@@B@B@@@@BB@@@@@@@@@@@@@@@@B@@@@@@@@@@@@A@@@@@@@@B@@A@@@@@@@@@@B@@@@@@@@A@@@@@@@@@@@BB@@@@B@@@@B@@@@@BB@@@@@@@@@@B@@@@@@B@@@@B@@@@@@@@@@@@@@@B@@@@@@@@@B@@@@@@BB@@B@@@B@@AD@@@BB@@B@@@B@@@@@@@@@@B@@@@@@B@@@@@@@@@BB@@@@B@@@@@@@@@B@@@@@@@B@@@@@@@@B@@@@BA@@@@@@@@@@@@@@@@@B@@BB@@@B@@@@B@@@@@@@@@B@@@A@@@@@@@@B@@@@@@B@@@@@@@B@@@@@@AB@@@B@@B@@@@@B@@@@B@@A@@@B@@@@B@@@AB@@@@@@@@@@@@@@B@@@@@@@BB@@@AB@@@@@@@@@A@@@@AB@@BB@@@@@@@@@B@@@@@BB@@BB@@@BB@@@@A@@@B@@B@@@@@@@@B@@A@@@@@@@B@@@@@@@BB@@@@B@@A@@@B@@B@@@DA@BB@BABB@@@@@@@@@B@@@@B@@@@@B@@@@@@@@@B@@B@@@@@@B@@@@B@@B@@@@@@@B@@@@BA@@@@@@@@@BB@@B@@@B@@@@@@@@@@@@@BB@@@@@A@@B@@@B@@@@@@BBA@@BB@@@AB@@B@@@@@@B@@@@B@@@@AB@@@@@@@B@@B@@@@@@@@@@AB@@@@@BB@@@@@BA@@@B@@@@@@B@@@@@@@@@@@B@@@@@@@@@@@@@@B@@@@@@@@@@BB@@A@@@@@@@@@@BA@@@@@B@@B@@@@@@@@@B@@BA@@@B@@@@@@@B@@@BB@A@@A@@@@@@A@@@@@@@@@@B@@@@@@@@@@@@A@@@@@@@@@@@@@@B@@@B@@@@@@@@B@@@@@@@B@@@@@@B@@@@A@@@@B@@@@A@@@@B@@B@@@@@@@B@@B@@@@@@@@@@@@@BA@@@@@BB@@@@@@@@@BAB@@@@@B@@@@@@@@@@@@@@A@@B@@B@@B@B@@A@@@@@@B@@A@@B@@@@@@B@@B@@@@@@@@@@A@@B@@@D@@@@@@@@B@@@@@@@@@@B@@@@@@B@@@@B@@@@@@@@@BA@@A@@@@@@A@@@@@@B@@@@B@@@@@@BB@@A@@@@@B@@@@@B@@@@@@@@@B@@@B@@@@@@B@@@@@@A@@@@B@@@@@@B@@@@@@@@@@@@@@@B@@B@@@@@@@@@BB@@@A@@@@@BB@@A@@B@@B@@@@A@@@@B@B@@@@B@@@@@@@@@@@@@@@A@@B@@@@@@B@@B@@@@@@@@@@@@@@@@@@@AB@@@@@@@@@@@@@@B@@@@B@@@@@@@@@@B@@@@@@B@@A@@@@@@B@@@@@@@@@@@@@@@@B@@@@@@B@@@@@B@@@@@@@B@@@@@@BB@@B@@B@@@B@B@@@B@@@BAB@@@B@@@@@BA@@@BB@@B@@@@@@@@@@ABB@@@@B@@@@BB@@@B@@B@@@@@@@B@@B@@@@B@@@@BBBBA@B@@@@BB@@@@A@@BB@@@@B@@@B@@@@@B@B@@@B@@BB@B@@@@@B@B@@@B@BAB@B@@@B@@B@@@@@BB@@@@@B@D@B@@@@AB@@@B@@@@AB@@B@@B@B@@@@@BAB@B@@@B@B@BA@@AA@@@@B@@@@@@@B@@@@B@@BA@B@@@@@@B@@@B@@@B@@@@BBA@B@@@B@@@@@@@BBA@@@@B@@A@@B@BB@@B@@@@@@BBAB@@@@@@@B@@@@BBA@@B@@@@@@B@@C@@BB@@B@@@@@@@@@@B@@@@@@@@@@@B@@@@@@@@@BA@@B@@B@@@BB@B@B@F@@AB@B@B@B@B@B@B@@@B@@@AD@@A@BB@@@@B@@@@@@@BB@AB@@@B@@@@@@@B@@@@B@@@@AB@@@@@@A@@@AB@@@@@@BB@@@@B@@@@@BB@@@@@@@BB@@@@@@@@@BB@@A@@@@@@B@@@@A@@@@@@@@@BB@@@BB@@@@@BB@@@@@@@@@BB@@B@DD@@@@BB@@@@@DB@B@@@@@B@@@@B@B@@@@AB@@@@@BB@@@@@B@@@@A@@@@B@@@@@@B@@@B@@@@@B@@@B@@@@AB@@@@@@@@@B@@@@AB@@@@@BB@A@@@@@@@@@@@@B@@@@@B@@@B@@A@@A@@@@A@@@@A@@AB@@@@@@@@AB@@BB@@BB@@A@@@@@@@@BA@A@@BA@@@@B@@@@B@@B@BAA@@@@A@@@@B@@@B@@@@A@@@@B@@@@@@@@@@B@@B@@@B@@@BA@@@@@@BA@@@@@@BAB@@B@@@B@AB@@@@@BA@B@@B@@B@@@@B@D@@@B@@@B@@@AA@@@@@@A@@@@@@@@@@@BA@@@@@A@@@@@@BB@@B@B@@@@A@@@@@@@A@@B@@@@BB@@@B@@AB@@@@@A@@@@@@@@A@@B@@@B@@@BBD@B@BBB@B@D@BAB@@B@@@@B@B@@@@@@AA@@@B@@@B@BBB@@A@@@A@@B@@@@A@@B@@@@@@@@AB@BB@@B@@ABB@@@ABBB@@@@@@@B@@AB@@@BB@@D@@@B@@@@AA@B@@@D@B@B@@@BB@@B@B@@@@@B@@@B@@@@@@BB@BA@ABA@@@A@@@@@@B@@B@@B@B@@@@BB@B@B@B@@AB@@@@BB@@@@@@B@@@@B@@@@@B@@@@@B@@@@@@@@@@@B@@@@@@@B@@@@@@@@A@@@@@@B@@@@@@@@@B@@@B@@B@@B@@@@@@@B@@@@@B@@@@BB@@@@@@@@@@@@B@@@@@@B@@@B@B@B@@@@A@@@@@AA@@@@@BAB@@@@B@@@@@BB@@@@@@AB@A@B@@@@@@@@@@B@@@@@@@@BBB@@@B@@@B@@@@@@@BB@@@@@@@@ABBB@BB@@@B@@@@@BBB@B@B@B@J@B@B@B@B@B@D@@@B@@A@@B@B@D@@@B@@@@@@@@A@@@@@@B@@@B@@@@@@@@@@@B@@@@A@@B@@@@B@@B@@@BBB@@@@@@@B@@B@A@@D@@@@AB@@B@@@@BA@@@@@BB@@@B@@@@@B@@@B@@@B@B@@@@B@@@@@@@@@@BB@@@@BAA@@@@A@@B@@@B@@@B@@@@B@@@@B@@@B@@@@AB@@@@@B@@@BB@@@@@@@@@@B@@B@@@@B@@A@@@@@@B@@B@@@@@@@B@@B@@@B@@A@@@@@B@@@@B@@@@@@B@@@@@B@@@@@@@@@@@@BB@@@AB@@@@@@@@@@@B@@@@@@B@@@@B@@@BB@@@@@@@AB@@@@@@@@@B@@@@@@@@@@BB@@A@@@@B@@B@@@B@@@@B@@@@@@@B@@@@@@@@@@@@@@@B@@@BA@@@@@@@@@AB@@@@B@@@AB@@@@@@@@@B@B@@@@B@@BA@@@@B@@@@@@@B@@A@@@@@@@@B@@@@@@BB@@@@@@@B@@@@@BA@@B@@A@@@@@@@@B@@@B@@@@@@@@@@@@@@@B@@@@A@@@@@@@@B@@@@@@@@@@@B@@@@@B@@A@@@@@@@A@@@@@@BA@B@@@@@@@B@@@@BA@@@@B@@@@@@@AA@@@@@@B@@@@@B@@@@@@@@@@@@@@A@@@@@@@@@@B@@@B@@@@@@@B@@@@@A@@@@A@@@@@@@@B@@@@@@AB@@@@@B@@@@BB@@@B@@@B@B@B@@@D@BAB@AA@@B@BB@AB@@@@A@@B@@@@@B@@@@@@@@A@@B@@BB@B@@@B@@@@@B@@A@@@@@@@@B@@AA@@@@@@@B@@@@@B@@@@@B@@@@@@@@@@@@@@A@@@@@@@@@@@A@@@@B@@@@BBA@@@@@@@@@@A@@AB@@@@@@@B@@@@@@@@@@@@@@A@@@@@@@@B@@A@@@@@@B@@AB@@@@BB@@@@@B@@B@@@A@@@@@@@A@@@@@@@@BA@@@BB@@@B@@@D@B@@@@@@B@@B@@@@@@@BA@@@@@@B@@@B@B@@AB@BBB@BA@@B@@@B@@@B@@@@@B@B@B@@@@BB@@@B@@@B@@@BA@@B@BB@@B@@@@A@@@@D@@@@@B@@@@@B@@@B@@BB@@@B@@@B@@@B@BAB@@@B@BB@@D@@@B@@BBA@@@@A@@AB@@@@@B@B@@BB@@@@@@@DA@@@@BB@@@@@@@@B@@BB@N@@@BB@@@@BBB@BB@@B@@@@@@@@@B@@B@@@@B@@B@@B@B@@@B@@@@@B@B@B@B@@@@BB@@@B@@@@@@BB@@@B@@@@B@@B@@@@@@@B@@@BB@@B@@@@@@@B@@BA@@F@F@B@@@BAB@@@@@BBB@@@@@B@@@@@B@@@@@B@@@B@@@BB@@@@@@BB@@B@@@BBB@B@@@@@@@@@B@@@@@@@@@@@@@@BB@@B@@@@@@B@@AB@@@@@@@B@@@@@B@@BB@@@@@B@@AB@@@@@@AB@@@B@@@@AB@@@B@@@@BB@B@@@B@@@B@@BB@@@@@B@B@@@@AB@@@B@@@@@B@@AB@BABA@AB@@A@AB@@A@@@A@@@A@@@AAA@@@A@@@A@A@A@@@AAA@A@@@A@A@@@A@A@@@A@A@@@A@A@@@A@A@AA@@@B@@@@@@B@B@BBBBB@@@BB@@@B@@BB@B@@@@@@@@BB@@@@@B@@@@@@@@@B@@@B@@@@@B@@@@@B@@@BB@@@@BB@@B@B@@@@@BA@B@A@@B@@@@@B@@B@@@@@BBB@B@BB@@@@@@@B@@B@@BB@@@B@@B@@B@@@@BB@BBB@@B@@B@B@B@B@@BB@B@@@@@@B@@B@@@B@@@@B@@BB@@D@@@@B@@@@B@@@B@@@B@B@@@BB@@@@B@BB@@BBB@@@@BB@@@BB@@BBB@@@B@@@BBB@@B@@@@@@@D@@BB@@AB@B@@B@@B@@B@@B@@@@B@@@@B@@B@@@@B@@@@BB@@@BB@@@@@@BB@B@@BB@@@@@@B@@@@@B@@@B@@@@@@@BB@@@@BB@@B@@@B@BC@@B@@A@A@@@@B@@@@@@A@ABA@@@@@@B@@@@AB@B@@AB@@A@@B@@@@@@@@B@@@B@@@B@B@@@B@@@B@DB@@@@B@@@B@B@@@BB@@@@B@@@B@B@@@BB@@B@B@@@B@BB@@B@@@@@@@@@@@B@@BB@@BB@@B@@@@BB@@@B@@@B@@@B@@BB@@@@@@BB@@@@BB@@B@BBB@B@BBB@@@B@@@B@BB@@B@B@@@@@B@@@B@@@@@B@@@B@@@F@BAD@B@B@BAB@@AB@BABA@@B@D@B@D@B@B@DBD@D@D@D@@@B@@@@@B@@@B@@@B@BBB@@@B@DB@@@@@@@@@@@@@A@@A@@@AA@@A@@@@AA@@@@@@@AA@@@@@@B@@A@@@@B@@A@@@@@@B@@@@@B@@@@@@@B@@@@@BA@B@@B@@@@@BA@@@@@@@@BA@@@@@@@@BA@@B@@@@@B@@@@@B@@@@@@@B@@@@A@@@@@@B@@@B@B@@@B@@@B@@@B@@A@@B@@@AB@@@@@@A@@BA@@@@@A@@@B@@B@@@@B@@B@@B@@@B@@B@@B@@@@@B@@@@BB@@@@B@@@@@B@@@@@B@@@@@B@@B@@B@@@@DFDDNFJDLEBALA^@P@B@ZCB@JKJInCP@FApMVF@@D@D@B@FCB@@AFBB@HBHDH@JDB@HFXLBBH@PHXHXHTHTJJBPALIFAGMGEAIBIHOJKNGNALGPKNKNMLKPMFIHKFIFMJMDCLILIRKPKTMTKJILGJEJILMHKJGLGNGPITMPINKNKJIFIFKFG@GAGEKGGGGEEAEAE@EBKDGDGFIHGJKHIJGJEFCHCFAHAFCDEFECECIGIIIMIQIQGOCQCMCOGOEICICEECC@GDIDGHEJAPCLAPGLCNGHEHEHIFEFGHALEHAJCTETATCPCLEJGFEFCDGBEAICKCKIMEICKGKAC@GAEDEBGFEHCNCNAPCPERELEJEFCDAFG@I@A@E@EAECCEAGBEBE@@GDE@CACECEAGCCBOCEACEAC@CDGFELCL@VAT@J@JAH@FBP@LAN@JBLBJDFHJJDDHNDNAJAFGJAFAH@FLHFFLDLBNDLAF@HARK@FB@B@DAB@@@@AB@DABAB@@@B@@A@A@@@CAA@@@CBABABABABADABABA@@@AAA@@@AB@@AB@B@B@@ABA@@FA@@DA@@F@B@@@BABCDA@A@ABC@@@AAA@@@AB@@A@@@A@AA@CCA@AAACGC@ABGCEGCIEUCMAQ@G@IAE@CCDEBAJCFAFEJEJAL@JBF@J@NC@AB@@@@@B@@@D@B@B@@@BA@@BA@@BA@ABA@@@AAEB@@@BA@@B@@@BC@AB@@AB@BA@@DC@@B@D@DA@@BAB@D@@@BA@@@AAC@A@@@A@@CACA@AAECC@A@C@GAABC@A@@@AB@DA@@BA@@@ACA@A@A@@C@@AA@AA@C@@AA@@A@A@AAAA@@@ABCB@@ABAHA@A@@@C@C@@C@CAC@EACACAA@ICA@GAC@CACAA@GAE@@@@AAC@@@AAICA@@D@BAF@@AA@@A@@JCDAFABA@AB@@@F@B@BAFADA@AAA@AD@B@DCDAFC@AB@@A@A@@DA@A@@BADADAB@BAB@BAB@FEBADCDABADEB@@@D@B@B@@AD@B@DABAB@BA@ABABADA@AAA@@AC@AAA@@AA@@@AAAA@DGBK@ICGGIIGMIGKEKCICGAI@GEICKEMIKEKIGIEKCKCMBGBMJMJGJCL@JBJAHEJCHIJKDKBK@MASAOBUBKAMAIEIEGIKMEOEGAE@MAGCKAMCKCIAGBGDKDEFEJCLEFEDGBE@G@M@MAGBGFEFKACAEEGCIEGACKKIGC@E@GBIDI@G@IAIAKEKKEIEMCGBG@M@MAICECGMCIAM@GBKBEHELCJCNCPBLFNFTHLJPHPBJADCDEDM@KAM@I@K@MAMDMJGJEDKDIBEBMEGAG@S@MDKDMBM@QAOCIEICIAMAQ@OFKDMFKJKDKJKFKHK@KBIAM@MCMAQAG@IFGFGFK@GAGAIOAIAEAEECGCIA_CWAWCIAO@M@MBO@OBIDGHILCJ@PAJAP@LEHCDCDGBG@KAMEIAOAMBIDGLEFKHGDQFMBQDQDMDKNCHBFFFFJ@DABIBIAGAMAQCQAI@IAKBI@IBEDEHAHAHGHEFEBGBKHGFKJILEHGLKFKDMBO@MBM@SAQ@UAQAUAQCM@KCWAI@E@ODIBI@GAGCKEOEKEIAICOKIIGICECCECCAMCI@GAGAGEECCECCGCG@IBIBSBGBKCGCEEIEAGCAGAE@I@EDG@IAGCCCCG@O@M@OAGEKAM@OAMBKCMICEAKBMJMJGHEFARDNBH@HIHIAGASBIDINGLEJKJSNUJOHMBSFKDGJ@NBHDFAFCHG@IAI@OCQAOCUBQBUFQJUHSD[HQDSDWHIBAJCDCFGJEFAH@HBLDH@FDF@JAHEJENIHGDQBOFMFKPEJGHOFI@IBUDKFEDCDHBFBHADBCBIHIJQBMCGBA@@@"],"encodeOffsets":[[119496,42951]]}}],"UTF8Encoding":true}