{"type":"FeatureCollection","features":[{"type":"Feature","id":"140922","properties":{"name":"五台县","cp":[113.259012,38.725711],"childNum":1},"geometry":{"type":"Polygon","coordinates":["@@MEIQEOCUDQDSBMDSBIBM@S@W@KNOPKDKFILKNIRGVEPALGRKLGDUGOMEMIGKAQ@QDIDI@K@ISCWD]JMIGMGMIQEOCKAKCMGGQGc@MLSJQBMGCIAKDSBK@Q@K@IGOOGUEOAQ@MASBUBKDQDQAUKEOEQAOCKBQHKEQEKMKMIIEEACACAGAMCIQAM@M@UEQEGGBO@QCW@K@MCUI]IY@G@KBGBQFIFSJI@MAMCSGMEQIKGYGIEWEUGWEaOMCMGQGcPKNBNCVALMNMP[ZGPKLI@AAKMEEOISFCHCJAPCNSHQHOFMFQJGFELILSZEJOHODU@I@KBBFBJJNDLGTCL@D@H@FAJAHIHMFMHKPCLANALILGJGJCLBJARKPIJMPOLOJIFSFOBMD]@IFEL@JDJFFLFNFRDTFPDRBHFBHBJANCH@H@HD@LBTHVBVNHHJHPFVBPGFEJEHCP@ZBRKFELANCXHPPJLJLNPRJHAPEPETCX@NLJLPFVLPBNDJHLN@R@F@LCRBB@H@DBF@@@BAB@B@B@B@B@B@DCBAFAB@@ADCBAB@@AB@B@B@B@BABCB@B@@B@DBBBB@B@B@B@D@B@FCB@F@B@DBB@BBBBFBB@B@J@B@B@@BB@BBBBHBBBB@BB@BDBBBPDLDFBJBNDF@B@BBBBBADAJ@HAJANCPAD@HCBEDCBAB@TEREPIRI\\CNBVFVJLFJJFHLTJRLNLJ\\TNNHFFLBJBRJRLNPPLJNBRIREXKHEXG\\BRBZGJMFKHSDODMJM^IXFfFhLR@VETMLQFODIFA"],"encodeOffsets":[[116515,39926]]}},{"type":"Feature","id":"140923","properties":{"name":"代县","cp":[112.962519,39.065138],"childNum":1},"geometry":{"type":"Polygon","coordinates":["@@KWEQEOKIIOFIRCNAPETGFIAKAKCQEO@KHIHI@@BABA@@@ABAB@BABABA@ADA@AB@BABCBABCB@DABCB@@ADABCBABADE@ABABC@ABABC@CB@BA@CDG@A@A@ABA@ABA@A@I@A@A@A@C@@@A@A@CAA@A@C@AA@@A@AAA@AA@CAA@A@C@C@ABE@G@CAA@AAAAAAACA@AA@AA@AA@ACCAE@G@A@A@CBA@ABC@C@AB@BEBADA@AB@@ADCBAJ@`NNDHAFIAQFGDAFDHFLBDAFGB@B@BADADAB@BAB@DAB@BAB@B@B@BAHAB@FE@@BABCB@FAB@B@BBDBH@B@BAB@B@@ADCBA@ABA@AB@HAB@DAB@DA@ABADCBA@@BA@E@I@@@@@ACE@AAA@@AC@A@A@A@A@A@AA@@A@A@A@A@AAA@E@A@CBAB@B@B@B@B@DDDBB@BBB@BBB@B@B@H@BAB@BADAB@@ADABABABAB@BADABAJCBADABC@@AAGACCAEA@AAAAA@E@MCIAEAKCOCAACA@AAAA@AAGAAAAAA@@AA@A@I@A@A@EAAAAAA@CAA@E@A@EDA@C@A@A@A@A@AACAA@@@@ADABA@A@A@A@ABA@@BADABC@@BABEDA@C@A@A@A@A@ABA@A@@AE@C@GAADQ@K@E@QKMIGMCOAUKOEIKMKW@SDOFOFGBQIMOIKIKOOWGMDKBEFQLYAO@GDIFEFOHUAOEIGGGUMUASGKAC@CBQDQHEFKJGNKTKNENCTEPETM\\QLOBMCO@QDMLIXCFIDOFSFULcNUHWL_N@@@@@@KLENO`GRINCHININQNOHQJQDWNIHCJHJNF@BBBB@BDBB@@BBBBD@DBD@D@DBBBB@@BBDBB@B@BBB@B@B@J@F@H@BBD@J@B@D@DADCBCBADCBA@ABEDDFDF@J@JBL@@CD@@AB@BABA@ABCBABCBA@AB@@@B@BBBNABAD@HABAB@FBB@DBBBFBDBB@B@B@FBNDDBDB@@J@LCFEHIFGNKR@FDJLFL@JBHDLFJNDXDRBXBNJHN@NFPXPLXJLHPBLHLHFJFRFTFXBVBVFHBPHPFPFND\\HTH@H@BDDJBBD@BDB@BDBBBBBB@FFBD@@@DAB@DBD@B@BB@@BDBHBB@P@B@BBD@BAB@BBB@B@B@BBB@BBBAB@BBBB@@@BBB@BBBFBBBB@B@B@B@B@B@FAP@B@B@BADABAB@BA@ADAB@@ADADCDAB@DABA@AB@BAAAF@FCAGCICIAIHELGNGLCLCDCHCPCNCB@"],"encodeOffsets":[[115897,40247]]}},{"type":"Feature","id":"140902","properties":{"name":"忻府区","cp":[112.734112,38.417743],"childNum":1},"geometry":{"type":"Polygon","coordinates":["@@@AHEBCFCHCBAFALAFCHEHGFAHAD@FAFAH@HAFBHBD@D@FAFAH@FADCFEBAJADAFEHGHEHIBCBGBEDERWFGDEDKBGBGFKNIKEAECQCCACECEAC@G@A@AAAAAC@EBCFCDCBAACCAAE@CDCFAF@J@JBD@DABCAE@G@CAGCACCCC@AAAAAACAGEICACCCEB@DBDBFBHDHBD@F@H@\\@B@B@B@@AB@BBF@@ADAB@@ABA@@BMG@DC@EBIMM@A@C@CAE@ABG@CA@@A@A@C@@AA@ACAAA@EBCDGFEFAJ@LBJBD@F@B@BCBABCBCFCF@HALAHED@JCHAFAFCBAD@CCEAACEGEEE@ACEGCEGCECE@GAIAG@E@EAECECEEGECAGAGAGCGBG@GCCCGCMAE@GCGAGAG@E@EAICECGCEEGEGGECCEEECECCAECAAA@EAC@GECEEACEEECIAMCI@ICKAG@IAIAMCI@GBABE@AACAACCAA@EBCDEBGBG@C@ABEAEAG@G@C@AA@E@A@AEAA@GBGAGDCBEDIDGDOBKBKBE@CA@ABCDCBED@BEBG@C@CECEEEGEECCICCCCAECCAE@I@EDGBGBCBE@EAAAGCG@GBG@GBIBCDEDCDEHCFBDFDDHBF@FADEBE@@BA@ABA@AB@B@BBB@B@@@B@BAB@@ABA@ABA@ABA@A@A@A@A@AB@@@B@BBB@B@@AB@BABA@AB@@CBA@A@@BA@ABA@ABA@@BABA@AB@BABAAAA@C@E@E@G@G@C@ACAKAGACAGIAACCI@A@IDGDEDG@E@ICIFCFC@IBEBCJCLEFEF@HCLEFKDI@KCGCICICGIEAQBOJIFG@M@G@MDIJGNIJKHGJEBG@IBID@@ABA@@BAB@@ABA@C@A@AAA@A@AAA@A@A@AAA@AAA@AAA@C@@BA@A@C@A@A@A@ABA@ABA@ABA@@BA@A@A@ABA@C@AAC@A@ABA@A@AB@BEBABADABAD@B@BBB@@BBBB@BD@@BB@BBBBB@BDHD@@@@JHXHVLTH@LDTVZLHFL@PCJMP@JDPFHDPDLALEJKHSFWHIHEPBNFPLJFFFLBT@X@PBL@VFPDLFFFFJHNF\\PLNJTNNNJHFJH@@@B@BBFBDBBDBFDFBBBFDDBB@LJH@BBBDBBDFBBDBDD@D@DBBBDBBB@DBDBJBDBBBDB@DAHEH@D@B@F@DBDBBDBH@F@PCFAHAD@D@@@B@J@PATURONMLOTMPCLGFGNMJOB@B@@ABABA@@BA@AB@@@BA@AB@BCBA@@B@@@FAFAB@B@B@@@D@D@DAJCJ@NDLBFAFGBEDEDCD@B@D@B@JCD@D@B@B@D@B@B@@@F@@@@@BBDBBBHBDB@@DAF@FADAD@B@@@DBB@DDBBBBD@B@F@D@B@D@BBBDBB@HDF@BB@LDRANALBJFPHLHTHXB"],"encodeOffsets":[[115452,39550]]}},{"type":"Feature","id":"140921","properties":{"name":"定襄县","cp":[112.963231,38.484948],"childNum":1},"geometry":{"type":"Polygon","coordinates":["@@@G@CDKHSCKIMAIAELAJ@V@PCPGFITYJKFKHERINEPERGTGDMBODIDGTEPJFFLNBBJ@LKHO\\YNONMBKDUAMLMdOGGEIEOEEMGQCQC[KSIOGcKCEGCO@M@KBIAK@CAEAC@EBODIACCACCDCFEBEBIBGBKBI@I@IAICI@IAGAEACCCA@@C@ACDCFS@ECCQEEESDKCCCEAEAECGAEACCACAGACAEEACAEACC@C@CCCECCACCCEEC@CGCCAEACAEBGBAACAI@GDADCF@F@D@FADCBC@ABEDEBGBIDC@GFKBGBE@EDADADABADA@E@C@IAKAI@EBEFCHAD@FBBDB@BBB@@@D@B@BB@@DAH@BBF@D@D@BNNAJ@FCDH@AN@@AB@BA@CB@BE@AAA@@BA@A@A@[@G@E@C@GAGCEACACAA@DFDDDBFJBHBDBBBB@BDDDDDBBH@D@HBFADCBC@IAI@E@EBCD@DBFDBBDABCDEDAD@FBDBBBBB@H@D@FBFDBDDDDRBFLFMJELAHAHCLCFEHQXCFAFAHADGJGFGHEFCBIBABEFCDEBG@EBEBC@C@GAEAGBG@EBEBC@GBEBGHGFEDKBEBABGDEDADGF@BVP`FXD^DPFVDV@rKPCV@`HRDRDVCTKNMNMTEbCVCTBZHVDHHDHBRFBB@FBFBD@DADABADABADDBABEBAF@DALB@BCHAHCHABJL@@RFLDJDPHFBFAFANG"],"encodeOffsets":[[115807,39586]]}},{"type":"Feature","id":"140924","properties":{"name":"繁峙县","cp":[113.267707,39.188104],"childNum":1},"geometry":{"type":"Polygon","coordinates":["@@@ECMCG@K@IJKNKNINKPINIHGDGDMBEJGNIJCHEBICQ@MAOCQCMAOCMIKMGMMACCIFGBK@KFOBMBSFMFK@YBMFMFMBE@@@@BCBI@EYMKMEICIIMEOS@WDUFSEEMAMKMOGOKKGKIIGMIQIGGIIOOMKSAS@GBEBCJEPKRSNUFQ@gKeEWE]JINCNCPGTELINYHQA[AWHGFWLQFQJMAKIOOKMIQAQAIEKGEMM[SKIKMIQKSEGIIKEUIUEMA[DQJOJQFSFA@ABCDAFGDC@OBMDIBGBI@CBABB@BFDDHBBB@@ADCBABIDABCBABA@ABABABCB@BA@CBABA@ABG@A@A@A@AAA@AAA@CACCA@A@A@A@A@AB@D@B@FBB@B@B@B@B@BB@@B@B@B@B@B@BBD@@BB@BDF@B@@@@@J@FAB@@ABCDAB@BCBA@CBA@GBA@@BAB@BABCD@BA@A@ABA@G@CAAAA@A@EBA@ADAB@@EFA@GBABA@A@A@ABA@CBA@ABA@CBCBABA@A@EHCBKAGEECCBEHBREJGBMC_MI@ABCD@BA@@BCBABAFA@@B@DAD@BAB@D@B@B@HBFDD@BBBB@@BBBB@BDBBBBBBB@DBH@F@BAD@D@B@B@DBB@@BBB@B@BB@@B@D@BBB@D@B@B@@@D@B@B@B@J@BAB@BAB@B@B@BCH@DABA@@DADAB@BADAB@BCFABABADCB@BA@ADCBA@ADABADABA@@BCB@BABABABA@AB@B@@ABAB@@GJGJ@LFPDRBLBLEJSHOFMBQDEJJPLJFPFRLXLCRCPCTCLANDJFNHFFLFRHHDPBL@LCNAVDJ@F@RAXBRANAPATDL@LKLGLELAFDFJBJLHNFPHHPJDXKRKH@FBAN@NHHPBTBPHH@J@RALAH@THHPJLFLBNLXHDPHPLJHFHBD@HAV@LFLBFDBVBRFFAHIDGFIBCLCPFNFH@RDdJNEPCHCJGRERCPATDRDNBJATCRENCFEROHOFKFGHGHCPENCH@VCR@PALCJAJBTBP@XBZBN@LCDE"],"encodeOffsets":[[116636,40315]]}},{"type":"Feature","id":"140925","properties":{"name":"宁武县","cp":[112.307936,39.001718],"childNum":1},"geometry":{"type":"Polygon","coordinates":["@@CCIEKGQOMGOIGEKISGOBMFKFG@ICQIUIMIWGUMKGOOOQ@KQKKGOCQ@IBKHSFMEKAIAMBE@MMMGIGKEGAKFMHOHGICQGMAAECEC@C@@@ABA@CAA@AEC@@CA@AAAA@@AAA@AAA@AAA@A@A@E@A@@AA@A@AAA@AA@@AAA@AA@AAA@ACBAB@D@N@F@BBB@@BD@BBD@BBB@BAB@@A@G@A@C@ABA@ACAMAAAA@C@A@CAGACAAAIMMKIMISGKOK@OHELEFCJK@[@UCQEMGK@GAMDOHWHOJKFMBKFWFM^SPET@ZHNJHJLPHLHLLHT@JUPILEH@BNNLPARGHCNOPGNIDCAOAECOCKAKBIDG@AI@A@@@C@C@GBEBODE@G@CAAAAC@C@E@A@CFGBG@CCAAACAIACACAA@AAACAA@C@CCCCAAACEAAACAAG@KIA@CAECAAEAECCAAAACAE@A@A@@IGGEMIMMISKM[OMEIGEEEEEDGFKLGJGPCDIHMFKDMFSHIFIDMLOLOPGNEPBPCLALCDG@M@KFERCLGBMCMEMEGEGCGCOCKGOEGCEBA@ADCBCBEBE@CACAAACCAAAEBCBEBA@CAC@EDCBADAFAB@DC@A@E@A@CAACCGECAGIECEKAAAAECC@CAI@C@IEIEC@E@GBEAQCIKIKCEEKGSGKMGSBQAKS@Q@G@G@@DCFE@ECEAAAAAACAAAC@EBCBCBCFABADEBU@CBKDEBEFCDAFADCP@D@DAFCFCHCBEBAAEAACCI@ACAEBEDCFA@IDEBKHILIJKFSDIBMDQBMAAP@DCJAPCVGPGBMFIDENCNEL@FAJHFFFNRAPA`APBLBLC@HHHFLDZFTHNFPFTDRDTDDBJHFLBLFP@RBHFLNLPNDHCLAJGJKFINDNFNJNFVGN@T@LPPJNLRPNPLPJLDNFP@RDHH@BFFFFHFHDJCPELELATARBTCTBPNNJNLRJRPLJHP@ZANDJHFVHXDVB^DTJHFHDDHBJCRBNDNHNLDTBPEB@D@FBHDJA@@PGHAFEDEB@HAH@DBFFBH@FBDBFBLCFADADDFDF@H@HGDIDGBEFEHSHMFEDCDBHBDDNBDBBHAH@NBJ@NBN@HCDE@CAGCCGCIAGCAAACBEFIFCLCJBRFBF@DCL@H@DDFFBRAFBBFB@F@HCPCHCJEHENILCB@PBVFLFPDTARCRMLAXHPHNJNHPJNHLJNFNFZDT@TERALI@A@A@ABC@ABABC@A@AB@BABC@A@AB@@ABADAFABAB@D@DBBAB@BBD@D@B@DABAB@BA@ABA@A@A@A@AACAC@ABA@@@ALSH@ZBDB@AHCNCPBNA"],"encodeOffsets":[[115337,40024]]}},{"type":"Feature","id":"140926","properties":{"name":"静乐县","cp":[111.940231,38.355947],"childNum":1},"geometry":{"type":"Polygon","coordinates":["@@NBRANCJATCLEJIJKLGFAJCB@DEFCFADB@BDJBDFBBBFADADGDEBE@C@CDOBCBEDCFEFALCDAV@FABCBADEDADAFAD@BBDBBBBBBBDF@FEFCD@@@H@H@RLTRBTANHHLHTFLDFJLJLRDFBHAF@D@JFJFD@J@DBD@FDBBBBFLFDHJDBHFDDBB@D@B@F@BCDA@EBCBABCD@FBD@DABAFADBFBBDDBBDBDBF@FADADABCB@FAHDPFLHPDHDHDHFNFNFNDHADKFQLEN@H@DCBKDKAOFOHMPOPKNKJCJETGNELCNEJGDCHOHILKHEFCCKEO@UAK@O@WASEKEEKIEOAMFOJGXGTELGFIBKCKCOEGCO@INODI@OEKKGUYCS@KSGUKWGIG@@@@GCACA@AAAAA@@AC@@AAAAA@@AA@A@ABCBABCBAFACEEIMEKGKIEE@GBEDEHENEJ@HEBEACK@eGWEWIA@@KFGFIJKFGLGHCHEFGBGBKBI@KFEH@JCDK@KCKEGACAGCICICGGEQCCCIEE@KBIFG@ICAABKBE@A@CEDGHIHMAMBMDMFOBMDOAE@KAEACEIEIDEHKHCJEDGBGFCFIFGBIBG@KCGACDEDC@QFGFE@IGCAE@IDMFQHIBIBGDCJE@GAKISAGCOEIBOGEKIAG@EDGHIHGDIAOFO@MLGHEHGFGBIBC@CEKEM@IF@@@@@@ADCFDNDLBLEHGBGBUHE@CCACAGBALCDC@CGCM@QBKBG@EAQLGDAFAD@DAHCFIBIDMLIFCLANARBNBLCRDDXBPDVHH@LEFAVDHDPJADBR@HADOHIBGFCJAFDLFHBFAFEJCHBJBFOLOBIFKLEBEBED@DBJDFDD@FADEDCH@DCDENBDTNFF@JEDAFAFDD@FKLKFURKHKLMLMJMJIHIFKLBHBHJFPJDDNFNDNHRHH@LAPFHJFDDHDJLNXFPFXHRHR@RDJBFD"],"encodeOffsets":[[114554,39506]]}},{"type":"Feature","id":"140927","properties":{"name":"神池县","cp":[112.200438,39.088467],"childNum":1},"geometry":{"type":"Polygon","coordinates":["@@CECC@GDIDGHIJCFARCHCFCDCCEEGBEBGBEDCBAPEDABCACMIEAICA@HMJANGHEFMHIFMFGJMPEHDHFDJDHFLNJPDLBNBR@PATEFATIRCJIFGHQCQAO@EPGFEBCAE@EAC@CHCFAFAFAFADCDS@GCGACEEACBCFCJBJDHFFBF@FAH@LDDAHEFAFABCBCBI@GBAJBD@@CECGG@GDC@MCKCE@GDE@@AAACCMACAGDCFCNETGFGFEHAJCHC@G@GCECEBCBCDEAKAEAC@EAGEECAG@GBA@CFEFGBOH@@IBGCEAC@A@OFSAKCGMCMAMDQAICGGCGESI]CUAWCUGGECIBM@YGOKIQOQIMKMIOMSASDQASBKBKFOFIDGCGEEEEE@AKHKLOJGNAFKZGPGLCJIJODMDIHKRKNKXWbMPWNUDQ@UBSHOHKFIFQJWFUJU@cPUXQPIJQZKJKREJCLAJFLLHJDLFHDDDDBFBNFLJDDBD@@BB@D@D@B@B@BBB@B@BB@@D@F@@ADADABAB@BA@ABABAB@@CD@@ABAB@@AB@BAD@@ABCFA@CBA@AAC@@ACAAA@@AAACE@EBGDIDEDCDK^RJDFDFBBBB@BADABABAFKLGLAFAJGJMFMJCNDHFJNLRHPPNLPNJDRBJALCJKLGJEDALKNGNEXFLDNFNHNLRRFHHRFR@TDDJFRJ\\DXDP@LDHJXFRFPDPANATILEFCHEHEAEBADABCNKFEBADCBE"],"encodeOffsets":[[114713,40311]]}},{"type":"Feature","id":"140928","properties":{"name":"五寨县","cp":[111.841015,38.912761],"childNum":1},"geometry":{"type":"Polygon","coordinates":["@@@HGFCLFJPHPFPHJNNLHRDN@PCR]AWCYA_EYAMDIFGNENITKHMHMHMRQPOPEPQNSN]\\SNOLCFGHMFO@UCWJcTOFOFUJQFG@ACIGIGGESGQCS@CBAB@F@FNVRNDT@FAD@D@B@BAB@BC@ADABAB@@EJGFO@SG[AGHGJEFIBMAQIYBEDKDELC@DDRDPJDFF@BBB@BBBBBBB@B@B@BA@A@AD@@@BBB@BB@D@D@B@B@BAB@@@BABGBE@EBCFCTAT@L@PBPELAHBDDTBDHJHJ@VBFBHDFHDDBDDBD@BBH@F@B@FEDEDIFCBADCDAL@@@D@HDB@BJHLFLHJHHHBBFFAFABAD@D@BBBDDFDBBFBF@@@FAB@@BFEJGB@HEBBD@B@B@ZL`N^PNPAN@@BBB@FB@@BBBBDBDBB@B@BBFBBBDBD@F@B@FB@@@@F@FDDBTFJ@FDBBFDBBDBHAD@BBD@@BBH@Z@BBBPBD@DGBEDAFCFCD@FBTHF@H@D@D@DBDDDDDBF@FBH@FAB@ACACBCL]DCFCJCHCFAF@BDBB@@BBDB@BD@BBB@DAB@DEBA@@BC@ABA@@BABA@@DC@@BABABAB@@ABABABCBC@@@E@CA@@A@AAA@A@A@A@C@CAA@@ACCCKIMEEACACCGCKEICKGEKBIDKFILQLIRYJIROVWdOV@VIXERIJELEPGTGVAR@VCXMNOXaLWLMLQJGNCPCJIDIHKHOLYBEHMPILKLGGGQCO@MEKCOIOKOMKQIMOO@K@SHMEUIMEMCMJMLEHIBIDKCGOMMKEKAG@QEOAKEKIGCASCQCSCOEMESGYEKCGEGG"],"encodeOffsets":[[114530,39641]]}},{"type":"Feature","id":"140929","properties":{"name":"岢岚县","cp":[111.56981,38.705625],"childNum":1},"geometry":{"type":"Polygon","coordinates":["@@D@FKLCFCZARJNBJAFEHIHG\\BTHP@HEFI@@BABABCD@@ABA@A@A@CBC@ECSQMMU@E@EBADAT@RDTHHFJHJHBDH@REVIPEPEdSXIVDP@NEHGDEPKTM^[TMRMFOPORONQNGNGLGJSFMHMJENCZB`FZBXD^BDQ@OCMGQMKIMOGOEOGEIDKHE@GD@AKAKBOB_BOMQEEGEBI@EFKDMFMJCNEHAHODUBODI@CBOECIAQCQ@QGWGOEWEKMCICGECGIOEKBG@APAFELENCJEHELGNILKNIBKFQHSAEEEIEMEIIMEEKIOGOESEWCQESIOCUEIIQGQKMIUOGEMGOCIBKFKDIJOPKBGACAGICI@KDA@A@@@@@I@MAICKQNEFIJKHOJIFMNMNGNAJCN@L@LCJBJEDIFKBSBA@oB]AMBGBCDEDCFGBQHIDCJBHBJCFO@WGSASAKCMCQ@UBEDGHEJELELIPEJCNBF@L@LAHCFIDKDMDGHCL@@@@@@APBFANALCRCLELEFCHDBLNHLFBFENOPFNBHFHFFHBFGHQJSBQFMJEJCJANCRNLHBPFLDBJCLAPFRBH@LDJDFBBDBNFHBJBDFBLB@@DB@BBB@DBJ@DAD@B@BABABA@ABCBA@ABGBC@AB@DAB@B@HDB@B@D@D@DBLJDBFJ@HFJDHFDDDAPCHILGPBNCNXF^@T@`EJAFATIPGLCJAHAAFEHCLCDIT@RDLFHHPTPXJRHLDJDNDL@JBDB"],"encodeOffsets":[[114139,39913]]}},{"type":"Feature","id":"140930","properties":{"name":"河曲县","cp":[111.146609,39.381895],"childNum":1},"geometry":{"type":"Polygon","coordinates":["@@H@R@LAB@JBV@PAFCPIDMAOCMBGFOHQDKLCPCHAPOAKEKIIGGGMWOGKEKBKJOZIfOTERMVaHKRGZCRAZMFOJKNCN@^FZBVA@@F@B@DALEFCHAJCBC@E@GAO@IBCDADAAAEAAAA@A@CACAAAAA@@EAA@AA@@BMMO]O_MYKA@A@C@AAGFA@IHEF@AA@EB@@E@EAAAECCCAA@A@CBCBABEEEAAGGIGKGKEIG@ACA@G@C@@BKDCBCDAJEFCFC@E@A@EAG@AACCCCAGCCEAGAE@UGIGIACCSACBGFKAO@O@KBSDSDEFAF@HABA@A@@BA@A@A@A@C@CAAA@AA@@C@@B@BABA@A@A@AAAAAAA@AAE@CEOIQCCCCAIAK@MCICKCQGWISOGOEGCK@QJSDCDKFGBEGBIBKDOHSJEBIB_FS@]@WEAHGLBN@@@BHJFJDJJHLDFDDF@HCHKLCFAHAH@FCDEDCDCDAFGFABADCBC@CBGBGBEBEBKBODA@ABCBBDFDDDDDBLBLADAHGJGHEBKHKFCFIDMBCDCFABABE@G@G@E@G@EDGFCHGBCLENGNMRKFUDQHFJBFBHDFDJ@HEHABEDABCDAB@F@BFLHLHRHJJLJJDHFNDLBFDBFHDFFD@B@BABAD@BDBDBDBHFDFDHBDBH@DCDCFADAD@FBFDLBFDDDFFHBFBDBDDBDDFBBBD@DBDDDDBDBDBBDB@@BBABA@I@M@I@G@EAE@C@I@KDIDIDEFEDGDKPCFAD@DDFJHFDFBDDBD@FADEDEDC@C@GCOECCAAAC@A@CAACAGAEBEDCFBHFPBJ@JAFEFCBI@WCCAA@O@KFAHBHJJDDDDJNJRFFDFDDHBLDNDBBHHFDFDDBF@FAHCFAN@L@LDFDHBFBDAFAFED@F@FAD@J@DAD@B@B@DBD@J@FBDBFBDBF@D@DAD@BAF@DAF@BAFCDAD@D@D@BBDBBBB@J@LDD@ZAHAXB^JNLFNDPBL"],"encodeOffsets":[[114038,40400]]}},{"type":"Feature","id":"140931","properties":{"name":"保德县","cp":[111.085688,39.022576],"childNum":1},"geometry":{"type":"Polygon","coordinates":["@@DMAMHOJKDGBOCCECCGEI@GEICAKICAC@C@A@A@GCA@A@CBA@@BADAH@BABAD@BABABABA@C@CBI@CAA@AAA@@CA@AKCEIAGAMECAAACECI@KAGEQBODKAIKCOEGAMKDQBMDIFINIRETARIHGAEEGGEGEMAOEMPEFEAGKKMCAABEDID_BWCQCMAOAKCMGMIQMOCUIYIWKSEQMMIWMSEQIY@IBGFILILINEDKBI@IAUASFGHADBJDJDFJF@D@H@LCFEFIHBBHHHLJLFLHH@FADEHGHABAD@D@DBDBDDBHDDBD@D@D@DBFBFFFFDJDHFLBDAD@DDFBDDH@BDD@BBBBBFFJHHJBH@HAFILKLCDCF@DBBFDFDFBPLHLBLALELCNB\\ALAHINEJADEJAJAFCDIDIFCBCHADBDBHBDRTNRDBJDJFHDDBDDDBPLVH^DPBD@HAHBB@RDJBHBJFPNNJNHNLVTJFFJFJDLBP@DCH@DBFBDFDFBLDDDDDDJBDRGVCLENQHMFMDKHADGHEFCH@F@H@H@F@BABADEDCNAJCDELELGFAHGHIBGBCAKAKCCCCECACDABAB@PCLAFAFAHAHADAD@DABCBAHEBEDCDCFCDC@EBGBGDELKDG@GCEECKCIGCIEIGI@A@@AMHKBG"],"encodeOffsets":[[113987,39851]]}},{"type":"Feature","id":"140932","properties":{"name":"偏关县","cp":[111.500477,39.442153],"childNum":1},"geometry":{"type":"Polygon","coordinates":["@@FCDCFGBGBKBGDI@@NKNIPGPGHEJIJKNMHGLIMQOES@SA[BU@SE[AOEMCGCIGAIAG@CBEDEJMHOFOFIDGLA@ADCBAF@FBNHJ@D@REDCJIPIFAJCDAFBDFD@D@D@BCAIBGDKFEFEFE@E@GBEFAFAFADGBCBC@EAEAGAECE@@GFGFEDKFSJMBOBOCQEWEGIKCO@WC[CQIIECC@SEQGQEGQQMKMGMEKCWEMFMHKLCBIFKHILKDIBQAICOMMKOOQGMKEICGDMNINEHIBIBEHKLKBEBABABC@AAAAACECEQIADBDBDA@EBG@EAE@CACCCCCAC@C@G@E@SGEAC@EDEDCBAFCHC@OAAA@A@YAG@AC@AAC@GBCAAAECAAECI@SECAECE@@@@@EAA@E@C@CACBCBAD@JBP@H@FADIDGBEDKFCBA@E@@@UBYA]EM@MDILEPYNQBYDQHGLUbQNSFePYJIPALFLHLXPHNHHJJFLBLOPGBODKDCLGREPAHDNBPCNOJEDOBU@IAA@KBQ@G@@JAJ@JBDFFDFFHHHLHFFFDHDHDJBVHF@H@JBFDJJ@FFR@FGPMLAF@FHPNXDN@N@HBHDHFL@FAFADKLEHAF@FBDHFD@D@D@BAD@B@DCBADGDEBEDADAD@FBDD@D@D@D@JBF@DADEBGBO@CBEBADEFAD@H@DD@FAH@JBHDLBHDHDJDHDJFJDHBFBFBD@FBF@D@FBD@D@F@F@D@FAFCHAFCD@BAD@DADAFAH@F@D@D@F@DABCBADEBABABABAF@F@DBJ@D@DBF@FAHABAFAFCFCDAFADAD@DAD@B@F@F@DFFFBDFBZD@@BAD@BADAB@D@F@F@HCHCHCFAFADADAPAFCFADAFADCDADADEDCDCBCDCJE@ADAB@HAD@HALAJCDAFCDAF@DADADAD@FAD@H@BBD@D@BABABABADAD@D@D@BBFDBBFBBBDBDBD@B@DDBDDBBBDBHDB@FDBBBBBDDBB@DFHDDBBBD@D@DBF@FADADAHCFCDBF@DAB@HAD@BABADABADABCD@@BBB@BDB@BFB@BDBD@DCB@BBBBDBFDB@D@D@FADADAD@D@BB@BD@D@BADCDABABAD@DD"],"encodeOffsets":[[114617,40563]]}},{"type":"Feature","id":"140981","properties":{"name":"原平市","cp":[112.713132,38.729186],"childNum":1},"geometry":{"type":"Polygon","coordinates":["@@FCBAB@DABCDADABC@C@C@A@IAC@A@G@E@I@A@AAA@A@AAAAC@AA@AACAC@C@CAC@AAAA@@AAACA@AA@AMEGIDIJGXMRCRIPGRMJMJMDGJMHQP_FMLK@@@@@@`MXKVGdMVKTEPEJCDEJWNKRCP@NDPARKN[FSFODSFMLMLSHMLIFERGRCDA@G@GDGBMAIAGGEQAOCSEQCMEKEEECI@IFKJE^@NCPATEJEPIPKNOJILOBQAIDKHIHIJKBKBMDKLONGNEJGBGBI@EMHEBEBEAOGICKCQE@@IKBADGBGDG@AKACBE@ABAFABCCABCBABCBCBC@EAEAA@EAAQCGGGUCYGSAUDaDSFMNMNSLUDQCQC_GU@ODqLU@UCOE]CWC_EUOWASGKGOGIEKAMBQBKCA@@ACE@GAAACAAC@A@C@E@A@C@AAAACCA@CA@@A@C@CBEBE@CB@@CAGAAACAAA@@@@E@@@A@A@C@A@A@C@C@IDA@C@A@C@CDCFAFEHEBKAMCI@IDCBC@C@@@A@A@A@EBEB@@A@@@ABADA@@BAB@@A@@BAB@@ABAB@BA@A@IPMNEHKHODSNKPMNQPSVOB@BCHAJBLDLDPBFBPCDMJOHMPGDQHOBMKAMG@KFOJIVS@KGGKGKKOGIMIYGS@OF]TENEXALENILGPGXCPBN@HHLFNDR@V@\\ILEDKFGF@PPLHLJTJNNLJNBBDBHBDBB@D@B@BBNBDB@BAB@B@D@B@H@BA@ABA@AAC@AAC@@AA@AAE@M@C@A@ABBDB@BBB@@BBB@BB@@BBB@B@BBB@@@B@F@B@BBB@BBB@BBB@BB@BB@BDB@@FD@BBB@DAB@B@@@DFDFDBBHNDRHJPGNGLEHBLFJHNHNNF@NAJBLBNFTELGJAR@PDLHRL@LPRPPLHVNXHNJVJRJJDH@LENEPATHLJHFPJNHRPLHJFDDJ@RFFBFHDLDN@@@@@BAD@BABAD@FBDBB@BBBBBB@BDDBFB@BDDDDB@DBBBD@BAFCB@B@DABADAB@D@B@B@B@DBD@HBD@DBDBD@BBDBFBHDBBB@B@BBFBBBDBBBLJB@DB@@HF@BB@DDB@"],"encodeOffsets":[[115450,40093]]}}],"UTF8Encoding":true}