{"type":"FeatureCollection","features":[{"type":"Feature","id":"140603","properties":{"name":"平鲁区","cp":[112.295227,39.515603],"childNum":1},"geometry":{"type":"Polygon","coordinates":["@@F@HIBIHOHW@ICGIGGCYISGAGDELARCTAHQDOFGFCDEDOTMPFL@N@X@XDV@J@LAFAPCNE@KEIEICKHQRULOFQF[PIVAdDZFTFLBNALCDCDCJONQNMJMHQAMCICGBAECGAOCKCQSMMICQFMDKCO@@BGHIDKDC@AAOMCGCGICECDG@ACAIAWGUEEBENCBKFCBADEREJABC@UEIDC@CAIAQICCCGQCGAQCI@OBKDOFMBQASNODKCGAG@GBGBE@EACCC@C@A@G@G@E@EC@CBADCBACCEEGCG@EAI@O@GAI@AAAABADADABCCEIACBEACAGAIAG@GBA@E@C@GAEAKACDCDAFADEBCB@B@BAB@BA@@B@BABABAB@@ABC@C@CAA@AAAAAAA@A@A@CAC@E@E@GBCDADCHCFEDIJEBMBOAQ@EDIDGBECUWQKIBCBE@EAEGACECC@GACECEAG@E@EAMGCGGECE@CACAACEKAGCAE@GAG@E@CA@CAGAAAAECEAEAE@EFGFQLABGDEBE@IAI@CBC@@C@CCAWDA@AFCDABEFMLADCBABBF@@DFBFBHBF@FADADCHEBEBEBAF@H@FEFEFEFCLAHBJADC@C@C@CEEACBIDEBOJIJCDQFC@I@MGEAE@ABCD@BKBCHEJEPGPINCFAF@DBHBJJHHDNDPF\\BTFV@\\ATBT@PFNRKJGHMNILIJGFOHOHMJML@@CJAHALAHEHCDEDD@DFBFBDDD@D@B@DADCBEBCB@FFDDDBFBBBFCBADCFEDCDCDADAF@BABBDBDFD@@DB@BDDDBFDDBBDDDDBDBD@FBDBDBBBBDDDBDTdBDA@AD@BABADAB@DAD@DBF@HBDBF@@BD@B@D@DAD@DAD@DBB@D@DBBBBBBBNA@@B@DAF@DAD@DAD@FBF@D@D@DBB@DBB@BFBFBDD@@D@BBFDFD@DBBFDDDDBFDDDDDJDBDHHBBDDBDBDBDDFDBDDBDDDBBBB@B@@JHDB@BBFBDBD@BBF@D@BBDBBBDB\\B@BBBBB@@BBDDH@@@BBD@BDBBB@BD@BBFDB@DBFBDDDBDDDDBDBB@BDD@BBDBD@BBD@BBB@B@BBFBDDDBBBDBDDFBBBD@BBFDDBBBBBBDB@@DDHJDDDDBDDDDBBDDD@@FCLIFCJSVITAVCJC@GAIAECGQU@KFIJAJANCLCJWFOTYVMNCVCHABC@EAGISJKNBLDL@HCD@LIPWFEJ@L@FBVDXDLCHEDEBEAEEQIKAI@EDEFCHCPINMHIFGDGTON@LCJAFCDGACEKJOHCFAJDJDF@@EBEHOFMFIHCNETD\\CPE"],"encodeOffsets":[[115149,40646]]}},{"type":"Feature","id":"140622","properties":{"name":"应县","cp":[113.187505,39.559187],"childNum":1},"geometry":{"type":"Polygon","coordinates":["@@IKEG@IFGHEBMMKGG@IJKFEPGPKNOPQPODIAKAKBIDEZ@\\EJGFODGLQVG^[POHQGSAMDSLMHKXMLINERGPGVKJIFSUACAAEEK@KBU@GACEGIGOKOGGCKWAMEKIKGOSGG@KBQBI@G@OGSAOAGG@MBMEAG@QLWLICGOOGMEKGAIEIECKBKFKHKLK@SCOBMBQBWAQBE@I@UCMBKDK@OAGCQGKEEEMGIEMCKBSDODQDKDA@MDODGDCDKDKDMHKHGFBJDJDJBHEDE@BBABA@@BABCBA@CBCDCB@BA@CB@BABA@ABCBABA@A@O@EBA@A@A@A@A@A@AAEAAA@AAA@A@@AAAAA@ABAAA@AAA@A@A@@B@DADAFCBADABABGDCBA@CBA@GDIFCBCD@B@BABAD@B@@EBCDCZALGFODI@ED@FDFFBBFBDBHZDBB@BABA@ADAB@@ABAB@F@@@B@L@D@BABDBBBAFCF@DHDFF@N@BCAKKC@AFAHABC@KCGDCBABCD@B@B@B@DA@@DAB@@UXSZGL@HLV@DIFIBIDIHIDAFDFNBFD@JETGTCLCPGTCL@HTFRBL@JDFDRNHJFJBLDJFFTFRBNHJTNFPAR@PBFBFHHHJNJJLFPBX@\\DTFNDHHHJJNHHJJJJZDXETCPCNGNIVKTGTMVKJKZAXARB\\BR@LDLHPJ\\@TAVAH@FK"],"encodeOffsets":[[116116,40645]]}},{"type":"Feature","id":"140602","properties":{"name":"朔城区","cp":[112.428676,39.324525],"childNum":1},"geometry":{"type":"Polygon","coordinates":["@@NMPKNQHIJOHMJKLMLIDGBIFMDMDS@MAOAK@IBINUHOJKDIDMFSAQBS@MAE@O@@@AD@FCFE@KCEKGICAG@COGCCBCDGHKHAAC@ACEAACACAAA@A@@DCB@@ABA@AB@@C@A@C@A@AAACAA@EAA@ABGBC@ABMBAA@A@A@@BAB@DABADABAB@BA@ABA@@DC@@AK@I@ICECEA@CCA@@AGE@@CAA@KIAACAAAEAAAA@A@AAGCEACAAAC@CACAC@GAC@CAA@A@A@C@A@CBABCBA@A@EDABC@AACAA@CCCC@AEACAACA@AAAA@AAAAC@EBCBA@ABC@A@@@@CMCKEGEAQEI@MBOAMDGD@BCAYAG@KT@B@@AB@BBDBD@B@B@B@BAB@BABA@ABCBA@C@C@AAA@ABCAC@A@ABEBCBAB@BA@@B@BADABA@@B@BADAB@BAD@B@B@BKJQBSFS@YCMEMEKIMGOIMGMIOGWGKBQNQDSBOCKEUEOAA@KDMJGFIFGDODGDE@A@AEEAQBEACE@C@GDK@CAEQEIAKDEDEJAFBDBBHDJBHDDDBH@DCFGDM@MAI@MAG@GB@@CF@HDFDL@NCD@HHHFD@DC@IAAB@HAJADADEBEBGFCBKCG@EBE@EAGEICIAEDADBDFFBDDH@HCTCDEBEBEBEBGD@DBD@FBFADEFOH@FBPDRGREHIJQDSJEBSFOBQ@MAKAOCMIEKCGCIGEGCOFINEHENGJENGFMHIBGNB@JDFBNJBDADCBOFABCDAFAHAFFHDFCDEDGDQDEBIDGJCHCJ@HDDDFB@XCDB@D@DD@DAJ@JBF@FAHCBARKHEFEF@FBFBFDBBBBBH@DDBF@H@HBF@DBBHFLBDDBDBF@FDHHHDBN@F@FBHDFDFHBD@FDBDFHFBF@DAJARLVXFDHAJCFCR@PBNAFAJIFCDEDGBCDCHAF@F@D@DBB@B@B@BBBBBBB@DBD@D@BA@@BABABA@A@AB@@ABA@A@ADAFABCBEDCDCLBFBHBD@F@B@HAH@JBHBDBFBDAJBDFADCBCBABBBBBJ@HBP@J@FBH@HDFFDDABCDAB@DFDF@H@H@B@D@D@DDFBF@HAHAH@HBLDPCTMRBNAPELCPAJ@RDHBRDDHDDRJJBDBD@JCVFD@BAFIFQBCDALEDAFMFAVFXHJBDB@BCHFDJDDHDHPNBBD@LCJCHG@AP@LDNCREJDNNRTLDPDHBFD"],"encodeOffsets":[[115392,40404]]}},{"type":"Feature","id":"140621","properties":{"name":"山阴县","cp":[112.816396,39.52677],"childNum":1},"geometry":{"type":"Polygon","coordinates":["@@ROHGBGAKGKIKMKQIQMQIOEQGEKAGJILAJGLKDKJQHIHGXKREPCLIRMROROVONGNCN@LAXBR@^@TBLAHC@GDKHSDODKHSFS@IECMACEBEJCJGJCJAJE@CKU@GHKTYVW@@BA@CB@@C@A@A@ADCBADAHCLDD@BABGBED@LLDB@A@MEEGC@CDEBEAACABA@A@C@K@A@@@EBABA@@BABCB@BA@AAAYCAGACAEEACE@EFCJ@PCHEBKDYDCFA@@@ABCBA@A@ADCDAJEHCB@DAB@DAHCBABABCDABEBC@C@AAAA@ABC@AAA@O@A@GACA@AA@@A@AAC@CBA@C@@ACEEA@AAAACA@ACA@AACIACC@A@GSG[GMCOEOEOGGAUEUAWASEQEIEGEGKAKGOIKKWWOEO@MGMMIWAQAWCMCEICKAG@IEKIKECQ@MLEHGJEFKDI@@@CACAMCEAA@A@A@CAEA@B@B@D@B@DA@@BAB@BA@CD@@@BBBDBDBBBDF@BBDGBGLCHADDDPH@DBHJDLHDF@LEFEDC@@B@@@PBF@NATBRETCNCJILGPMVAJ@JBLBP@NCTCNENAJCHKJKNILGNIPGJMROLMNABDHDJBNGRINMNMRIPCDCDKDMBKASEYEcCUBOJE\\ERKPQVGRDLFJFJ@LMFODEBKBI@U@WCW@M@K@OESNCPCFEDEHCPGRSBQDKBCFBHTHZJHDJHDH@JGXGPAJGJE@O\\FJVHRDJBTFVHNDFBDHFFBFZFXDJ@JCNIDE\\EXDRALANAHCPGRMHEH@HDDHBFDRPNHBHDRDZHNHHFFJBJBFRFVGREPGHCRCVCJDDHBH@H@P\\DVAL@dARBNBJB"],"encodeOffsets":[[115529,40732]]}},{"type":"Feature","id":"140623","properties":{"name":"右玉县","cp":[112.465588,39.988812],"childNum":1},"geometry":{"type":"Polygon","coordinates":["@@@A@E@@BA@ABAAC@EBC@@@AA@CAA@A@K@@@KEKOAOJQPKLIJKBMIM[AQ@UAKGEE@A@EBA@@FAB@@A@@AAA@CAA@AAAC@A@ABABA@@B@@ABA@@BABA@A@@ACAAAC@ABCBC@@F@B@BAB@@@BA@@BA@@BABGBAB@@AB@A@@AC@EACAA@CA@@AABA@AFA@ABC@A@A@ADABADAD@BAH@B@@AB@FA@@BAB@BBFBB@@@DCBAB@BAB@D@BCB@@A@AC@A@CACACA@@C@@A@A@A@CA@@A@@@ABADA@A@A@@BAFCBA@CBC@E@ABCDEBABAFAD@FABA@GDIBG@AFCHEBOEQCKEKGI@CCMAICOEKCOCMACCQIOW[IMBOH_BODQAYEWEMISAE@GHSJMJCLCNCFADOAQCS@SBYPENEJEDEDIHEGCGAOMCQAECGGCG@GFQNOHGDMBKBQBWC[FCFMJIDI@WCYEAEEECGEAMCUGSEIAQCUGEIP[OF[DSCMFGDEJENGPAF@FE@ICICEBGDIPFLBDCHEDIBKDM@SPCHEHGJMNOJGDEDCF@FBJJLFRBFAFCFGFKDWCUCEAK@I@EFOXKJC@GDK@KCMAILJTBH@FADGBUDMDUNSZEPIXKDMDIBIBEJ@LRVDHBFBJ@HIDUDSBUJITEDKJED@@@@DH@FBBBDBBBBDDBBDBBB@@BBBBBDBB@BB@@B@@@B@@@B@@@@@B@B@B@@@B@@@@@BBB@@@B@B@@BB@B@@@BB@@@BBB@@B@@BBBB@@@B@@BB@@@@@B@B@@BB@@@B@@@B@B@@@B@@BB@@BB@@@BD@@@@BB@@@BBB@@B@@BB@@BBB@@BB@BB@@@@DB@@B@@BB@@@@@BB@@@BB@BBB@@BB@@BB@@B@@@BBB@@@BB@@B@@@B@@@@BB@@@B@@@@B@D@B@B@B@B@B@B@@@@BB@@B@@@@@BBB@@AB@@@@@B@@@@@B@@@@B@BB@@@@BB@@@@BB@@@@B@@@B@@B@@@@@@@B@@@B@@@@@B@B@@@B@@@B@@@B@B@B@@@BAB@@A@@B@@@@@BB@BB@@BB@@@B@B@B@B@@@@@B@B@B@@@@BBBBB@@BBBB@@@BB@@@@@BB@@B@@B@@BB@@@@@BB@@@@BBB@B@@B@@B@@@BB@@B@B@BB@@@@B@@B@@@@A@@B@@@@@BA@@BB@@BB@@@BB@@B@@B@@@@BBB@@@@BB@@@@BB@B@@B@@B@@BB@@B@@AB@@@B@BB@@@BB@@B@BB@@B@@BB@@B@@BB@@@B@@B@@@@BB@@B@@@B@@@B@@BB@@BBBB@@BD@@@B@@@BB@@@@BB@B@@@BB@@BB@@B@@BD@@@BBB@@@@@@D@BA@@@AB@@@@@@@B@B@@ABA@@@@BB@@@BB@@@@@B@@@@ABC@@@@D@@BB@BB@@B@@@BABAB@@@B@@@@A@@B@@@@@@@B@@@B@@@@@B@@@@D@B@B@@B@@@B@@BB@B@@@BB@@B@@BB@@@BBB@BA@@B@@@@@B@@@@@B@@@B@@B@B@@BB@@@BB@BB@B@@BB@B@@@@@BB@@@@BBB@@BB@B@B@DBB@@@BBB@@BB@@@BB@@@BB@@@BB@@B@@@BB@@B@@@BBBBB@@@B@B@D@@@@@BB@@B@@@BBB@BBB@B@@@BB@@BB@B@BBB@@BB@@BBFBD@@@DBD@BB@@@BB@@@@BBBBBBB@@@BBBBBB@@@BBBBBBB@@@BBBBB@@@AD@BADAB@BA@@BC@@BABCBAB@@@@BBBBBBBBDBBBBBBBBBBB@@B@@B@@@B@BBD@BB@@@@BBB@@BB@BBB@B@@@@@BB@@@@@BB@@BB@B@@BFBFCDB@B@B@H@FBHBB@B@F@DAFAD@J@J@HBNHFDDDDBDDHDFBPDHDFBLHDFFDFFJDPHLDJ@dFLBH@FBF@LADANGDCBCBCFCFCF@FALEFAFCFCFCDAFEDANCJAFAL@ZCJCLALCF@NIH@FCJCHAJCHCD@D@B@JAPEFAPEB@"],"encodeOffsets":[[115328,41203]]}},{"type":"Feature","id":"140624","properties":{"name":"怀仁县","cp":[113.100512,39.82079],"childNum":1},"geometry":{"type":"Polygon","coordinates":["@@FCB@BCB@BADCBCB@BABA@@DADC@@HKVSNIJKMCQAWGOIOGOBO@OE[YMQA@E@@AAAAEA@AA@AA@AAA@O@A@A@AAA@@AACAA@CBABCDGBA@ABABCBC@@BCBCBE@@BADGB@FGDABAB@HCFAB@FCFADADADCFCBADA@AB@BAB@BADAFA@AFABAB@BAB@DABAB@BCBAB@@ABAB@B@@ADCBAFE@AAAA@@ABAJI@A@CBCAA@CA@ACAACCA@@AAAAAAADE@AEAIGC@@@@ABABCCAELG@UBSB[@OIKGKCQ@[AQAWBYBILULSNSHULMJMHODSDWFYCIIIIGGIMGIGGMCSE[CW@OAKEIIIMGGEGEAOAQ@OBMEISMGQASEEECIAKEIGIQMECICK@QASEGDKBSA]@Q@WAKBM@MDMHUPQPQPQNKJODQFWLGHGJIRCLKLIHKBIJBHFLRHPFRJRNRJNLJLHLBLAHGHQPADEF@FBHLLPHN@P@PBP@PFJFHJANHLTFLDN@NBBBDBB@@BFF@BDDBBBBDBH@HBB@B@BBB@@B@B@BBB@B@@@BBB@B@D@B@D@B@FBB@BB@B@BCB@FCDAB@DAHCF@B@BB@D@B@BB@@BBBDB@BBDB@BDDD@BAB@BABAB@BABCFCFA@ADAB@BCBA@CBA@A@C@ABCBA@ADA@@D@B@BCBFF@FGL@LFFFDH@PIJEP@J@NFJ@T@XBRAH@F@JBVFJ@R@PATAPCGJ@V@P@LDH@RFRFJHPLFBNHRJLJJJLFPFJHNFNAVCZETCTCVKNMLAXAJAJIPOPMNMHAPBN@TADGHOFENB"],"encodeOffsets":[[116119,40850]]}}],"UTF8Encoding":true}