{"type":"FeatureCollection","features":[{"type":"Feature","id":"530521","properties":{"name":"施甸县","cp":[99.183758,24.730847],"childNum":1},"geometry":{"type":"Polygon","coordinates":["@@@A@@A@@@ABABAB@BCA@@CKACBCBCBAFCDABAH@BADA@@@SDGBEBABA@@DD@BDADADAB@@ACSES@A@AB@B@NBD@BA@@CI@ADAHABAJADAFAD@H@B@B@DE@A@CCA@A@AB@@AACAG@ABA@@B@BBB@DBD@B@B@B@FADCDADCDABCBA@AHAFABAD@DA@A@AGKCEACACACCCACAA@C@A@CBE@A@A@ABCBC@@AC@GACACKOACIQCE@C@E@A@A@A@I@CDI@A@CAE@AB@BCFCBCBAAEBA@ADEB@@AACAC@A@A@@DC@@@@AA@AAAAC@A@C@CBABA@@@@BA@ABC@CACCCGE@A@CBEBGAAAA@AAC@KACAAACEAEC@C@ADA@E@CAGCACAA@EACC@ABA@CEGEGECEAAA@ADO@@BAF@F@F@FBD@@ECC@A@ACEACCEA@BEBGBCBAFC@ACCEGGECCCOFIFCHEHGDEAIGCGGIESLOEW@QCOAIQMOIQ@A@@@@AKOEQYMQKIACGIB]B[CIIIOCKAMIAFUASKYQSCGSWSWaQ@CTBR@XBZCXGB@@@@EBOFKBQRORINIVMRIHQVSLINKCYA_BCBSPBBLLRRRPJLPZT\\Fb@PHLHN@VCJNPDPBPHVALBPNVNJNPGTCPCHITILHNBfMPCNARAHULQFWLMPMRGTQLSBOHS@MNGRDXCJ@B@B@BBDDDDD@DABCFABEBEBA@CDEFENGNIRAHEHADGBEBADAFAFCF@HB@@@DA@@BABAB@BAB@@AB@B@B@B@@A@@D@B@D@BA@@D@D@BAB@BBB@B@B@@@B@BDJBBBB@DBBB@@DBBDB@B@@@BBB@BDBB@FADADABEBI@AAAAAAAAAAA@CB@D@B@DB@D@B@BBBDDB@BHBBB@@AB@@A@AAA@@BBB@@BBDBD@B@BB@BB@@BDBB@B@BBB@B@@DADA@CBA@@B@F@B@@BBB@B@@DABBBB@D@DABCBEBABAB@B@BBBB@F@BA@AD@@@BBBB@B@F@BAB@D@B@BB@@B@DCDADA@AD@B@@GBA@@B@BAB@@A@ABA@ABA@@B@@A@AD@DE@@@A@@AA@@@@@@ABABA@AAA@@@@@AB@@BDA@@@CA@ABA@A@@A@C@@A@CBAB@@@BABEBA@AB@@B@@@D@@@@DDB@FB@B@B@B@B@@B@BBDB@A@A@@B@B@@A@A@@A@A@@A@@F@B@@@@@@B@BB@@@B@@@B@BB@DBDA@CD@@BB@BAB@@ABAB@B@DBBDDB@FBD@B@DBBBBDBD@BADA@EFCDADAD@BA@A@@@A@BC@@AA@@A@ABABA@AB@@A@CCAA@@@@AB@B@B@@D@@@BB@BAB@B@DBB@B@BB@B@BB@DBBBBBBDFDBBB@@DADEBABBJFHDHJDLHDLANDHHLJNJHHLLJPHPHJJDFBB@HCHGFAJ@LAFCDE@ABABE@C@@BA@C@AAAAAECA@@A@@AAE@A@@@@A@@B@D@BAB@BAB@D@BBB@BDBBBBD@B@@@BADCBABCBA@@B@BB@@@BBB@@B@D@B@BA@@@A@A@AB@B@@A@CBABA@A@E@A@A@@D@B@BBB@@DAB@@@BDBDDDD@@BCHCPAFAFCFGJSDKDKFILEP@P@LALAJAFCFCJGLGFCBE@SDMBA@AACCCAC@@@C@C@CBCB@BAHADA@CAG@@BCDEDEBE@@@CBC@AB@"],"encodeOffsets":[[101658,25427]]}},{"type":"Feature","id":"530524","properties":{"name":"昌宁县","cp":[99.612344,24.823662],"childNum":1},"geometry":{"type":"Polygon","coordinates":["@@BC@EBC@C@CAAACCE@C@@BAF@FCDAFEDEAADA@G@G@C@CBEBCJEHCHAF@BABA@ABEBELIBE@M@EBABADAHCBCBCAE@CBABABA@CAM@ABAHHTJFBD@F@F@JCFAB@DBFBDB@@B@B@FCDADCDADADAD@BABA@A@ACCECACCACC@AACBA@CBABCDADCDAD@BABABA@C@ABC@A@C@ABCBABABA@A@C@AACAACA@@A@@@A@@@@@A@AA@@@@A@A@CAE@CCC@AAAAACCAEEGCCAC@C@C@G@OA@@ACE@@@C@MCICA@ACAEEIGIEEKCKAQDO@OMQSKEGAIDI@IKEQIIMKOGQKMCOIIKEK@INSJOHKHEDCEGOGIGEKIOEMICS@QAGQCUNINKPKJEDAQG]GKCCEEWIGSKYIKGAOVGJCNERELKHSFSDIAUIQCM@MAIWCW@MAOIUKKMOOOAMDGABQDYFOCSO@Q@UAKEO[ESCMCAACAAEAIBC@ABCBABA@AAEEAACGCEECKCEAACBA@ADCHGFCBAFBDBHBF@D@FEDCBCBM@EAAAAKECC@C@@BADAF@F@DADABCDMDC@IIKAC@C@C@A@@BADA@@F@HBD@DA@@@C@CAACG@E@CAC@@EAG@GCEC@A@C@CDCFEDADCBA@E@W@EAE@C@CCAA@AAAAQFSFODMAOGIWOMQKEMCMKMEMIUESCM@KAUMGGIMCEAGIIGUQ[BWIICKAK@MECKISKMEGEOAQDM@MKCICCIAIIGKCEB@@@@MDGDKEMICIOEMDSBYFQFOFOCQF@@HLAJAVEhBJNRHFBPKTEHINKJAR@NBJCLEXQ\\CLAPEHCJ@TSPINANGHJFHHHDBJCFGHGFEDEJDPDDHFFHDD@BEDABADAHAFB@DFBDDF@B@BDD@FC@EAE@E@E@AB@@CP@BBBFBFDFHFH@DAB@BDDFBB@DBDBBH@D@FCB@B@DFDFBBDBBBD@LBD@BBBBBAHAF@D@BHFDDBD@DAD@BAB@@@@ABAB@D@D@BBDBB@BBB@@@@CD@@@B@BBDBD@BA@CF@BABBFABADEDADA@@BBF@D@BCJ@D@J@B@B@B@F@DDFJRBDLPBDBD@HBD@@ADAD@B@B@BAF@D@B@DBBBDDDBDBDBDDFHL@B@BCBC@ABEBGB@BABADCBCDCBCDEBA@A@A@C@CAA@AAA@@@AB@BBHBD@BA@@B@BDB@D@BCFA@A@G@C@EBCBIBABGBCB@BDJ@@ABC@MAA@A@@B@BFTDT@BA@CBCBCB@ACC@@ABABAFCH@T@@CBABG@ABCBEDABADADBDDL@@DB@ABABABA@@B@@@@B@BB@@@BBB@BB@@@DB@@@FABBBD@@B@B@FCBAB@@BJ@D@FCJANAHFJFFDHHJLHHLJHFLFLHJHFJJLFJJJNP@FBJCL@JDHDLDPBFBAD@DABABABA@AAE@CDCDAB@B@DH@@D@BABB@B@D@BAB@@B@@@BAFCBCD@B@@@BBBBFB@@BJ@D@BA@@B@DABCD@B@@@BDD@B@B@D@BABCD@B@BBBBBBBBDADB@BBHBB@BBDDJHB@B@FAHBF@D@B@BA@@@A@@B@B@B@@BADB@DDBB@BB@@BBB@@BB@B@B@BAB@@BD@DBD@B@B@@BB@B@BBB@BBBA@BB@F@B@B@B@DBB@@@BBB@@BD@D@B@B@@@B@BBB@J@HBHFJHPHLDFJRJR@JDbBFFLBDABAB@BAH@DADABADCDAF@DAD@B@@@BBBB@DBB@B@@@@ABAFABABCHKBAD@D@@@BB@D@B@@HBF@D@F@H@@@DD@@BBD@D@B@BBB@BBHDDBB@B@BABABCBCDGDEBADAD@FAF@BAFADANIDAB@H@D@JAH@BAB@DAJAHAF@DAB@JEHED@DAFADCBCJIFCFCFCDCDCDABCDCBA@AB@BBB@B@BBD@B@BBB@@@@@B@@A@@BA@ABABADAD@@@BABBB@BBB@B@@@B@BAB@@ABA@AHGFEBABAB@@@BABABA@@B@FBB@@@DA@@F@F@B@D@B@BBDB@BB@DAD@@@D@DBDBBBDBBBB@BBB@FBBB@@@BB@B@@@@@@D@@BB@BBB@BABCDCD@B@BBB@@B@D@B@@B@D@B@BBB@BB@F@@@DB@BDABBBB@BD@@@B@D@BADAB@B@B@B@DADAB@BBBD@@D@@@B@@@@AB@AA@A@@@@BA@@@@@AB@@@B@BB@@@B@BBBBB@@B@@@B@BB@@B@@@B@F@D@B@B@B@@@@@B@@@B@B@B@@@D@@@D@F@B@B@B@B@B@BBB@@@B@@@D@@@B@@B@@B@B@@@B@B@@BB@BA@@B@B@B@B@@@@@@@B@B@B@B@@DBFBD@FBD@B@B@DADADAB@B@BBBBBBB@BBB@DBBBDBBB@@BBB@B@D@DBDDBBD@@BBDDBDDDFFDDB@@BBDDDBBBBDBBBBB@BADCHAF@BAB@B@D@DA@@FBB@@@BFDFBFDDDDBDB@@BA@@B@BDDDDBB@FDBBD@F@DAB@D@F@F@DBDBDBB@B@FBDBBBDBDBF@FBB@BBDDDBDDB@"],"encodeOffsets":[[102327,25810]]}},{"type":"Feature","id":"530523","properties":{"name":"龙陵县","cp":[98.693567,24.591912],"childNum":1},"geometry":{"type":"Polygon","coordinates":["@@AB@@@@@BA@@@@@@BA@@@A@@@A@@@@@A@@B@@A@@@@AA@@@A@@@A@@@A@@@@@AB@@@@A@@B@@@@AB@@@@AB@@@@@BA@@@@B@@@@@@@BA@@@A@@@A@@@@@@@@BA@@@@@ABA@@@A@@@@@A@@@A@@@A@@@@@A@@B@@@@@@@@B@BB@B@B@BAD@BBB@BBB@B@DBBBD@DBDBDBB@D@D@BBB@DABA@ABA@AB@B@B@D@BBD@B@DBD@D@D@DBBBBDBB@BBDBB@B@DBB@BBDBBBBBDBBBFBDBD@DBBBDBDDBBBBBBBB@B@DAB@BABA@AD@BADBBAB@D@BADADAF@FAD@DAD@@CBA@ADABCBCDADCBADCD@DCB@F@B@B@BB@BBBB@B@B@DAD@D@D@BCD@DAF@F@DBDBDBBBDBDBDBD@DBDBBBB@D@D@DBD@@@@@DDBB@FBDBDDBH@B@BA@@BDH@BABABA@@BA@ABC@ADAB@B@BBBBB@DBBBD@B@DBB@DBDBBD@B@BBBB@BA@@B@DBF@B@BC@A@A@ABEDCDAD@BBD@BABABA@AB@B@BFH@DAB@DABABA@ABABABA@CBCB@B@B@BBB@B@DAB@BA@ABCDEBCDC@CBCD@B@DBBBBBBB@@@D@BB@@BB@B@BA@AB@B@BAB@B@D@@BB@BABABAB@@AD@BADCBADABAB@DBBBB@@@BD@BAB@D@BBBBBB@BBBBBBBD@BBBBBD@DBD@BBDBBBFBBBDDBBBB@BBDBBBB@DBB@DBBB@BDBBDBB@B@BABA@A@A@A@ABABABCBC@A@@ACBADAH@JCDEFABGB@BA@AB@B@B@DBB@B@BG@A@@BBFADEBMDABADAB@F@DBBFFB@BBFBHBFBBB@@ADABADAB@D@DADAB@DABABABABA@A@EDCBA@AAGAAA@@AA@AA@@@A@ABA@AAA@@@A@CDA@AB@AA@AAA@@@ABAB@BA@ADABABC@C@E@CAC@AAABCBAFADA@CBEBC@ABCBCBA@AAA@C@CBA@A@C@CAEC@@GCA@@@CACACAC@ABA@A@A@AAA@A@ABCBA@E@C@CAA@GGACCACAAAA@@@ABA@AACAACA@CAE@CACAGEACAA@@@@A@ABA@AAA@CAI@C@AACAIEAAA@ABA@C@AACB@@CBKFCBA@A@@@AAAA@@E@CAECCAC@AAACACC@A@@@@@ABAJ@B@@BB@@B@BB@@@BA@ABADABA@@BAAA@CCAA@@@@@BBHDJ@B@B@B@B@@DB@@D@B@B@B@@@@B@BABEDAB@B@@BB@BA@A@AB@@@B@@BBB@@@@B@@A@ABA@@BBF@B@@ABEFIFCBEBCBABAB@@@@BBD@@B@B@BCBCDABADAD@@@B@BBBB@BB@@@@@BA@A@A@CDA@ABC@C@A@AB@B@D@B@@@@EBC@A@@B@@BBBB@BAD@@CB@@@B@B@B@B@B@@A@C@@@E@KHCBCBA@AAEEAAA@C@A@@BA@@BBBB@@@@D@@@BBB@B@@@B@B@@A@@BA@@@@B@@@B@@@@@B@@BB@@BBB@BBB@BBB@@B@B@BBB@B@@@BB@B@BBB@B@B@BAB@@@B@@@B@@B@@@@@B@@@B@@@BDBBD@BD@@BBB@BB@B@B@D@@@B@B@DBB@BBFBBBB@B@D@BABAD@D@JGJGNGPCT@XBTBREXOLMLIPGTGPAVETANBNBZDLLPRJJNFALDLDHDD@@@@DF@@@@@@PLJHBXCNBLFLDLDLETOPGPIZ@LKTKNAN@^HJLFLNDBNLNNFVV@TC\\KR@B@DDFBFBFADAB@DAFBDBFDB@J@B@DAB@B@BBB@D@BBAF@D@BB@J@BA@CDUBCBEDEBEBCHIDABAB@DBPFJF@@BB@@@B@B@@@@B@@@BB@@@BB@D@BBB@D@@@BBDB@@BBD@B@B@D@D@@@B@D@@@B@D@B@@@@@@B@B@@B@@BB@B@BBDBBBDBBBB@D@@@BBBBBABBD@B@@AB@@@FCDB@@H@B@F@HAD@HAH@DABA@C@C@EBEBAH@FADCBCBCBW@K@CBAL@BABA@C@EBABAB@BADA@@BCA@CAC@@ABEBABBD@DA@@BAB@B@DAB@B@BAB@DA@@D@B@B@BBBB@@L@BB@BB@B@DDFBBBBBBDDBB@@BDBB@FAFABADEBA@CCCCCAC@A@A@ADICWHQNMT@PGTARKHSNQNOXKREVKBGBQDMNOAeGMJKJSDGDOHSMOMIMUAOBKGUAOCOMODI@UGMGK@OEaS[OYIKQOQQKKAATODA`AZBLDJMTKRUJGNQJUJMPQRQLAPEFA@@@@HADWAY@WAQDSR@XbXTHTTDZRTLVBBE@OMIGAMIIKAOIMSOSMQKMIOOCAAAC@G@EAA@AAAACICEAGCCCAA@CAEBC@IBC@CB@@@@@@CAC@C@KEKEICEACAC@@@C@EBEBIBGBE@C@A@AA@A@@@CBCBC@C@CAA@ACCECCAC@GAC@CAAAG@GA@@CACAC@E@C@C@CAE@CACAA@CCCAE@CAAAAAACC@CCCAAAC@C@EAC@AAAAECA@A@E@E@CAGAC@MEC@E@G@EACACAAACGACEGCCACGCCAAACACCKGGCAA@@ACCCCACEGEEGACCAIGGAEAGAEAE@EBCBA@CBGBIDCBA@IAE@E@EAE@E@E@EAE@C@E@E@G@GAGAEAECE@CAE@C@E@CBCBCBABCAA@CAA@AAA@C@C@C@ABGBG@G@E@CACAACAAAA"],"encodeOffsets":[[101079,24701]]}},{"type":"Feature","id":"530502","properties":{"name":"隆阳区","cp":[99.165825,25.112144],"childNum":1},"geometry":{"type":"Polygon","coordinates":["@@@AB@B@B@B@B@B@D@@@BA@@BA@BB@B@B@@@B@FA@@B@@@BB@@B@@@@B@@@B@B@@B@BB@ABABC@C@EAC@ECC@@AACCAEAICA@AB@DCHABA@AAC@GAG@AAAABCBA@@@AABC@EDGBABC@@ACC@A@AC@ABC@E@C@C@C@ABADCB@DALBBBBBHBB@DAF@F@F@F@D@F@B@FBB@@DDDB@@BB@BBF@DADABIBEBA@CB@BCBC@ABCBABCBABADADCBAD@BABABC@E@C@C@A@ABA@ABA@@@A@@AAAACAAAECCCAAAA@A@A@C@ABABCBA@A@AAAAACA@A@ABADCBABA@ADCBABAB@DCBA@ABEBADCBC@ABCBA@CBABA@@B@D@DBDBD@BBD@B@D@B@B@B@B@DBDBBBD@BBDB@@H@D@B@B@BB@@@B@@BB@@B@D@B@@BDD@BDB@@DBDBB@@@BD@BBBBBB@BBDBBBBBDABBD@DBFDD@BBB@@BB@@B@BCB@@AD@BA@@BABAD@BA@@B@BCF@@@D@D@BB@@BB@B@BBF@B@DBB@B@B@B@B@FBB@B@B@DABAB@@A@A@A@ABA@@B@B@B@BAB@B@B@@AB@@@@A@@@A@A@@@A@@B@@BBBBB@BB@@BB@@BDFBB@@D@@@FDBD@@@@B@B@B@DAB@FB@@@@BBDBBDB@BBBB@FBFBD@BBBDBDBFBDBD@F@FBDAD@BBB@B@BBBAD@D@B@@@B@BBBBB@B@B@DABCDAB@DAB@DADAB@BAF@BAB@@ADCBC@@@@@AB@DADCDA@@BADEBA@A@@B@DABAF@F@DBDBB@@AB@BABE@@BAFAD@BAD@D@F@@BF@FBB@BBB@DA@A@A@AACCCAAAC@E@CDEAA@A@@BCBCBCBCDCBCBABCBADAB@BA@CBAB@@A@CBCBC@ABCDCB@DAB@@ABABABA@A@@@C@AACACECA@@AAACC@AA@@AAAAC@A@A@A@C@EBE@EBC@A@C@CBA@A@@BA@A@@@@@A@C@A@AAA@A@@@@AA@AA@AAA@EBC@A@ABABA@C@AAABABA@A@@BA@A@A@C@CBCBCBABABAB@BABA@A@A@C@A@@BA@AB@@ECEDABADA@A@A@AAA@A@A@C@A@@@A@@A@@AE@A@@BADA@ABCBC@ADC@@@A@A@CBE@C@EBC@C@I@A@CB@B@BBB@BABABA@C@A@A@AAC@@AAA@AAA@ABA@ABABABC@C@@@AAAA@A@ABCDA@AAE@ABABA@ADEBAD@DA@ABA@AFEDCDCDCBABABABE@ABCBABABC@CBEBCBCBCDCDCDCBABA@@BA@A@ABC@CBCDCBABEBADEB@DCBCBABABABABADAD@D@B@F@D@B@B@B@@@D@B@B@B@DCDAFEBCDABCBE@ABC@@@A@@@A@A@@@AAA@ABCBABCBABEBEBABC@CBADABCDG@@BE@@BCBABCDCBAB@BADC@ABAFABABA@A@ABABEDCDADADCFABADEBADABA@ABAD@BADADABA@CDCDADCDCDCDCBABABCBADCBADADC@A@@BCB@BABABCBEBC@CBABCB@FCDABABCBADABAD@DCDA@ADAB@BCBA@@FCDAB@DA@ABCBABAA@A@CAA@AA@A@@@ABC@CBEDCBCBABC@CBG@ABABAACEKAECa@IIQIQCEGKGOEIAG@G@IAA@A@A@@@A@A@CAC@@AA@A@@AA@C@A@A@A@EAAB@AA@AAA@A@AAA@@@A@AAC@CAC@@BA@A@A@AAA@@AA@AA@@AAACCA@BC@AA@A@A@@@@B@@ABA@C@E@GAEBA@A@IGCCAAA@GAAAA@BCACAAAAAA@A@ADCBA@A@C@A@ACC@A@@@ADCBA@C@AB@@A@CAI@@EAAAAA@@A@C@ADEDAB@@A@@@BA@A@C@AAAABC@@@CGA@A@CBCD@DBF@BABABABCBC@ABAECOCKCG@IDKAI@EMOIIEIIKEIIGKGKEGEKIGGIKGGECIEGEMBIBEDC@I@@AA@ABEDA@A@@@ACAAEB@@A@@C@@AAA@AA@@A@@AA@@BAD@D@@AFCFCFAD@@BH@DCBGBABA@AD@D@D@D@@BDDDBD@BABCN@TAFEDKHIHEDEDIBKBKBO@O@KFEJCLCLITEHEDEBOBGDAD@@CCCCCA@A@@BA@CA@AAA@C@@@@B@B@F@BABAB@D@BA@A@@B@B@B@@ABA@C@A@@@AA@A@@AAA@@@ABADABCDAB@@A@C@AAAAACA@AAC@A@ABA@ABC@A@@@@B@@B@F@BB@@@BB@FDBBBB@B@DAB@@@DAFAB@BCFEDKBI@EBGHGDA@EAICGIGOIOKKGGMIKIGGMCKBGCCKGIGCIEAAABCFCB@@AACACEAAAAAA@CAAA@A@@A@AAA@C@ABA@AAA@@C@@@@A@ABA@@@@BBDDB@@@BAB@BABAB@@@BB@@ADB@@@B@B@@ABCBCDCFEB@BC@AACACAACAA@C@EAA@CCAA@C@ABABA@@BA@AAA@@DCB@AC@CAAA@@@A@@@A@@A@A@@@@A@E@@@@BB@B@@@@B@BA@A@@@@B@BCAAAA@@@@A@A@A@AEAA@CC@@@@@C@@@AA@@BABAFAB@@A@AB@D@BD@B@@@@BAB@BDB@@B@AC@@BA@@@@B@BBB@BABA@@@@@@BB@@@B@@CFC@@B@BA@@@AB@BAB@B@BA@ABA@@@AB@HA@C@@BCBCBCDA@@@AAA@C@A@ABE@A@A@AA@A@@BCB@@A@EAAAAA@A@ABABAFADCBC@A@AABA@CA@A@AA@@@A@E@AB@DAB@BC@CA@A@AAA@A@CA@AA@@AAAA@C@CAAA@@AA@AB@BBB@@@BA@@AAGA@ACAACAAA@C@A@@C@A@CDAB@BBBBBBBBBBJ@FABABCBC@EAAACA@AA@@A@A@ACCA@@AACAA@AAIAACA@@@A@A@A@AAA@ABC@C@@@ABC@A@C@@@@BA@A@A@A@@BA@ABA@ABAB@@CB@@A@@GDEBEBEBCFAHABCFGBGJQHMFMFEDCCA@AA@CAACAAAAEACCA@A@@AAAK@@@AAAAA@A@C@@@CBA@ABA@A@CBA@A@AB@@CBC@AAABAF@BD@DBB@AD@@CBABA@ABAB@F@DABABK@AB@D@LAXADADCDEBG@ABAF@F@D@DABCBG@GBC@GBE@A@G@@@CAED@@A@@BA@C@AAABAAAA@@C@A@AACAAACAAAA@A@@AA@@@@A@A@@@@A@C@A@@@C@A@@@C@C@A@A@C@AA@@CAAA@@C@A@AAC@A@@A@@AA@@A@@@@@@A@A@@AA@@IEOECAA@ABCBGJADAFCFAFADCV@DAB@DAN@P@RBR@NCNIT@LAPBPB@@@@@D\\ALBLGRCPHJBHCPENALARETBNDRFRAXALGNCLOHIFCHEN@JANFJJRDNCHAPITARLTHLFNDJELGHEDIHCFDP@RAJDLFXHRDN@VBJENCR@N@NBPBP@LFHBDFPFJHJBJEXATFNHPANHNFLDJ@LCLAN@RBLBRBNFNHLFLALALALCR@BADADCD@DAFBFDFDFBDBF@D@FBD@FBF@D@DCBABCBCDABCD@B@DDBB@B@BADAD@DAF@FAB@HAFAD@JBDBDBHFDDDBHBD@J@H@DAD@HAD@DAFAFAD@DAF@F@D@D@H@HCF@DBB@BAB@BAB@B@@B@@@BAB@BAB@F@HBD@DBBF@D@B@B@BFFJBD@D@FADCFAB@D@BBBDDFD@BBBBBBDBBBD@D@D@BADEDCDEDA@ABCBC@ADCDAD@BABBBAB@B@BAB@DBBFBBBF@B@FADCB@DBD@BD@A@@@@@@B@@A@@BA@@@@BAB@B@@@BABA@@B@B@@@BA@@BAB@@@B@B@@@BB@@@@BA@@B@B@@@B@@@B@@@BA@@D@B@BB@@@@BABBB@@@BB@BB@@@@@B@@@@@@@BB@@@@B@BBB@B@@@BB@@@@@B@B@@BB@@B@@A@@B@@BB@B@BA@@B@@@@B@B@@B@@@@@B@B@B@B@B@D@D@B@@@B@@@B@@@B@B@@ABB@@@@@@B@B@@B@@D@@ABB@@@@DBB@@@B@@@@@B@B@BADCB@B@@@DAB@B@@@D@B@@@D@B@@@@@B@@B@@@@@@@@@@B@@@DAB@BABADAD@@@B@B@B@B@B@"],"encodeOffsets":[[101364,26247]]}},{"type":"Feature","id":"530581","properties":{"name":"腾冲市","cp":[98.497292,25.01757],"childNum":1},"geometry":{"type":"Polygon","coordinates":["@@A@A@CA@C@ADCBADCDABADA@C@CAE@EAC@E@CAEACCECEAEBE@CDCBCBC@ADQBKBKBKEKGKEMAMAQAK@QBMDK@KCIEKGMBMGOEMBSFWAIGIEIEOACEG@KAOAO@M@MDQFMAI@UCMGQEWCKBI@QCODEJGFCHGFKCIEMGKKSBQJSBODGCMIQEIBM@IFMDGJEPGDKHMBKBWEQCQAMFSBQBKFMDOAGGIDOHQAKBKC[@@@@A@AOBO@KJSDM@MAQ@Q@OBM@CI@A@@A@CBEAAC@A@AAA@A@CBA@I@A@ECCAEACBA@CBEBEAEACCA@Q@[LSDU@EUMMMKCAKMKEGI@]BMLMLS@KJYHOPOFSCKCKEKAKDMAWIGOK@@@@@@CE@@@@CCCGCKBKMEIIOQKKYCMAMASBUFOBSHOHKJKNWPQFSAWAS@ODMHIHIHC@C@ABABC@A@A@CB@TGTABCBE@ABABAD@FNXHN@HEHAF@NADABC@I@C@EDABADAD@B@D@DABAD@BADABCBADAD@B@DBBBDDBDBFFDBD@B@D@BBD@BBB@B@D@@AB@D@B@DBBBB@B@B@D@D@D@D@D@DBDBDBDBDDBDBDBDBDBDDBBBDBBBBBDBDB@@JLDBDBF@J@FABAFCD@P@D@BAD@BAD@FBDBD@D@@ADAACBAB@B@@@BADAB@@@@@D@B@@BBB@FAD@HHH@F@B@BCDAB@BBBB@DDBB@BAB@@ABA@AB@@@@ABADABCBADADABADABADAD@DADAD@BADABADAB@D@BBB@D@B@D@B@DAD@B@D@B@D@D@B@D@DAB@D@BADAB@DABADC@ABA@C@ABABC@C@ABC@A@C@E@C@C@CAC@CAA@C@C@AAAA@AB@@A@CBAACA@AAA@C@C@CBCBABA@AAA@AAC@A@@@AAACA@A@A@@@CBC@C@CGA@AACCAACCECICCAC@ABCBABAB@D@BBBBBBDBBBB@@BHADABCFABA@@@ABABCBA@E@EAE@E@EBCBEBAACACACBC@AAACCACAEAA@A@ABA@@B@FBFBBABIBA@AAEEEKA@A@IBCBEAABG@C@ACCCA@@@CDABDF@B@BABGDKHCBA@@@@A@ABCAAAAGBIFCD@BABADAB@D@BBB@B@@BBB@@B@@A@CB@@@@@B@@@B@B@BDD@B@@GFA@@B@BABEDA@@BA@AAA@@@@@@B@BBBB@@@B@BA@@BAB@B@DBBA@@BCDEDAD@BAB@B@@B@@@D@FAD@DABABC@@BA@@@ABABA@CAAAA@@AAA@@A@@@@@A@EBA@@BBD@FBDBBDB@D@@EDEBC@CAECMMWQCACAC@G@G@E@E@EAAA@@@@CAEGGEEAA@AAAAACAGA@A@A@CB@BCBEBGFADCFAFAHAF@H@BBBD@DAB@B@@B@B@BABMNCDA@EDEBA@ADBH@JHdAD@HCD@B@B@BBFBF@B^pFHBBDBBDBDBDBFBF@DBPFTDHHFFHJBBBBB@B@FELADCFCFAFGJCBEBEB@@CACAEAAAAAECA@AACACBADCHA@AB@@EDCBGFCDCBEFCBA@AB@BABCDAB@@@BABAD@BADABCDA@C@C@A@@@C@C@C@AB@BA@@BA@A@A@@@AB@@A@@B@BBD@@ABBBAB@B@B@@ABCB@@A@@BA@@BAB@BADABAB@@@@@BB@@BB@@B@@@@@BABABA@@B@BBB@@@B@@ABABA@@B@@BB@@DBB@@BB@@B@B@B@BB@BD@@BDBB@@BD@@B@B@B@BBB@@B@@@B@B@@@B@@@@D@@@@@@B@B@@BB@@@B@B@@AB@B@@@BDBBDBDDDBB@BBD@B@BA@@DAD@BA@ABA@@B@D@@AD@B@@@D@FBB@@B@@B@@@B@B@@BFBDBBBB@B@@@D@B@@@BBD@BA@CBCDCBEBCDEBCBEBEDEDADADEBAAA@A@ABABADAD@BBFCFADADCBEBCBCBABEBC@E@EACACAC@A@C@CBCBCBCBADCDADAD@D@F@D@F@DABCDABCBADABBDBD@B@D@D@BC@A@C@C@C@ABCBAD@BAD@B@BABAD@BBB@B@DHFDJHLBNBJAL@bDHF@NEFAPCNENCLDFJBDFVDNBR@XG@ADHFJVBP@LAJAHCLEHGNGLGNGNELADFHJFbHPHFH@LDJPJLLHHDNDPCJELCNCPCPELGPCJJFLAJCLGFGNAJ@HBPALCPAL@TAVIJGLGLGPQFIHGHIJOHQFKFEN@JRN\\JHnNL@HFHBHFLRBB@@BBD@BBB@D@B@B@D@@@B@BA@@DBD@DAD@B@BAB@@@@B@@@B@B@FFHDNFT@FAH@L@TAVDVHHDH^NNFNBL@PBFJJTDJCN@NGLCLDNHLLJHNHFDJANCLAHDNNRHHHJHNHBFHFDLHFFFJFJHJFHRHN@RBPANELMHEJGNKNITKLCREPEJEPAHBDJHFPLLFTEHDBL@JDNHJHHB@DBFBFBFDDFDDBFBBB@D@D@DABAD@BCBA@CBC@CBA@CBABADCBADABABC@AACAC@AACAC@EAC@CCACAAA@C@AAAEAA@CAACAA@CBABADA@CBCBCBCBC@ABC@CBCBADADCBADADABCDAD@D@B@FADADACE@AACCEACAEAC@CBABA@C@EACAC@A@ADADAD@BADADADABADCAEBA@CBCBE@C@C@CCAACCCCCAA@C@CBADADABAFABCBEBADCDCBADCDABE@EAA@EACACACCEACAAACCC@EBCBKAG@EACBCFCDCDCBCBCAGAGCECIAC@EAEAEAEAGAGAEAGAE@EBEDEBEDCDCD@D@B@B@@@B@@A@A@I@@@C@C"],"encodeOffsets":[[101138,26169]]}}],"UTF8Encoding":true}