{"type":"FeatureCollection","features":[{"type":"Feature","id":"532601","properties":{"name":"文山市","cp":[104.244277,23.369216],"childNum":1},"geometry":{"type":"Polygon","coordinates":["@@ABABAD@@AD@@ABAF@D@DCF@FHLHNEjCHGJGLBDFFJDLFDN@LGLKLMFGFDFHDFHBJBJAHCFCAK@KAEDCDDJLPHL@@@BA@A@A@CACCEBIBG@I@CDCFCFEBEAECCAIAGAE@GBICGAE@ADBLFJ@FADEDKFIDCDBFDB\\JBFDHD@PBB@BBAB@@ABA@@BAD@B@@BBFDHFJHHFJFJJJLFJDH@JDBBJ@N@FBDHHFBJDFBBBBHBdADABGFAD@BFDBDJJHBHALGPGPELAJBHBBFBR@NBJDFFBHBJAHADA@@BADCB@LKLAXFLFNJLFNLPLNFLDL@RGLAL@RB@@B@JDD@PDF@HELGPGF@DBDFDF@L@JEFCD@D@DBDFBHAD@DDBDF@N@DHDFDBF@LCH@H@JALCBCHGHCLENGLENGPIJGJEJINQFKFMFIHKLCLALCLILCPALELEHEDKDIDMAOCMDGDQBSAODGIKMKOIIIGO@I@KDEFGHINGLGJEJCLCPCJ@RBNBN@TDNDL@PCNGNEP@PDN@LANELIPOPINIBICQGGEIHELCLGHQFEBOCQEKIQ@KHILGLOJCPCLELIJGLMBI@@@@@@DEFSDMCEACCICGCOEIEIIIIGMAO@OBKAGC@EH@DAHCFCHEDCRKLEVENKECEGGIGICGKKGIEKCIEMIOIGIGOEQEOEQEQQGKKIOKQIMG@@@@A@UGAA@@@@QCOCIDEHAFALBLAFCDC@GAMIMGKCI@GBQFMBOBO@QCOAKCUCSIIGGCK@GBQHMBSDOFSJMFQJQJOBKCKGQKMKOKOKCCGGMKOOOCMEUAMAMCC@A@A@CACAA@AAAB@BA@AB@@@BA@@BA@ABABAB@D@@@F@B@@@B@@@B@B@B@B@D@B@@@D@D@B@BA@@B@BAB@B@B@BB@@BB@@@@B@B@@BBB@@B@@BBAD@B@B@@BB@B@@@B@BAB@B@B@BB@@BB@@@B@@B@B@B@@ABA@A@A@AB@@@B@@BD@@@B@BABA@A@CBADA@A@@B@@ABBFABAB@BA@@BBB@B@B@BA@@@@BABAD@@ABAB@@ABAB@B@B@@A@@@EFCDA@@BA@@B@B@@@BBB@DAB@@@BCBCDAB@B@BA@@D@@BF@B@B@@@B@@@BBB@@@@@BBDA@@@@B@@BB@@@@@@@BBB@@AB@BA@@BB@BBBD@BABA@@B@@BBBB@@@BA@@B@@AB@@@BBB@D@BBBB@@@B@@B@@B@BB@@BB@BB@B@BBBBB@D@@@BBBBB@BB@@B@BB@B@B@BB@@BB@@@@@B@@B@@@B@BB@@BB@@BBBA@@B@B@B@B@BB@@BA@@B@@@@@B@@@@@@@@A@A@@@@@A@@B@@@B@@ABBBAB@@@B@@@@@@A@A@@@A@@BB@@@@B@@A@ABABA@@@AB@@@@@B@@B@@@@@@B@@A@@@@B@@@@BB@@@@AB@@BB@@AB@@@BA@ABAB@@@@A@@B@@@B@@@B@@@@@B@BAB@@@B@@@@B@@BA@@@A@@BA@@@@B@@@BAB@BA@AB@@AB@@@@@@@B@@A@@B@@@@A@@B@@B@AB@@@B@@@@@B@@@@@B@@@B@@B@@B@@@@AB@@A@@@AA@@ABAB@@ABA@@BAB@@@D@@@@@BA@C@@B@@A@@@@@A@A@A@A@A@@@@@AB@@A@@B@@@@@@@@AB@@@BAB@@@@A@@@@@A@@@@@A@ADCB@@@@AB@@@@@BA@@B@@AB@@ABCBABCBC@E@C@E@CBCBABCAGBC@CBCBABCBCDC@EBCDCD@DCBADCBABABA@@@A@C@ECCCACACAAACCAAA"],"encodeOffsets":[[106308,23899]]}},{"type":"Feature","id":"532622","properties":{"name":"砚山县","cp":[104.343989,23.612301],"childNum":1},"geometry":{"type":"Polygon","coordinates":["@@LAJEFIBMCGAKDIAIEGGIMCKCICCECQ@IDGBEJGBCFAH@LDLHLBJ@H@B@JAHAHAFEDC@CBIDMDIBIDGFEFCFCDED@LBHDDAACBK@ECECACGBEDCD@JDH@BEFICAACBAPKB@FEHCHAFCDCBE@GDADBFFDBHGFAHDJDN@JCFCBGCGACIEAE@CHA@@FABA@EAECCEAMCG@CCCCAQ@EAEACA@@ACEGECACCCOCIBO@MFMDKFGJEN@NBJ@FEFICIIKGKEKCMDOFSFQHONIHIJOJEJEFAHAAIFKFIJGFM@GCICIIGIGOIOKMEOIMCKAKCGCCIBKFMHMFMDGDEBC@CAEMCQAOASBOCYCSAQ@MAMAE@K@I@ICEKEKCKEOGIGCO@M@EBIEEKGOGMCMGEGGECGE@@@@A@ODIDGBICGEIIEGGGGCGAGBIAICEECI@GDMAEEIEGEEGIEEAGCNETCF@@@@@@AJKNIHKJKFODIDKPKHGJ@LJRFLDRAPEFGRKHKDGFFJHHDRAJMJOJOPKJMFKBM@OCO@MFMHODK@MCSCM@MAQAI@ODKDIDIFKHMHGJEHCF@L@JHPJJPJNLJLCHBPATCRCHDNBPCNCJCLGFKFKFOBKDKJKDKBKDGLEJENELMRIJIFIHOJMHKFMHKFGDGHADKDIBG@G@KDE@CACECGM@E@ACCCC@GBEAAC@C@CDCFE@I@KCECECAE@OHKHGFE@OCC@ICA@@@QAK@KBQHK@KCMEOKMKKEMIKEWEKBKLA@CDAB@@CBGBIBGAEACEAI@MAQAEGAIAKBOFOHKHGBGAIIACEC@ABCHEBABCAcAGAAEAICEAGGAC@E@MAICA@ICGEIIKIIIEGEIGGEECAA@@@ABC@AA@I@G@EBAB@BCHGHEBIAICIGGCEG@C@ECEIUCACBGDMJC@KCAAGGGI@@CAIGIEKCMBA@G@GDIJCFAB@@@FAFABCBIFSNULCFAJ@RBJAJCHCDCHBBDDDBN@DBHBHDJ@BBFDBH@BRJFHDF@HDHHLTR@BDDBD@HBFJLHJFJAHCJBJCDEBGDEFCH@D@D@HF@F@CHCB@FDDBDBD@DAFCBED@DBBDDBDABCJANIHDFDJADICAACDEFGJHFFFFFDFDJBHBJAH@L@LBFDDBHBH@H@F@DFHDFABEAE@G@A@ADBHHFD@BABADB@FBD@@BLFHDHHHBF@H@FAHCFADDFHDLBP@FBFDBBBF@FDBFAFDNFFDDBABJ@F@FCHAJAD@LILGNMNGHEF@FBH@FBFFDFDLDJHFNNNHbLF@F@DABADABCBEDKBEDCHAJBDDHCBCDAHBF@HCLDFABEFEBG@ECGEECEEIII@EBGBCJCLARCV@R@RJLLPHNBNDNALAJCHIHKHQDMBMDKBIBKBEFEJ@NCPARENCLDRFRBT@LGNCJEHGDKDMFIPGPGD@F@DBD@FAHGFCLANDLDFF@FAFCDMJCD@DBFJH@FADBFDBD@DBDJDDVTJHJBFBDB@BCJ@DHDJ@HBJBBFAFEFAL@J@HCDMHALGBCBBFJHD@\\BN@L@FDFDBHJBFDHAFCH@HDFFfTFBJBV@H@BADCDAJBR@RCRERCNAREPCLAL@NDRLTJLLHLHFRHPDJHNRHJJJPJJJHLBHFNNLHDPHBFDHDFDHDDXBPCV@NANELKDGDIDI@GHGFAH@H@LDHD"],"encodeOffsets":[[107054,24529]]}},{"type":"Feature","id":"532624","properties":{"name":"麻栗坡县","cp":[104.701899,23.124202],"childNum":1},"geometry":{"type":"Polygon","coordinates":["@@@I@CBAFGFCF@DAF@FCBC@@@CGCKCIG@@AGCMHORKFGB@B@FABAB@J@ZCJ@@FFBJMDCECK@G@IEBC@MKM@A@EDOFIDKNEPCVANAF@GKAECGGGGMMMKMGEeAGIDSBKGSIUMOAMAQCIEII@MBSDODSLOFQBSK_MUKMGQGOIMAOACHGJCDMJG@OAKIIGKGSCgkWMWCQCEKASCCoDKAGCEEEEAMCICU@KEGCIE@I@CFAJGBIAKDEDCFKTgIMEGIAKBSEOCWEIIAM@MBOEQCMEEEGIEDCLIDMAIMBUFeNGDG@K@[JIBECO@KLIFQDOHQDMLSLMJENGDMBKBOEUOMOMSCMAMGKEKGMGOCKAMCIEKOO]G_QIOAOAGGBQFQBQCEWCUDU@QCMCMCK@KHILKHMBK@KBKDM@A@BHHRLPLPPFHF@N@J@H@@@BCFADABADJJT\\AJEBE@IEKEE@EBGBIDADIHK@K@CAQDQBOFKDGHCH@@CDAD@DDHFJ@FAJAFAHEACBI@CFCBGFCDCFBF@D@FAJ@FCB@HBF@FADBBDDDBNAFBFBHDDBFD@B@DGHCDELADBD@FBDAFDBDDBNHNIB[DENFN@LU@KF@LBPBHFNDHLJLHJHDJ@NGVENCJAHBDHHNJRHLFLDLFJBF@DCBECKEGIG@CBEHALAP@J@PDFL@JBNAJFJLBNDTDLFPPJNNNF@HAHGLQHOHKFKFIHCLEFAL@LLLNFRDPPTNTHPHNDLBHCFIDADBBJ@BLBPAZKRBRFNDNDNJPVLHLLFRGLIPETHJTHTLBNBB@@BFJBBD@D@D@B@DBHHFFTBFAJ@J@VHFBFAHCFEDCBAD@DBBBFDBBF@N@THBHCDBFGLAJDNLJNHLDLFJBLD@HEDOBM@SBIBGNCHGNMFMDYHIHCF@FBHJFJBJDHJDHDLFJ@H@JAFE@BVAJBBDBBDBB@BAFHBBBHHBBD@DCDAPABA@CAEBCDAB@B@JLDJFFHFH@LAPINKTIJCPENEPCLCNEDALCDAFBDL@TAL@JHPNNHBPGPILANCVCTEDAN@RDRBVEJILKRETGTAXGLEPGDGLE"],"encodeOffsets":[[107762,24059]]}},{"type":"Feature","id":"532626","properties":{"name":"丘北县","cp":[104.194366,24.040982],"childNum":1},"geometry":{"type":"Polygon","coordinates":["@@A@CAC@A@CC@@C@@A@A@AA@WMMGSCM@T{FmPg@EMKK@@@@IK@@@@GEISDQJOdSTSJQEQEQIQIOIKIOCMCS@W@SDS@QBKBSJUJSBEB@@CBCF@RAHDD@BAC@@ABE@@A@EDAAC@CA@@@ADAJ@BABC@@AKC@CDA@C@@CAAEAACDEDEF@FBBBF@BADCD@BCBABAB@JSBC@M@ICIBMBGBICAE@GBGDKBIACEGGBGGCKCG@G@EBGH@HCJCJCHKLMFMBU@ODWACCCGCECGAEOGGCMKEMAGGKIIOIIIGIMQIGOCQGGEGKKKSIQKMCK@KBODQFMBQDQFQDQ@IACBCDABG@U@IAEAeSEEGCG@EDGBECIAAGECECK@M@[AC@IGAEDAHABKNGDC@G@IBKFEBEAEIAGAI@GC@CDI@ACAEAIAIGUSCCCICAC@CAAEBC@EIGAE@CDCNIDCBE@EEEKCMCKBEDGHEBC@CAE@C@OHOHEJCNCLGHIFMDKHS@QAQEKCMDQFOBMDI@EFAFALAJCLANCNGRGLGJIDKBMBMCMAOGKKQIQ@U@QDKBIDADAH@FJJFJDFFFDH@FAHEFAFEBKCGDE@GACBADGDCCIAGBCDAFCLAFADCBABCBE@E@aKMGMMGECICKCEEEEAG@EAE@GFMHMNKHKJC@IBGBEDE@I@ABEBADBDBDDH@DADCDEDEBGFCD@@CFAD\\R@JGJEHCDGAKGCAC@AB@@CDILEDCDGDGJGHGDED[HAAE@@B@@@@BB@@@@B@B@BDDB@@@B@@@B@B@@BBFDBB@D@BAB@BABAB@B@DAB@BCDA@EDCBABABABAB@B@B@@ABAB@@AB@D@BABABA@ABAAABA@ABAB@B@@@BBBABABABCBABAB@@@BABADABCBCDCBABA@ABCDABA@AB@B@BAB@@ABA@@BABCD@@@BCBAB@@A@AB@BB@@B@BBB@DBD@BABAB@B@BABBD@D@BAB@DA@@@ABBB@@AB@BABA@A@@BAD@@BB@@@B@@@BAB@B@B@D@BBBBDB@@BBB@B@B@@@DBDBBBB@B@DDDBDBBDBBBB@BB@B@@AB@B@@@BB@@BBBDBBDBBBBDDBBDBBBDBBB@@BBB@B@BBBBB@FBB@B@DBDBBBB@DBBBDBBBBDBB@@@B@BAB@B@@ADA@@BAB@BBB@BBD@BBB@DB@@BBBBB@DDB@BBBBBBBBDBBBBDBDB@@BBB@DBB@B@@BB@FBB@DBDBB@FDDDDBD@BBB@BBB@@@D@B@D@B@BADAD@BAD@B@B@D@@@B@@@BBBB@@BB@@BD@BBD@B@@@DBB@@@D@B@BBB@B@D@BBB@@@@BBBAB@@@BABABCDAB@DAB@D@D@BADBD@DAB@D@D@B@F@B@D@BBB@BBF@B@B@B@BBBBD@DBD@B@B@D@D@FBB@BBB@BAD@D@D@B@B@BAD@D@DBBBDDDBDF@BBDBD@DBB@DAB@D@@@B@@@BBB@DDD@BBD@B@D@BCFAD@B@B@B@BBB@@BBB@@@FBDBF@FBDBDBFDB@DBB@@B@@@B@B@B@B@B@BBBD@BBDBBB@@BBBD@BABAD@B@B@B@B@DAB@B@B@B@B@@B@@@B@BD@D@B@B@BADAB@D@B@DB@@BBB@@@@BBDBD@DBD@FBDBDDDBDBBBBD@B@D@BA@@BBBB@BDDDBDBD@B@B@@@@BBBBB@@@@@BB@@AB@B@@BDBB@B@D@DB@@BBBFBBBBDBB@D@BBBBBBDBD@BBDBBBBD@B@F@D@D@DBDBB@D@DB@@BB@D@BBDBBBBBBDBBBB@BBDBB@BDB@DBD@DAB@B@@BFDBB@B@BBBB@@DADBB@BBBDBBB@BBBDDBBFFHHBB@DBDBBBBDBBBBBBDBDBDDBBBBDDDDDDBFBD@DDBBDBDBDBBBDBDBB@B@BADAF@B@DAFADAFAD@D@BBBB@@BB@@DFDFBBDDDBDBB@B@B@D@D@B@D@DAFADAFCB@FADAB@D@BABCBC@@BABCDADABAB@BCBCBCBCBABAD@D@F@F@BBB@DBFDDBDBDBFBFDFBDBD@@BF@DBDBD@B@B@BBHBDDFBDDB@DBFBDBFBD@FBB@FBB@BBD@BBDBDDBBBBFAHC@EBEJ@`LH@B@D@DBDBFBB@FABC@ABABAD@@AFEDCFEFENWHOHCHCDCDGHIFEDE@GQWIEIG@@@E@C@C@CAC@ADCBCDABAD@BDBDBBFBDBB@BC@CD@H@FBDAD@BCFABCDAB@BBBBBDD@BBD@BA@ADBBFFHHBJ@JCJGFCLMJEHAF@DFHHBBFBD@D@FADADBDBDBBDDDD@RDL@HD@F@F@FHDJFPBJCLBJBP@H@HBJDL@J@H@LJ@H@HCDGJ@@@BAB@DABAB@BBBD@D@BBDB@D@D@BADADBBBBDBF@D@DBFBFBDDDBBBB@D@FBBBD@DBFBDBDBBDB@DBD@D@D@B@@ABCBAB@FBFBHBFBF@F@F@HBF@FBF@DAFADADABAF@F@DADAF@@BBFCHCHAF@FBDDBFAPCJ@J@LBDDDFFRFFBDF@@@BA@AAC@A@A@C@A@CBABCBABABA@CBC@CBA@AAC@AAACA"],"encodeOffsets":[[107080,25030]]}},{"type":"Feature","id":"532623","properties":{"name":"西畴县","cp":[104.675711,23.437439],"childNum":1},"geometry":{"type":"Polygon","coordinates":["@@@AAAACCAAABIAUF@BE@I@GEICKCGGIICIAIEAG@EDEJGZGNCNEHMDGHMJATAN@PAFC@GKCIAKEKCMGKICMBIHKAEDCAGSGM@E@AAECAACAC@ABCDEFGDEBEAUGI@I@EBSAEEGGCAA@C@C@C@AAEI@AA@MAKAGSISSGOFKJQHKEGKUKIOCMCMEMAQLQBYAOAKI@AABCJCDEAGCKGMGOMSOSCOEQKMKKK@EBKFGDEJELGLGPKRGHGBE@MMIMOOKESCMCKAEIBIAM@IEKOCI@O@KBGBAF@DJHFHDLAFCDE@IAKEKCKEQGMIGGACBGDIFMHU@MCIIGKGKICGEMAGAO@KEBKFWRDNDTMFQHALANINIIUAO@O@M@]JDH@@@@FRFPHPFXBRAR@RITMJODOFMLGNCBMLUFKFQLCDGFEDGDCBG@@FHDLBPAP@NBJHJJFJFJDPDHDJBDDFBHFFHJFFFHFJBFCN@HDJFFJDJBHAHBHDHHFHJJHFJDHAJCPCB@@@@@HFFDHHHFDNHNHPFLJFFAN@P@HDHJFPDLFLFLJDJ@L@F@NBNBR@TBZDPDTAPBRBNDBF@DADCFCHENGNENALDJHDLDLBNDPJNFPLPJJHJHDJDJ@HENIHEJELBJDFDFFHDFFJHDLDLBJAR@HF@JBJFFFFFALOHMLGTIZAVCPATGLKJI^KVCTANEHA@@HAD@DABAFE@ABA@ABC@AAG@EBABABBBADABCFCBADA@@BCBCBAHC"],"encodeOffsets":[[107453,24092]]}},{"type":"Feature","id":"532625","properties":{"name":"马关县","cp":[104.398619,23.011723],"childNum":1},"geometry":{"type":"Polygon","coordinates":["@@DAHMNKPEPCNIJS@QBQAQEWGOEOEQ@@@@CG^IN@P@P@VBJJJMBMBKRGNECSCMXQLEFALEV@@KEMFM\\CJAGMAMCCCABEAC@EACBCFKDCHG@C@AECCAGCEAEAMBCACCAABC@EAE@GDA@EBI@E@CAEDEDCHEDADEJ@DAFBBGBEBI@EEICG@CBCDC@@DGHGLCPERARCDBL@L@JGBCJCHAFAF@LFJFF@FABIS[IIBCBABCDE@A@@@G@I@MGEOEKOKOGQAGIB@A@@@@B@@@@A@@@@@A@@A@@@@@@@A@@@@@@A@@@@@@@@BA@@@@@@@@B@@@@@@@B@@@B@@@@A@@@@@A@@@@@@BA@@@@@@@@@@B@@@@@@@B@@@@A@@A@@@AA@@@@@@@@@@@@BA@@@@@@@@A@@A@@@@A@@@@A@@@A@@@@@@@@A@@@@A@@@@@@@@@AB@@@@A@@@@A@@@@@@@AB@@AB@BA@@@A@@@@@@@@@@A@@BA@@@@@AAA@A@@@AA@AA@@AAAA@@@@@B@@AB@@@@A@@@@B@@@@@@@BA@@@@AAA@@A@@@@A@@AB@@A@@@A@@@A@A@A@@@@AA@@A@@A@@@A@AB@@@@@@A@@BB@@B@@@@@B@@@B@@@@B@@@AB@@@B@@@B@@@@@@B@BB@@B@@@B@@@@@@@@@@@AB@@A@BB@@@@@@@@@@@@B@B@@@B@@@@@B@@@@@@@@@AB@@@@@@B@@@@B@@@@@@@@@@@@@@AB@@@@B@@B@@@BAB@@@@A@@@@BA@@@@B@@@@AB@@@B@@@@AB@@@@@B@@@@@@@@A@@@@B@B@@@@@BA@@@B@@B@@@@@@@B@@@@@@@@A@@@@@@@@BB@@B@@@@@@@B@@A@@@@@@@@@@@A@@@AB@@@@@BA@@@@@A@@@@@@@@@@B@@@@@@A@I@E@E@I@KEGIEIOIQCKCSIMKCUGOOKSECEAMEEYIMISMIIOIOCSGOEQGGIMOEOCKGKU@MEEIKIMAMDIHOLKH@B@B@B@B@D@B@DABAD@BABAB@BA@A@A@ABABABC@ABA@ABABAB@@C@ABABA@C@C@C@C@CAEAE@E@EBA@CBABABABCBCBABEBEBABA@ABA@A@AAC@A@A@C@AB@@AB@B@BBD@B@B@B@B@BAB@BADABA@@BABABAB@@ABABABABAB@BA@@B@B@B@B@B@@@B@@AB@B@B@BABA@@BB@@BB@@B@D@@BB@BBB@B@B@B@BBB@@@BBB@BBB@B@B@BBD@DBB@DBB@@BBABB@@BBBB@@B@@@BAB@BB@BB@B@@@B@@@BA@@B@BA@@BBB@BBB@BDBBD@@@D@@BFBA@B@@@BDBDHDDBB@B@D@BBB@BAD@B@DAD@BCF@@@DAB@H@B@@CDCDA@EB@@CD@@A@EDCDABA@C@C@CAAAECC@AAEAA@AAA@A@@AA@G@EDCFGFC@CAE@CAIGEEIKACGCEACEACIGEAI@GDCD@HBFDBBJ@F@H@HAF@@@@A@@@IIEE@AA@CACBEAECE@CBIFCJALAFAFABGBCD@DBF@D@@@F@DCBEAACIAMBEACGAG@EAGAAABEAIGI@IO@C@CAECEACCECCEEAECEAE@EI@GCEACACCLCFACAGEM@CDC@EBC@G@@FCHAHCDIBEAECCACGBCAECCECACDE@EDE@EH@DBFDDA@EEGEC@EBADAHFBC@COOEKAABE@ABIBAAA@AA@AC@C@A@@@@EGAEAAEAEEEKAC@B@BCFCBEAICAG@A@AB@@A@A@CAC@EBG@C@C@C@@@@@@CCCCAECECEEECCECCAC@E@ECE@C@ECAAE@EDGHCDEBG@GBGAEAC@IECEAEBE@GAEGAUBQHMLIRCJBB@B@B@D@B@BAB@BAB@@@B@@@@B@B@@@@BBD@@BBB@BB@@BBBB@BDB@BBBBBBB@BB@BBB@@@BB@B@@@B@B@B@@AFABADAB@BAB@BAD@DAD@B@BAB@@ADADABA@@B@B@B@B@B@BAB@B@@AD@B@B@B@B@B@BAB@@@BBB@@@D@@@BBDBB@BBB@B@BBD@@BB@D@B@@@B@B@@@B@@@BABABABA@@BA@ABCBA@ABA@@B@@ABAB@BA@@@@BBB@@BBBB@@DBD@B@B@DADADAD@B@B@B@B@BBB@B@BB@BB@DFBB@@B@@B@BBFBB@B@@@DBB@B@BBBBB@BAB@B@D@@BB@B@B@@@BBB@B@@@B@B@B@B@@B@@BA@@@@B@BAD@B@@@BAB@B@BBB@@@B@BAB@B@B@@BB@@BB@@@B@@AB@BA@@B@F@BAD@BAB@B@BAB@B@B@@BDB@@BDD@@@B@B@BAD@BAB@B@DAB@BAB@B@B@@BB@B@BA@@BC@A@@BABADA@@B@DBBB@@DDB@BBB@B@@FJ@BDBDBB@DB@@B@BBDD@B@BBB@B@@BB@DDD@@@DB@BDB@BBBBBBBBBBB@B@DBB@B@B@@@B@@@B@B@@@@@BB@BB@@B@B@B@D@B@@@B@B@BBB@BBBABAB@@@BB@@B@@@D@B@BB@@B@BAB@B@@@FBB@B@D@BBB@@@BBBFJ@B@B@B@@@D@@BD@B@D@BBBA@AB@B@BABABAB@BAB@BABABA@AB@B@B@BA@@BA@@@@B@@@@@BA@@@ABABAB@D@@@@ABAFAB@B@D@@ABABABABA@AB@D@B@D@B@D@B@DAB@B@BBB@DBBB@DBBBBBDFBB@B@B@B@BABCBAB@B@B@B@BDDBFBDDDBFB@@BABBBB@DBDBB@B@D@NDNBVBNFPDPPNLHHDDPLPLNLRLLHLDPARIRINETIPETCNARGHAL@HDJHTJVDLDPBRDP@PANAREHAJ@LDNHNJHBD@DCBEAKBKBEFGJCPDRD@@@@BBVHB@@@@@NHRJPLLJHLRRRFPFRFPFJHJHJPFNDJFLHJLLDHHJHJFHFD"],"encodeOffsets":[[106931,23796]]}},{"type":"Feature","id":"532627","properties":{"name":"广南县","cp":[105.056684,24.050272],"childNum":1},"geometry":{"type":"Polygon","coordinates":["@@B@BBB@DBBBDBDBB@D@D@B@D@BAB@@@@AB@F@B@D@HBD@F@BA@A@CBCB@B@FADSDGDC@AAAMECAEKCEEKAABC@@@@D@D@JAFCJCB@DAD@FAJAB@LGPKJCFGLKJIJKJILEJINCNBLFFHFLBLALAVCLCTCLEPCPERANAN@F@DBBDD@BBF@@BBB@BBBBDLBFBDB@BBF@D@JFD@FCDADADADAB@HEHADADBBFA\\@FDBBBD@HBHBF@BADABABABCBE@@DAJGFCRARALBN@PBRDJBJAJCRAPGVGRANAPENAJAJCJGHEFGJIJCRAPDPDL@RBL@NFNHHHDHHJLFNFFBVBPBJBN@FAB@BC@C@CBE@@@@@@@@B@@@@@B@@AB@@A@@@@B@@@@@@B@@@@BA@@@@AA@@@@B@@@@@@@@@@BB@@@@@@@@A@@@@@@@@@@B@@@@@BA@@@@@B@@@@@@@@@@@@B@@@@@@@@@@@@@B@@@@@@@@@@@@@B@@@@@@A@@@@B@@@@@@@@@@B@@B@@@@@@@B@@@@B@@@@B@@@@@B@@A@@@@@A@@@@@@@@@@@@@@@@@@B@@@@A@@B@@@@@@B@@B@@@@@@A@@B@@@@@@@B@@@BA@@BA@@@@@@B@@@B@@@@AB@@A@@@@B@@@@@@@@@B@@A@@@@@@@@@@B@@@@@B@@AB@@@@@@@@A@@@@@@@@@@BA@@@B@@@@@@B@@A@@@@@@@@B@@@@@@@@@@@B@@@@@@@@@B@@@@@@@@@@@B@@@@@@@@@@@@@@@B@@@@@@@@@B@@@@@B@@@@@B@@@@@@@B@@A@@@@BA@@@@B@@@@@@@B@@@@A@@@@@@B@@@BA@@@@B@@@@@@@@@B@@A@@@@B@@@@@@@B@@@B@@@@@B@B@@ABA@MEMEMAIBIHKJGJANDVDHBNAHERKNKLGLGNEJEJKFGBG@M@@CECCAACEC@GCGEEGIKAGDEFCBG@CAAE@G@EBC@IM@CBAD@H@DAHIJKFEDCAE@AAA@@A@AA@C@ADAD@H@JBH@DADCFCBGDM@ILYFGDADABBDBDDB@F@DBF@B@B@DC@AAEAABCBCBADFD@DABA@C@GAGCK@GACAAA@@IACAACAC@AA@I@KCCEAEAG@C@AACCCCCB@F@HADABABG@AAACAACBABCBCAABC@@A@CAACBADC@ABAC@C@CAEEGAEBCD@D@B@BC@EAAAAA@@C@ADC@A@CACBCFEJCDCDEHUDKJEHGHGFCHEHADADCBEBEDCFEJALAHCDAFGBCBADADADBDBBB@BHADAH@HBF@DBB@BDFLFDD@@B@D@DCBCBE@CDCBAF@BCBC@ABABED@N@BD@H@FADAD@DFDJDFDFDBDADAF@H@JFJDH@@@FEJKBC@A@CBCDCBA@C@ADABBBBBA@BD@JEDC@IHCF@H@F@JMHAFBD@D@BABEBCFGD@DCD@BAF@DBD@DABGFMDIFIHEFEPCPCNALAH@@@FCDAFAFBF@F@FCFADCBADAD@F@BABAFCJ@FAB@DADBBAHEFCFCDCBCDCBCBA@E@ABEAC@GBCBECO@KIIBMDMDGFGF@JBHBL@H@DAHABABA@C@A@A@AFEFILIBABEBCBADAB@DAB@@A@AAGACA@@AEAQEECGIAAEAECACAA@C@A@C@AA@A@C@EAG@C@E@A@C@IDE@EEIEK@GAICUEIGECCGAE@CDA@EBADAJABA@ABAD@FBFABABA@AAEAEDI@CFCFCBC@EBADCD@FBXHNBF@DAFCDCBA@A@AAA@CBCDC@A@@@AAAAAACBAHCB@@C@C@CCC@A@C@A@ABCB@BADAFAF@DADABCBA@A@AAAIACAGGGE@EBABCLEFEDGB@B@D@DBD@BABCBADADABAB@B@BABA@A@AB@DD@D@DDBD@BADCHBB@BAB@@CEGBCBA@AACAAAC@A@CBEFCBADADBD@D@BADCHCFAB@BBB@D@B@B@@ABC@C@CACACAAAACAC@A@E@E@CACAECE@CAwCOAIAEG@@EAAAACAA@ABCBADABAB@BA@A@A@AGEIQGECCAE@GBG@AEAACAEAAKECC@A@I@KBIAE@EAAACACA@AAEAEAGCIAC@G@CAAABE@EECAACBABABO@C@ABADAD@BADABC@A@IDC@C@A@@AABCA@ACA@CDEBCBEEEC@E@EBC@DE@ECAE@@AACA@AAGCECG@EBEBEDABCBA@ECCCACCAGBAFEFIDCBA@EBEDIFEBEDCBCHGDEJ@@ODOFGFKBMACA@CBEFGDG@IBKCO@M@IBKBIDK@KGAKCKAICQCQBGDKHGJEJEJCHOJEFMDOBIBGAGEGGEQAK@KDODMHMHIN[@CDA@ABA@GEI@@QCKFCHOHKFWHSBSHQFKLIJUFQAQCM@CBSFUDMDKBOJOHGAMMGO@IBK@SCKEACBKDCBMFKDODMFOFIDSJMLOJKBG@GEEECIIKA@A@CBADBF@DABOBCBCDC@AAGGAAGABEGDABADAD@@CBABEDADCBABAAABAB@FBH@BAD@BAB@BEFABCBC@GB@@GBMFSBUD]LIJKLSHOBUDYBSJKHGNKPEBEEEEAI@IGEQ@IBKAKCGCEICEEGCECEGBEBIFIFIPGJMJGPERETCPDNFLHLJLDJEJEFI@MAM@IFEHCLEN@NAPDJDPDDDBHFDF@BB@BDBF@FBRDDDDH@NDFBDDBF@FABEB@@GB@DBFJFBDDHAHEDIDM@ICGCEBGHCAEECACB@HAFCDEDGBGDEFA@OLABBDDBEJAFG@ICC@CDAFDHDBDF@FALBDCBGCKAC@CFEDEDEFCHAJCJCNAJ@DCDEFGBGBIBA@G@I@KAKGKCG@EBADIHAFCH@JDRDFJDLDNDHJFHBJCJBLDHANEJIFKBAHHHDFJBLAHCHAF@DBAJAHANDJ@J@NADITA@ABABADC@CDABE@AAEAE@CFCFBDFBBB@DD@B@DCD@BL@@ADABI@CB@B@@DBD@BBFCB@@@AF@BD@ABC@GCQBE@AD@DA@AFITIVATAL@RCT@T@XDTDNJPJLJPJRFRFRIRSTcTIPCRJTHF@@@@JL@@@@LLFN@OhEnS|@DNHTNNXB@@B@B@BD@@@DDB@D@DBB@B@BA@A@CBA@@BA@ABC@A@ABC@A@C@A@ABC@ABA@ABCB@DA"],"encodeOffsets":[[107092,25004]]}},{"type":"Feature","id":"532628","properties":{"name":"富宁县","cp":[105.62856,23.626494],"childNum":1},"geometry":{"type":"Polygon","coordinates":["@@B@F@B@B@B@@@B@BAB@DA@@B@F@B@B@@@@@BDBB@BB@@@B@BB@@B@@B@BB@@B@@BBB@B@B@B@DAB@B@BAB@B@@@D@B@B@@AB@@@B@@AB@B@@@B@@BB@B@@@B@@@BCBA@A@@B@B@B@@AB@BAFCBA@A@A@A@A@@AA@A@AB@@A@A@C@ADC@C@@CI@C@A@@DADA@@B@B@@B@G@IBQFQHSBCAGAEAGDQBADGFIDCFAFBDHFBJ@FAHBFBJH@BB@FHLHDJFLLHHBJANCPAHCJCN@LFJFJFLFHFP@JALANCJELGFKCIIIEE@@ECCEAGAGDEFCHEF@PHFBLAHDFBD@JCDAD@JDFBDDDFBHDHFJ@DAF@FDBHAFBFEFEDALAH@BCFED@FBFCDCDAHBFDFHBJFL@BAB@FBFDH@DEFBFAJALALAJDLHLFHJJHFJBR@PGNELGH@FAFANDJDDFD@PDNDJFHBH@BAB@@@AAA@EAA@C@CAAA@A@A@ABABABADADCBA@ABC@ABCBCBADCBAFBF@DBDDD@D@@@BA@A@@@A@@@@@@@@B@@@@@B@D@B@BA@@@A@@B@@A@@@AB@@@@AB@@@B@@@B@@AB@@@B@@@@AB@@@B@@A@@B@@AB@@@B@@@B@@@@@B@@@B@@AB@@@B@@@@@BADIDO@QA@@A@A@A@ABC@A@EAE@A@@BA@A@A@@@A@@BA@@BEDCNGJEFG@EFCF@B@HFF@DADCHGBCBE@CGY@C@A@@@A@A@AA@A@@AABC@A@A@AA@@@A@@ACAAAA@@@A@@B@BAB@BABAB@@AB@@@B@@BB@@@B@B@B@B@B@B@BA@@BA@A@@B@@A@@BCBA@@@@B@@@BA@@B@BCBA@ABABA@A@@@A@@@AB@B@BA@@BCHIHGJCFEFGDIDIDM@MDIBE@AB@D@B@B@@@@A@@@ABABA@@BA@@BABADABA@ABABAB@@A@@BC@A@C@A@AB@@AB@@@B@@AA@@A@@AA@@A@@A@A@@@A@@DELILENCL@JALCFEDGAKIEK@IBIAGAJMJMDIPO@G@MCCOGKEMBOCKAUOGGCECG@IDMBODO@MBSDMJQJKFK@Q@KEKCGCQAO@O@SEOEQEMGSGOIKGMGMAIBKDIDGHANIJIBICECAGCOEICGIGOEMEKMKM@MGEEEKCIIOAIACACEEICIAMAMAICGAIGKGECEKGKIKIGKGI@EBIL@FDFDJJHDJ@FAHCDEFKHKBODKBMBIDKFOJIJK@IAKGECGEG@GFEFCJALEJGHKFKBK@MAO@OAOEQGSIIGIGCIAI@M@MASCGGEI@MAO@O@MCMCMEEEAIIIEIIKGIIGKGIEMKMKGEIGGCIBGDID@@CDC@A@EBA@CB@@ACEGAAAACBKBGBKBI@IAEAGAAA@@NEB@D@FBJALEFEJCBCDAB@@BB@B@B@FEFC@C@E@C@ABADAD@HAFAF@DADCBCBCAAAAAACACEAACAC@A@C@GDE@CA@AAA@C@CBABADAF@DBF@FCHIFABCBAB@DCFE@CBA@CAAAAC@AACAE@EDA@ABAAEGAAC@CBGDCD@B@D@DFJBBAD@BIFABAFC@ABC@C@GAA@E@EAA@@E@E@AAAA@CACCC@EBCAIEEGCCECC@CBABA@@@AA@AACCA@@@A@CBABAB@@A@@@AAAA@A@KBA@GAC@C@E@CAA@AE@@AAAAA@AACIKOMMGIGOCOAKEGOEKEOAMCGGAG@KFODI@E@AB@BA@@BA@@BABA@@@ABAB@@AB@BA@AB@@A@@BA@@@@@@@AB@@@@@@A@@@A@@@A@@BA@@@AB@@A@@BAB@@@@@BABAB@CAECAC@@@A@A@@B@A@ACAA@GSBGBGNIDG@OHKHGTAROREPEHGHGHGBEDIFIHELEN@JALCHILKHGBG@EECKIEMCKDIJWdI@A@CBEDABEBABCBCD@BA@AH@@@BCDABCDCD@BA@@BABCD@BA@AB@BA@@B@@AB@@@BA@@B@@AB@@AB@D@B@B@B@@@@@BAB@B@@@@@B@B@B@B@BBB@@@B@BABBB@B@BABAB@BABAB@BA@ABCBABABABA@ABABA@ADCB@BA@@@AB@@A@@BABAB@DAB@B@BA@AB@@@BA@A@A@@@CA@AA@ACAAAA@ACAAA@@AAAAA@A@A@A@@@@@E@MBUBODMFCLEJCP@F@BLN@NADJFH@L@FDCDINEA@EI@YDI@A@ABEBA@A@EHQLGPDNBH@@JHLDHD@D@@ADEDE@CBE@EDEHAB@D@JRD@@FJ@HAB@BCB@DM\\GJGNCNCP@LBLFRHHHFHBJAPANCFEPIDGFIFIHILGHCRARDJDLBLDHB@LCLAJAL@J@NDPAL@JCHEHAF@DDBNBLAHEPEPC@@FIHCDGDAFCFAJEFCFAB@DAJCFEBEHADBBDDDFDB@DABAFCFAFAH@FDHDBBB@BD@BF@DB@FCFD@FAF@D@FFAFADCF@DDB@BDBBA@BB@D@D@JCB@D@BABC@ABCBCBAD@P@BABADABBFD@FAFBBDBH@D@JBHDFBFBBBB@BDBDBB@FBFAJ@L@J@BDDLFBBBFBDFB@BAH@HBFDDHFJRHF@B@B@BABA@ABCBABAD@BBBBDBBFB@@FHJBPBxDDBF@FDDBDBF@F@B@D@DBBBBBBDBD@D@DAD@BA@A@C@A@AAA@EBGDCDABC@C@CACBABEDAF@D@BBDBBBD@BABADFH@DA@ABA@GACDABC@CA@C@CCCA@@B@BABABA@A@ABCBCBABADABC@CAC@A@A@CHEFKFADAB@FHFHHDBJBBB@B@BABADCBCBE@EBCBABA@AD@B@B@D@BDD@D@D@DA@GDABBDBBBB@B@@@BCDAD@DBB@B@BABCDEDCBE@MAWGEAC@CDAB@FADEDED@DCJBFBF@BABABEBEAC@AB@BABIBCBAB@FCB@DBFDHFDJHVFJDHBL@JFFFF@JCD@B@F@D@H@FBD@B@B@@B@D@B@DBBBDFDFBBBHJFDRFFB@BB@BDBH@B@BA@CBA@CBABADAFABKJEJEF@B@B@B@DABABGBCBG@K@GAIAE@EHCHCNANJJ@LDPAFAD@HBDAF@B@FABADCDADCDEDEDGFABBBBBDFDDB@F@D@F@BB@B@D@F@F@@ABADEJ@BAB@@BB@@@@@@BB@B@@@@@@BD@BBBB@@B@@@B@D@D@F@B@BB@@BBBDFDDBB@B@B@B@@BB@BBB@H@B@B@B@B@B@@@BA@@B@@@B@D@@@B@D@B@@@@BB@@@@@B@B@B@@@@@BBD@BBB@@@B@@@@@BB@@@@B@@B@@BBB@@BBBBBBB@BB@BB@BBBB@@BB@@@B@BAB@@CD@BAB@D@@@B@D@BBBB@@BB@B@B@B@B@B@B@BA@@D@@@BAB@BABABABA@@B@B@@@B@B@@@BBB@BBBBBBB@BBB@BBB@@@B@B@B@B@BBB@B@B@BB@@B@@@B@@@"],"encodeOffsets":[[108104,24711]]}}],"UTF8Encoding":true}